16:24:15.606 [debug] Child {XPLoggerFileBackend, :general_log} of Supervisor Logger.Backends.Supervisor started
Pid: #PID<0.103.0>
Start Call: Logger.Backends.Watcher.start_link({{XPLoggerFileBackend, :general_log}, {XPLoggerFileBackend, :general_log}})
Restart: :transient
Shutdown: 5000
Type: :worker
16:24:15.606 [info] Child Logger.Backends.Supervisor of Supervisor Logger.Backends.Internal started
Pid: #PID<0.102.0>
Start Call: Logger.Backends.Supervisor.start_link([{XPLoggerFileBackend, :general_log}])
Restart: :permanent
Shutdown: :infinity
Type: :supervisor
16:24:15.606 [info] Child Logger.Backends.Internal of Supervisor Logger.Supervisor started
Pid: #PID<0.98.0>
Start Call: Logger.Backends.Internal.start_link([])
Restart: :permanent
Shutdown: :infinity
Type: :supervisor
16:24:15.606 [info] Application logger started at :nonode@nohost
16:24:15.606 [info] Application xp_mime started at :nonode@nohost
16:24:15.606 [info] Application xp_hpax started at :nonode@nohost
16:24:15.606 [info] Application crypto started at :nonode@nohost
16:24:15.606 [info] Application asn1 started at :nonode@nohost
16:24:15.606 [info] Application public_key started at :nonode@nohost
16:24:15.607 [debug] Child :ssl_handler of Supervisor :logger_sup started
Pid: #PID<0.108.0>
Start Call: :logger_olp.start_link(:logger_std_h_ssl_handler, :logger_h_common, %{id: :ssl_handler, module: :logger_std_h, config: %{type: :standard_io, filesync_repeat_interval: :no_repeat}, level: :debug, filter_default: :stop, filters: [], formatter: {:ssl_logger, %{}}}, %{})
Restart: :temporary
Shutdown: 2000
Type: :worker
16:24:15.609 [info] Child :ssl_pem_cache of Supervisor :ssl_admin_sup started
Pid: #PID<0.112.0>
Start Call: :ssl_pem_cache.start_link([])
Restart: :permanent
Shutdown: 4000
Type: :worker
16:24:15.611 [info] Child :ssl_manager of Supervisor :ssl_admin_sup started
Pid: #PID<0.113.0>
Start Call: :ssl_manager.start_link([])
Restart: :permanent
Shutdown: 4000
Type: :worker
16:24:15.611 [info] Child :tls_client_ticket_store of Supervisor :ssl_admin_sup started
Pid: #PID<0.114.0>
Start Call: :tls_client_ticket_store.start_link(1000, 7200)
Restart: :permanent
Shutdown: 4000
Type: :worker
16:24:15.611 [info] Child :ssl_admin_sup of Supervisor :ssl_sup started
Pid: #PID<0.111.0>
Start Call: :ssl_admin_sup.start_link()
Restart: :permanent
Shutdown: 4000
Type: :supervisor
16:24:15.612 [info] Child :tls_connection_sup of Supervisor :tls_sup started
Pid: #PID<0.117.0>
Start Call: :tls_connection_sup.start_link()
Restart: :permanent
Shutdown: 4000
Type: :supervisor
16:24:15.613 [info] Child :ssl_listen_tracker_sup of Supervisor :tls_server_sup started
Pid: #PID<0.119.0>
Start Call: :ssl_listen_tracker_sup.start_link()
Restart: :permanent
Shutdown: 4000
Type: :supervisor
16:24:15.613 [info] Child :tls_server_session_ticket of Supervisor :tls_server_sup started
Pid: #PID<0.120.0>
Start Call: :tls_server_session_ticket_sup.start_link()
Restart: :permanent
Shutdown: 4000
Type: :supervisor
16:24:15.613 [info] Child :ssl_server_session_cache_sup of Supervisor :tls_server_sup started
Pid: #PID<0.121.0>
Start Call: :ssl_server_session_cache_sup.start_link()
Restart: :permanent
Shutdown: 4000
Type: :supervisor
16:24:15.614 [info] Child :ssl_upgrade_server_session_cache_sup of Supervisor :tls_server_sup started
Pid: #PID<0.122.0>
Start Call: :ssl_upgrade_server_session_cache_sup.start_link()
Restart: :permanent
Shutdown: 4000
Type: :supervisor
16:24:15.614 [info] Child :tls_server_sup of Supervisor :tls_sup started
Pid: #PID<0.118.0>
Start Call: :tls_server_sup.start_link()
Restart: :permanent
Shutdown: 4000
Type: :supervisor
16:24:15.614 [info] Child :tls_sup of Supervisor :ssl_connection_sup started
Pid: #PID<0.116.0>
Start Call: :tls_sup.start_link()
Restart: :permanent
Shutdown: 4000
Type: :supervisor
16:24:15.615 [info] Child :dtls_connection_sup of Supervisor :dtls_sup started
Pid: #PID<0.124.0>
Start Call: :dtls_connection_sup.start_link()
Restart: :permanent
Shutdown: 4000
Type: :supervisor
16:24:15.616 [info] Child :dtls_listener_sup of Supervisor :dtls_server_sup started
Pid: #PID<0.126.0>
Start Call: :dtls_listener_sup.start_link()
Restart: :permanent
Shutdown: 4000
Type: :supervisor
16:24:15.616 [info] Child :dtls_server_session_cache_sup of Supervisor :dtls_server_sup started
Pid: #PID<0.127.0>
Start Call: :dtls_server_session_cache_sup.start_link()
Restart: :permanent
Shutdown: 4000
Type: :supervisor
16:24:15.616 [info] Child :dtls_server_sup of Supervisor :dtls_sup started
Pid: #PID<0.125.0>
Start Call: :dtls_server_sup.start_link()
Restart: :permanent
Shutdown: 4000
Type: :supervisor
16:24:15.616 [info] Child :dtls_sup of Supervisor :ssl_connection_sup started
Pid: #PID<0.123.0>
Start Call: :dtls_sup.start_link()
Restart: :permanent
Shutdown: 4000
Type: :supervisor
16:24:15.616 [info] Child :ssl_connection_sup of Supervisor :ssl_sup started
Pid: #PID<0.115.0>
Start Call: :ssl_connection_sup.start_link()
Restart: :permanent
Shutdown: 4000
Type: :supervisor
16:24:15.616 [info] Application ssl started at :nonode@nohost
16:24:15.617 [info] Application xp_mint started at :nonode@nohost
16:24:15.617 [info] Application xp_nimble_options started at :nonode@nohost
16:24:15.619 [info] Child XPNimblePool.TaskSupervisor of Supervisor #PID<0.133.0> (Supervisor.Default) started
Pid: #PID<0.134.0>
Start Call: Task.Supervisor.start_link([name: XPNimblePool.TaskSupervisor])
Restart: :permanent
Shutdown: :infinity
Type: :supervisor
16:24:15.619 [info] Application xp_nimble_pool started at :nonode@nohost
16:24:15.619 [info] Child :telemetry_handler_table of Supervisor :telemetry_sup started
Pid: #PID<0.138.0>
Start Call: :telemetry_handler_table.start_link()
Restart: :permanent
Shutdown: 5000
Type: :worker
16:24:15.619 [info] Application xp_telemetry started at :nonode@nohost
16:24:15.619 [info] Application xp_finch started at :nonode@nohost
16:24:15.630 [info] Child XPReq.Finch.PIDPartition0 of Supervisor XPReq.Finch started
Pid: #PID<0.144.0>
Start Call: Registry.Partition.start_link(XPReq.Finch.PIDPartition0, {:duplicate, XPReq.Finch, 0, 1, XPReq.Finch.KeyPartition0, XPReq.Finch.PIDPartition0, [], false})
Restart: :permanent
Shutdown: 5000
Type: :worker
16:24:15.630 [info] Child XPReq.Finch of Supervisor XPReq.Finch.Supervisor started
Pid: #PID<0.143.0>
Start Call: Registry.start_link([keys: :duplicate, name: XPReq.Finch, meta: [config: %{pools: %{}, registry_name: XPReq.Finch, supervisor_name: XPReq.Finch.PoolSupervisor, manager_name: XPReq.Finch.PoolManager, default_pool_config: %{count: 1, size: 50, mod: XPFinch.HTTP1.Pool, conn_opts: [protocols: [:http1], transport_opts: [keepalive: true, nodelay: true, timeout: 5000], ssl_key_log_file_device: nil], pool_max_idle_time: :infinity, conn_max_idle_time: :infinity, start_pool_metrics?: false}}]])
Restart: :permanent
Shutdown: :infinity
Type: :supervisor
16:24:15.630 [info] Child XPReq.Finch.PoolSupervisor of Supervisor XPReq.Finch.Supervisor started
Pid: #PID<0.145.0>
Start Call: DynamicSupervisor.start_link([name: XPReq.Finch.PoolSupervisor, strategy: :one_for_one])
Restart: :permanent
Shutdown: :infinity
Type: :supervisor
16:24:15.630 [info] Child XPFinch.PoolManager of Supervisor XPReq.Finch.Supervisor started
Pid: #PID<0.146.0>
Start Call: XPFinch.PoolManager.start_link(%{pools: %{}, registry_name: XPReq.Finch, supervisor_name: XPReq.Finch.PoolSupervisor, manager_name: XPReq.Finch.PoolManager, default_pool_config: %{count: 1, size: 50, mod: XPFinch.HTTP1.Pool, conn_opts: [protocols: [:http1], transport_opts: [keepalive: true, nodelay: true, timeout: 5000], ssl_key_log_file_device: nil], pool_max_idle_time: :infinity, conn_max_idle_time: :infinity, start_pool_metrics?: false}})
Restart: :permanent
Shutdown: 5000
Type: :worker
16:24:15.631 [info] Child XPReq.Finch of Supervisor #PID<0.141.0> (Supervisor.Default) started
Pid: #PID<0.142.0>
Start Call: XPFinch.start_link([name: XPReq.Finch, pools: %{default: [protocols: [:http1]]}])
Restart: :permanent
Shutdown: 5000
Type: :worker
16:24:15.631 [info] Child XPReq.FinchSupervisor of Supervisor #PID<0.141.0> (Supervisor.Default) started
Pid: #PID<0.147.0>
Start Call: DynamicSupervisor.start_link([strategy: :one_for_one, name: XPReq.FinchSupervisor])
Restart: :permanent
Shutdown: :infinity
Type: :supervisor
16:24:15.631 [info] Child XPReq.Test.Ownership of Supervisor #PID<0.141.0> (Supervisor.Default) started
Pid: #PID<0.148.0>
Start Call: XPReq.Test.Ownership.start_link([name: XPReq.Test.Ownership])
Restart: :permanent
Shutdown: 5000
Type: :worker
16:24:15.631 [info] Application xp_req started at :nonode@nohost
16:24:15.631 [info] Application burrito started at :nonode@nohost
16:24:15.631 [info] Application erts started at :nonode@nohost
16:24:15.631 [info] Application xp_schematic started at :nonode@nohost
16:24:15.631 [info] Application xp_typed_struct started at :nonode@nohost
16:24:15.631 [info] Application xp_gen_lsp started at :nonode@nohost
16:24:15.635 [info] Child XPSnowflake.Generator of Supervisor #PID<0.151.0> (Supervisor.Default) started
Pid: #PID<0.152.0>
Start Call: XPSnowflake.Generator.start_link(0, 1023)
Restart: :permanent
Shutdown: 5000
Type: :worker
16:24:15.635 [info] Application xp_snowflake started at :nonode@nohost
16:24:15.635 [info] Application xp_sourceror started at :nonode@nohost
16:24:15.635 [info] Application xp_forge started at :nonode@nohost
16:24:15.635 [info] Application xp_logger_file_backend started at :nonode@nohost
16:24:15.637 [info] Child :ttb_autostart of Supervisor :runtime_tools_sup started
Pid: #PID<0.156.0>
Start Call: :ttb_autostart.start_link()
Restart: :temporary
Shutdown: 3000
Type: :worker
16:24:15.637 [info] Application runtime_tools started at :nonode@nohost
16:24:15.637 [info] Application et started at :nonode@nohost
16:24:15.637 [info] Application observer started at :nonode@nohost
16:24:15.637 [info] Application xp_path_glob started at :nonode@nohost
16:24:15.643 [info] Child XPForge.Document.Store of Supervisor XPExpert.Supervisor started
Pid: #PID<0.160.0>
Start Call: XPForge.Document.Store.start_link([derive: [analysis: &XPForge.Ast.analyze/1]])
Restart: :permanent
Shutdown: 5000
Type: :worker
16:24:15.644 [info] Child XPExpert.ProjectSupervisor of Supervisor XPExpert.Supervisor started
Pid: #PID<0.161.0>
Start Call: DynamicSupervisor.start_link([name: XPExpert.ProjectSupervisor, strategy: :one_for_one])
Restart: :permanent
Shutdown: :infinity
Type: :supervisor
16:24:15.644 [info] Child XPExpert.DynamicSupervisor of Supervisor XPExpert.Supervisor started
Pid: #PID<0.162.0>
Start Call: DynamicSupervisor.start_link([name: XPExpert.DynamicSupervisor])
Restart: :permanent
Shutdown: :infinity
Type: :supervisor
16:24:15.644 [info] Child XPGenLSP.Assigns of Supervisor XPExpert.Supervisor started
Pid: #PID<0.163.0>
Start Call: XPGenLSP.Assigns.start_link([name: XPExpert.Assigns])
Restart: :permanent
Shutdown: 5000
Type: :worker
16:24:15.644 [info] Child :expert_task_queue of Supervisor XPExpert.Supervisor started
Pid: #PID<0.164.0>
Start Call: Task.Supervisor.start_link([name: :expert_task_queue])
Restart: :permanent
Shutdown: :infinity
Type: :supervisor
16:24:15.645 [info] Child XPGenLSP.Buffer of Supervisor XPExpert.Supervisor started
Pid: #PID<0.165.0>
Start Call: XPGenLSP.Buffer.start_link([name: XPExpert.Buffer])
Restart: :permanent
Shutdown: 5000
Type: :worker
16:24:15.645 [debug] [name: XPExpert, buffer: XPExpert.Buffer, task_supervisor: :expert_task_queue, dynamic_supervisor: XPExpert.DynamicSupervisor, assigns: XPExpert.Assigns]
16:24:15.648 [info] Child XPExpert of Supervisor XPExpert.Supervisor started
Pid: #PID<0.166.0>
Start Call: XPExpert.start_link([name: XPExpert, buffer: XPExpert.Buffer, task_supervisor: :expert_task_queue, dynamic_supervisor: XPExpert.DynamicSupervisor, assigns: XPExpert.Assigns])
Restart: :permanent
Shutdown: 500
Type: :worker
16:24:15.648 [info] Application xp_expert started at :nonode@nohost
16:24:15.691 [info] Starting project at uri file:///home/travis/Documents/Courses/Term%204/COMP%204959%20-%20Selected%20Applications%20of%20Programming%20Paradigms/Project/bloc_the_line
16:24:15.696 [info] Child {XPExpert.Project.Progress, "bloc_the_line"} of Supervisor :"bloc_the_line::supervisor" started
Pid: #PID<0.171.0>
Start Call: XPExpert.Project.Progress.start_link(%XPForge.Project{root_uri: "file:///home/travis/Documents/Courses/Term%204/COMP%204959%20-%20Selected%20Applications%20of%20Programming%20Paradigms/Project/bloc_the_line", mix_exs_uri: "file:///home/travis/Documents/Courses/Term%204/COMP%204959%20-%20Selected%20Applications%20of%20Programming%20Paradigms/Project/bloc_the_line/mix.exs", mix_project?: true, mix_env: nil, mix_target: nil, env_variables: %{}, project_module: nil, entropy: 3157})
Restart: :permanent
Shutdown: 5000
Type: :worker
16:24:15.697 [info] Child {XPExpert.EngineSupervisor, "bloc_the_line"} of Supervisor :"bloc_the_line::supervisor" started
Pid: #PID<0.172.0>
Start Call: XPExpert.EngineSupervisor.start_link(%XPForge.Project{root_uri: "file:///home/travis/Documents/Courses/Term%204/COMP%204959%20-%20Selected%20Applications%20of%20Programming%20Paradigms/Project/bloc_the_line", mix_exs_uri: "file:///home/travis/Documents/Courses/Term%204/COMP%204959%20-%20Selected%20Applications%20of%20Programming%20Paradigms/Project/bloc_the_line/mix.exs", mix_project?: true, mix_env: nil, mix_target: nil, env_variables: %{}, project_module: nil, entropy: 3157})
Restart: :permanent
Shutdown: 5000
Type: :worker
16:24:15.700 [debug] sent request server -> client window/workDoneProgress/create
16:24:15.703 [info] Child :erl_epmd of Supervisor :net_sup started
Pid: #PID<0.175.0>
Start Call: :erl_epmd.start_link()
Restart: :permanent
Shutdown: 2000
Type: :worker
16:24:15.704 [info] Child :auth of Supervisor :net_sup started
Pid: #PID<0.176.0>
Start Call: :auth.start_link()
Restart: :permanent
Shutdown: 2000
Type: :worker
16:24:15.705 [info] Child :net_kernel of Supervisor :net_sup started
Pid: #PID<0.177.0>
Start Call: :net_kernel.start_link(%{name: :"manager-bloc_the_line-3157@127.0.0.1", supervisor: :net_sup_dynamic, name_domain: :longnames, clean_halt: false})
Restart: :permanent
Shutdown: 2000
Type: :worker
16:24:15.705 [debug] Child :net_sup_dynamic of Supervisor :kernel_sup started
Pid: #PID<0.174.0>
Start Call: :erl_distribution.start_link(%{name: :"manager-bloc_the_line-3157@127.0.0.1", supervisor: :net_sup_dynamic, name_domain: :longnames, clean_halt: false})
Restart: :permanent
Shutdown: 1000
Type: :supervisor
16:24:15.711 [debug] sent notification server -> client window/logMessage
16:24:15.728 [debug] handled request client -> server initialize in 74ms
16:24:15.854 [debug] sent notification server -> client $/progress
16:24:15.856 [debug] sent request server -> client client/registerCapability
16:24:15.856 [debug] sent request server -> client window/workDoneProgress/create
16:24:15.860 [info] ################### opened file:///home/travis/Documents/Courses/Term%204/COMP%204959%20-%20Selected%20Applications%20of%20Programming%20Paradigms/Project/bloc_the_line/lib/bloc_the_line/game/piece.ex
16:24:15.860 [debug] handled notification client -> server textDocument/didOpen in 6ms
16:24:15.863 [debug] sent notification server -> client $/progress
16:24:15.864 [debug] handled notification client -> server initialized in 10ms
16:24:22.675 [info] Engine build available at: /home/travis/.local/share/Expert/0.1.0-e9d69dd/ex-1.19.0-erl-16.1/oXjpqx0JsWZ6Efwfy9pjfw/_build/dev_ns
16:24:22.709 [debug] sent notification server -> client $/progress
16:24:23.154 [debug] sent notification server -> client $/progress
16:24:23.154 [info] Child {XPExpert.Project.Node, "bloc_the_line"} of Supervisor :"bloc_the_line::supervisor" started
Pid: #PID<0.173.0>
Start Call: XPExpert.Project.Node.start_link(%XPForge.Project{root_uri: "file:///home/travis/Documents/Courses/Term%204/COMP%204959%20-%20Selected%20Applications%20of%20Programming%20Paradigms/Project/bloc_the_line", mix_exs_uri: "file:///home/travis/Documents/Courses/Term%204/COMP%204959%20-%20Selected%20Applications%20of%20Programming%20Paradigms/Project/bloc_the_line/mix.exs", mix_project?: true, mix_env: nil, mix_target: nil, env_variables: %{}, project_module: nil, entropy: 3157})
Restart: :permanent
Shutdown: 5000
Type: :worker
16:24:23.156 [info] Child {XPExpert.Project.Diagnostics, "bloc_the_line"} of Supervisor :"bloc_the_line::supervisor" started
Pid: #PID<0.187.0>
Start Call: XPExpert.Project.Diagnostics.start_link(%XPForge.Project{root_uri: "file:///home/travis/Documents/Courses/Term%204/COMP%204959%20-%20Selected%20Applications%20of%20Programming%20Paradigms/Project/bloc_the_line", mix_exs_uri: "file:///home/travis/Documents/Courses/Term%204/COMP%204959%20-%20Selected%20Applications%20of%20Programming%20Paradigms/Project/bloc_the_line/mix.exs", mix_project?: true, mix_env: nil, mix_target: nil, env_variables: %{}, project_module: nil, entropy: 3157})
Restart: :permanent
Shutdown: 5000
Type: :worker
16:24:23.157 [info] Child {XPExpert.Project.Intelligence, "bloc_the_line"} of Supervisor :"bloc_the_line::supervisor" started
Pid: #PID<0.188.0>
Start Call: XPExpert.Project.Intelligence.start_link(%XPForge.Project{root_uri: "file:///home/travis/Documents/Courses/Term%204/COMP%204959%20-%20Selected%20Applications%20of%20Programming%20Paradigms/Project/bloc_the_line", mix_exs_uri: "file:///home/travis/Documents/Courses/Term%204/COMP%204959%20-%20Selected%20Applications%20of%20Programming%20Paradigms/Project/bloc_the_line/mix.exs", mix_project?: true, mix_env: nil, mix_target: nil, env_variables: %{}, project_module: nil, entropy: 3157})
Restart: :permanent
Shutdown: 5000
Type: :worker
16:24:23.158 [info] Child XPExpert.Project.SearchListener of Supervisor :"bloc_the_line::supervisor" started
Pid: #PID<0.189.0>
Start Call: XPExpert.Project.SearchListener.start_link(%XPForge.Project{root_uri: "file:///home/travis/Documents/Courses/Term%204/COMP%204959%20-%20Selected%20Applications%20of%20Programming%20Paradigms/Project/bloc_the_line", mix_exs_uri: "file:///home/travis/Documents/Courses/Term%204/COMP%204959%20-%20Selected%20Applications%20of%20Programming%20Paradigms/Project/bloc_the_line/mix.exs", mix_project?: true, mix_env: nil, mix_target: nil, env_variables: %{}, project_module: nil, entropy: 3157})
Restart: :permanent
Shutdown: 5000
Type: :worker
16:24:23.158 [info] Engine initialized
16:24:23.233 [debug] sent request server -> client window/workDoneProgress/create
16:24:23.234 [debug] sent notification server -> client $/progress
16:24:23.482 [debug] sent notification server -> client $/progress
16:24:23.483 [debug] sent request server -> client window/workDoneProgress/create
16:24:23.483 [debug] sent notification server -> client $/progress
16:24:23.618 [debug] sent notification server -> client $/progress
16:24:23.618 [debug] sent request server -> client window/workDoneProgress/create
16:24:23.620 [debug] sent notification server -> client $/progress
16:24:25.603 [debug] sent notification server -> client $/progress
16:24:25.603 [debug] sent request server -> client window/workDoneProgress/create
16:24:25.604 [debug] sent notification server -> client $/progress
16:24:25.608 [debug] sent notification server -> client $/progress
16:24:25.609 [debug] sent request server -> client window/workDoneProgress/create
16:24:25.609 [debug] sent notification server -> client $/progress
16:24:25.611 [debug] sent notification server -> client $/progress
16:24:25.611 [debug] sent request server -> client window/workDoneProgress/create
16:24:25.611 [debug] sent notification server -> client $/progress
16:24:25.783 [debug] sent notification server -> client $/progress
16:24:25.828 [debug] sent notification server -> client $/progress
16:24:25.860 [debug] sent notification server -> client $/progress
16:24:25.998 [debug] sent notification server -> client $/progress
16:24:26.028 [debug] sent notification server -> client $/progress
16:24:26.071 [debug] sent notification server -> client $/progress
16:24:26.075 [debug] sent notification server -> client $/progress
16:24:26.077 [debug] sent notification server -> client $/progress
16:24:26.079 [debug] sent notification server -> client $/progress
16:24:26.081 [debug] sent notification server -> client $/progress
16:24:26.082 [debug] sent notification server -> client $/progress
16:24:26.091 [debug] sent notification server -> client $/progress
16:24:26.093 [debug] sent notification server -> client $/progress
16:24:26.105 [debug] sent notification server -> client $/progress
16:24:26.113 [debug] sent notification server -> client $/progress
16:24:26.122 [debug] sent notification server -> client $/progress
16:24:26.126 [debug] sent notification server -> client $/progress
16:24:26.131 [debug] sent notification server -> client $/progress
16:24:26.139 [debug] sent notification server -> client $/progress
16:24:26.147 [debug] sent notification server -> client $/progress
16:24:26.154 [debug] sent notification server -> client $/progress
16:24:26.161 [debug] sent notification server -> client $/progress
16:24:26.166 [debug] sent notification server -> client $/progress
16:24:26.170 [debug] sent notification server -> client $/progress
16:24:26.178 [debug] sent notification server -> client $/progress
16:24:26.189 [debug] sent notification server -> client $/progress
16:24:26.200 [debug] sent notification server -> client $/progress
16:24:26.211 [debug] sent notification server -> client $/progress
16:24:26.227 [debug] sent notification server -> client $/progress
16:24:26.236 [debug] sent notification server -> client $/progress
16:24:26.611 [debug] sent notification server -> client $/progress
16:24:26.753 [debug] sent notification server -> client $/progress
16:24:26.898 [debug] sent notification server -> client $/progress
16:24:26.920 [debug] sent notification server -> client $/progress
16:24:26.932 [debug] sent notification server -> client $/progress
16:24:26.939 [debug] sent notification server -> client $/progress
16:24:26.977 [debug] sent notification server -> client $/progress
16:24:26.990 [debug] sent notification server -> client $/progress
16:24:26.994 [debug] sent notification server -> client $/progress
16:24:27.000 [debug] sent notification server -> client $/progress
16:24:27.014 [debug] sent notification server -> client $/progress
16:24:27.053 [debug] sent notification server -> client $/progress
16:24:27.087 [debug] sent notification server -> client $/progress
16:24:27.093 [debug] sent notification server -> client $/progress
16:24:27.249 [debug] sent notification server -> client $/progress
16:24:27.360 [debug] sent notification server -> client $/progress
16:24:27.367 [debug] sent notification server -> client $/progress
16:24:27.372 [debug] sent notification server -> client $/progress
16:24:27.375 [debug] sent notification server -> client $/progress
16:24:27.377 [debug] sent notification server -> client $/progress
16:24:27.380 [debug] sent notification server -> client $/progress
16:24:27.388 [debug] sent notification server -> client $/progress
16:24:27.388 [debug] sent notification server -> client $/progress
16:24:27.391 [debug] sent notification server -> client $/progress
16:24:27.392 [debug] sent notification server -> client $/progress
16:24:27.397 [debug] sent notification server -> client $/progress
16:24:27.404 [debug] sent notification server -> client $/progress
16:24:27.408 [debug] sent notification server -> client $/progress
16:24:27.429 [debug] sent notification server -> client $/progress
16:24:27.429 [debug] sent notification server -> client $/progress
16:24:27.432 [debug] sent notification server -> client $/progress
16:24:27.454 [debug] sent notification server -> client $/progress
16:24:27.464 [debug] sent notification server -> client $/progress
16:24:27.569 [debug] sent notification server -> client $/progress
16:24:27.730 [debug] sent notification server -> client $/progress
16:24:27.785 [debug] sent notification server -> client $/progress
16:24:27.788 [debug] sent notification server -> client $/progress
16:24:27.805 [debug] sent notification server -> client $/progress
16:24:27.809 [debug] sent notification server -> client $/progress
16:24:27.809 [debug] sent notification server -> client $/progress
16:24:27.815 [debug] sent notification server -> client $/progress
16:24:27.821 [debug] sent notification server -> client $/progress
16:24:27.829 [debug] sent notification server -> client $/progress
16:24:31.820 [debug] sent notification server -> client $/progress
16:24:31.821 [debug] sent notification server -> client $/progress
16:24:31.824 [debug] sent notification server -> client $/progress
16:24:31.826 [debug] sent notification server -> client $/progress
16:24:31.827 [debug] sent notification server -> client $/progress
16:24:31.853 [debug] sent notification server -> client $/progress
16:24:31.868 [debug] sent notification server -> client $/progress
16:24:32.235 [debug] sent notification server -> client $/progress
16:24:32.240 [debug] sent notification server -> client $/progress
16:24:32.246 [debug] sent notification server -> client $/progress
16:24:32.248 [debug] sent notification server -> client $/progress
16:24:32.251 [debug] sent notification server -> client $/progress
16:24:32.253 [debug] sent notification server -> client $/progress
16:24:32.256 [debug] sent notification server -> client $/progress
16:24:32.257 [debug] sent notification server -> client $/progress
16:24:32.259 [debug] sent notification server -> client $/progress
16:24:32.261 [debug] sent notification server -> client $/progress
16:24:32.262 [debug] sent notification server -> client $/progress
16:24:32.264 [debug] sent notification server -> client $/progress
16:24:32.265 [debug] sent notification server -> client $/progress
16:24:32.266 [debug] sent notification server -> client $/progress
16:24:32.278 [debug] sent notification server -> client $/progress
16:24:32.284 [debug] sent notification server -> client $/progress
16:24:32.351 [debug] handled notification client -> server textDocument/didChange in 46ms
16:24:32.351 [debug] sent notification server -> client $/progress
16:24:32.356 [debug] sent notification server -> client $/progress
16:24:32.371 [info] Emitting Completions: []
16:24:32.373 [debug] sent notification server -> client $/progress
16:24:32.376 [debug] handled request client -> server textDocument/completion in 70ms
16:24:32.376 [debug] sent notification server -> client $/progress
16:24:32.379 [debug] sent notification server -> client $/progress
16:24:32.390 [debug] sent notification server -> client $/progress
16:24:32.401 [debug] sent notification server -> client $/progress
16:24:32.411 [debug] sent notification server -> client $/progress
16:24:32.414 [debug] sent notification server -> client $/progress
16:24:32.418 [debug] sent notification server -> client $/progress
16:24:32.420 [debug] sent notification server -> client $/progress
16:24:32.427 [debug] sent notification server -> client $/progress
16:24:32.433 [debug] sent notification server -> client $/progress
16:24:32.442 [debug] sent notification server -> client $/progress
16:24:32.449 [debug] sent notification server -> client $/progress
16:24:32.456 [debug] sent notification server -> client $/progress
16:24:32.462 [debug] sent notification server -> client $/progress
16:24:32.468 [debug] sent notification server -> client $/progress
16:24:32.473 [debug] sent notification server -> client $/progress
16:24:32.531 [debug] handled notification client -> server textDocument/didChange in 1ms
16:24:32.535 [info] Completion for XpPos<<1, 3>>
16:24:32.592 [debug] sent notification server -> client $/progress
16:24:32.599 [debug] sent notification server -> client $/progress
16:24:32.606 [debug] sent notification server -> client $/progress
16:24:32.636 [debug] sent notification server -> client $/progress
16:24:32.683 [debug] handled notification client -> server textDocument/didChange in 842µs
16:24:32.909 [debug] sent notification server -> client $/progress
16:24:32.910 [debug] sent notification server -> client $/progress
16:24:32.918 [debug] sent notification server -> client $/progress
16:24:32.926 [debug] sent notification server -> client $/progress
16:24:32.928 [debug] sent notification server -> client $/progress
16:24:32.935 [debug] sent notification server -> client $/progress
16:24:32.940 [debug] sent notification server -> client $/progress
16:24:32.944 [debug] sent notification server -> client $/progress
16:24:32.946 [debug] sent notification server -> client $/progress
16:24:32.950 [debug] sent notification server -> client $/progress
16:24:32.953 [debug] sent notification server -> client $/progress
16:24:32.960 [debug] sent notification server -> client $/progress
16:24:32.969 [debug] sent notification server -> client $/progress
16:24:32.974 [debug] sent notification server -> client $/progress
16:24:32.976 [debug] sent notification server -> client $/progress
16:24:32.976 [debug] sent notification server -> client $/progress
16:24:32.980 [debug] sent notification server -> client $/progress
16:24:32.988 [debug] sent notification server -> client $/progress
16:24:32.988 [debug] sent notification server -> client $/progress
16:24:32.989 [debug] sent notification server -> client $/progress
16:24:32.996 [debug] sent notification server -> client $/progress
16:24:33.001 [debug] sent notification server -> client $/progress
16:24:33.012 [debug] sent notification server -> client $/progress
16:24:33.015 [debug] sent notification server -> client $/progress
16:24:33.019 [debug] sent notification server -> client $/progress
16:24:33.104 [debug] sent notification server -> client $/progress
16:24:33.110 [debug] sent notification server -> client $/progress
16:24:33.117 [debug] sent notification server -> client $/progress
16:24:33.125 [debug] sent notification server -> client $/progress
16:24:33.133 [debug] sent notification server -> client $/progress
16:24:33.138 [debug] sent notification server -> client $/progress
16:24:33.140 [debug] sent notification server -> client $/progress
16:24:33.142 [debug] sent notification server -> client $/progress
16:24:33.144 [debug] sent notification server -> client $/progress
16:24:33.147 [debug] sent notification server -> client $/progress
16:24:33.150 [debug] sent notification server -> client $/progress
16:24:33.152 [debug] sent notification server -> client $/progress
16:24:33.165 [debug] sent notification server -> client $/progress
16:24:33.166 [debug] sent notification server -> client $/progress
16:24:33.168 [debug] sent notification server -> client $/progress
16:24:33.169 [debug] sent notification server -> client $/progress
16:24:33.173 [debug] sent notification server -> client $/progress
16:24:33.201 [debug] sent notification server -> client $/progress
16:24:33.220 [debug] sent notification server -> client $/progress
16:24:33.290 [debug] sent notification server -> client $/progress
16:24:33.309 [debug] sent notification server -> client $/progress
16:24:33.313 [debug] sent notification server -> client $/progress
16:24:33.314 [debug] sent notification server -> client $/progress
16:24:33.315 [debug] sent notification server -> client $/progress
16:24:33.319 [debug] sent notification server -> client $/progress
16:24:33.323 [debug] sent notification server -> client $/progress
16:24:33.329 [debug] sent notification server -> client $/progress
16:24:33.331 [debug] sent notification server -> client $/progress
16:24:33.340 [debug] sent notification server -> client $/progress
16:24:33.346 [debug] sent notification server -> client $/progress
16:24:33.353 [debug] sent notification server -> client $/progress
16:24:33.411 [debug] sent notification server -> client $/progress
16:24:33.454 [debug] sent notification server -> client $/progress
16:24:33.500 [debug] sent notification server -> client $/progress
16:24:33.532 [debug] sent notification server -> client $/progress
16:24:33.675 [debug] sent notification server -> client $/progress
16:24:33.686 [debug] sent notification server -> client $/progress
16:24:33.694 [debug] sent notification server -> client $/progress
16:24:33.702 [debug] sent notification server -> client $/progress
16:24:33.702 [debug] sent notification server -> client $/progress
16:24:33.712 [debug] sent notification server -> client $/progress
16:24:33.720 [debug] sent notification server -> client $/progress
16:24:33.729 [debug] sent notification server -> client $/progress
16:24:33.738 [debug] sent notification server -> client $/progress
16:24:33.745 [debug] sent notification server -> client $/progress
16:24:33.749 [debug] sent notification server -> client $/progress
16:24:33.756 [debug] sent notification server -> client $/progress
16:24:33.761 [debug] sent notification server -> client $/progress
16:24:33.763 [debug] sent notification server -> client $/progress
16:24:33.763 [debug] sent notification server -> client $/progress
16:24:33.764 [debug] sent notification server -> client $/progress
16:24:33.768 [debug] sent notification server -> client $/progress
16:24:33.773 [debug] sent notification server -> client $/progress
16:24:33.776 [debug] sent notification server -> client $/progress
16:24:33.783 [debug] sent notification server -> client $/progress
16:24:33.789 [debug] sent notification server -> client $/progress
16:24:33.800 [debug] sent notification server -> client $/progress
16:24:33.805 [debug] sent notification server -> client $/progress
16:24:33.808 [debug] sent notification server -> client $/progress
16:24:33.814 [debug] sent notification server -> client $/progress
16:24:33.820 [debug] sent notification server -> client $/progress
16:24:33.832 [debug] sent notification server -> client $/progress
16:24:33.836 [debug] sent notification server -> client $/progress
16:24:33.837 [debug] sent notification server -> client $/progress
16:24:33.852 [debug] sent notification server -> client $/progress
16:24:33.856 [debug] sent notification server -> client $/progress
16:24:33.859 [debug] sent notification server -> client $/progress
16:24:33.862 [debug] sent notification server -> client $/progress
16:24:33.865 [debug] sent notification server -> client $/progress
16:24:33.867 [debug] sent notification server -> client $/progress
16:24:33.869 [debug] sent notification server -> client $/progress
16:24:33.871 [debug] sent notification server -> client $/progress
16:24:33.873 [debug] sent notification server -> client $/progress
16:24:33.874 [debug] sent notification server -> client $/progress
16:24:33.876 [debug] sent notification server -> client $/progress
16:24:33.878 [debug] sent notification server -> client $/progress
16:24:33.880 [debug] sent notification server -> client $/progress
16:24:33.883 [debug] sent notification server -> client $/progress
16:24:33.894 [debug] sent notification server -> client $/progress
16:24:33.902 [debug] sent notification server -> client $/progress
16:24:33.909 [debug] sent notification server -> client $/progress
16:24:33.923 [debug] sent notification server -> client $/progress
16:24:33.938 [debug] sent notification server -> client $/progress
16:24:34.033 [debug] sent notification server -> client $/progress
16:24:34.053 [debug] sent notification server -> client $/progress
16:24:34.053 [debug] sent notification server -> client $/progress
16:24:34.060 [debug] sent notification server -> client $/progress
16:24:34.061 [debug] sent notification server -> client $/progress
16:24:34.065 [debug] sent notification server -> client $/progress
16:24:34.078 [debug] sent notification server -> client $/progress
16:24:34.081 [debug] sent notification server -> client $/progress
16:24:34.109 [debug] sent notification server -> client $/progress
16:24:34.110 [debug] sent notification server -> client $/progress
16:24:34.514 [debug] handled notification client -> server textDocument/didChange in 1ms
16:24:34.530 [info] Completion for XpPos<<1, 5>>
16:24:34.534 [debug] handled notification client -> server $/cancelRequest in 4ms
16:24:34.667 [debug] sent notification server -> client $/progress
16:24:34.740 [debug] handled notification client -> server textDocument/didChange in 1ms
16:24:34.861 [debug] sent notification server -> client $/progress
16:24:34.964 [debug] sent notification server -> client $/progress
16:24:34.987 [debug] handled notification client -> server textDocument/didChange in 746µs
16:24:35.027 [debug] sent notification server -> client $/progress
16:24:35.034 [debug] sent notification server -> client $/progress
16:24:35.039 [debug] sent notification server -> client $/progress
16:24:35.045 [debug] sent notification server -> client $/progress
16:24:35.048 [debug] sent notification server -> client $/progress
16:24:35.053 [debug] sent notification server -> client $/progress
16:24:35.056 [debug] sent notification server -> client $/progress
16:24:35.058 [debug] sent notification server -> client $/progress
16:24:35.060 [debug] sent notification server -> client $/progress
16:24:35.068 [debug] sent notification server -> client $/progress
16:24:35.079 [debug] sent notification server -> client $/progress
16:24:35.095 [debug] sent notification server -> client $/progress
16:24:35.103 [debug] sent notification server -> client $/progress
16:24:35.104 [debug] sent notification server -> client $/progress
16:24:35.136 [debug] handled notification client -> server textDocument/didChange in 850µs
16:24:35.219 [debug] sent notification server -> client $/progress
16:24:35.285 [debug] handled notification client -> server textDocument/didChange in 857µs
16:24:35.323 [debug] sent notification server -> client $/progress
16:24:35.342 [debug] sent notification server -> client $/progress
16:24:35.347 [debug] sent notification server -> client $/progress
16:24:35.349 [debug] sent notification server -> client $/progress
16:24:35.351 [debug] sent notification server -> client $/progress
16:24:35.352 [debug] sent notification server -> client $/progress
16:24:35.358 [debug] sent notification server -> client $/progress
16:24:35.360 [debug] sent notification server -> client $/progress
16:24:35.364 [debug] sent notification server -> client $/progress
16:24:35.365 [debug] sent notification server -> client $/progress
16:24:35.368 [debug] sent notification server -> client $/progress
16:24:35.396 [debug] sent notification server -> client $/progress
16:24:35.399 [debug] sent notification server -> client $/progress
16:24:35.403 [debug] sent notification server -> client $/progress
16:24:35.409 [debug] sent notification server -> client $/progress
16:24:35.432 [debug] sent notification server -> client $/progress
16:24:35.435 [debug] handled notification client -> server textDocument/didChange in 621µs
16:24:35.441 [debug] sent notification server -> client $/progress
16:24:35.442 [debug] sent notification server -> client $/progress
16:24:35.449 [debug] sent notification server -> client $/progress
16:24:35.466 [debug] sent notification server -> client $/progress
16:24:35.495 [debug] sent notification server -> client $/progress
16:24:35.518 [debug] sent notification server -> client $/progress
16:24:35.584 [debug] handled notification client -> server textDocument/didChange in 838µs
16:24:35.721 [debug] sent notification server -> client $/progress
16:24:35.754 [debug] sent notification server -> client $/progress
16:24:35.828 [debug] sent notification server -> client $/progress
16:24:35.840 [debug] sent notification server -> client $/progress
16:24:35.882 [debug] sent notification server -> client $/progress
16:24:36.510 [debug] sent notification server -> client $/progress
16:24:36.525 [debug] sent notification server -> client $/progress
16:24:36.530 [debug] handled notification client -> server $/cancelRequest in 299µs
16:24:36.531 [info] Completion for XpPos<<1, 11>>
16:24:36.531 [info] Local completions are: []
16:24:36.532 [debug] sent notification server -> client $/progress
16:24:36.534 [info] Emitting Completions: []
16:24:36.534 [debug] handled request client -> server textDocument/completion in 4ms
16:24:36.549 [debug] sent notification server -> client $/progress
16:24:36.557 [debug] sent notification server -> client $/progress
16:24:36.596 [debug] sent notification server -> client $/progress
16:24:36.643 [debug] sent notification server -> client $/progress
16:24:36.650 [debug] sent notification server -> client $/progress
16:24:36.678 [debug] sent notification server -> client $/progress
16:24:36.740 [debug] sent notification server -> client $/progress
16:24:36.751 [debug] sent notification server -> client $/progress
16:24:36.772 [debug] sent notification server -> client $/progress
16:24:36.778 [debug] sent notification server -> client $/progress
16:24:36.788 [debug] sent notification server -> client $/progress
16:24:36.795 [debug] sent notification server -> client $/progress
16:24:36.808 [debug] sent notification server -> client $/progress
16:24:36.817 [debug] sent notification server -> client $/progress
16:24:36.831 [debug] sent notification server -> client $/progress
16:24:36.839 [debug] sent notification server -> client $/progress
16:24:36.839 [debug] sent notification server -> client $/progress
16:24:36.849 [debug] sent notification server -> client $/progress
16:24:36.850 [debug] sent notification server -> client $/progress
16:24:36.859 [debug] sent notification server -> client $/progress
16:24:36.865 [debug] sent notification server -> client $/progress
16:24:36.866 [debug] sent notification server -> client $/progress
16:24:36.884 [debug] sent notification server -> client $/progress
16:24:36.893 [debug] sent notification server -> client $/progress
16:24:36.901 [debug] sent notification server -> client $/progress
16:24:36.908 [debug] sent notification server -> client $/progress
16:24:36.909 [debug] sent notification server -> client $/progress
16:24:36.918 [debug] sent notification server -> client $/progress
16:24:36.925 [debug] sent notification server -> client $/progress
16:24:36.937 [debug] sent notification server -> client $/progress
16:24:36.946 [debug] sent notification server -> client $/progress
16:24:36.952 [debug] sent notification server -> client $/progress
16:24:36.957 [debug] sent notification server -> client $/progress
16:24:36.964 [debug] sent notification server -> client $/progress
16:24:36.971 [debug] sent notification server -> client $/progress
16:24:36.978 [debug] sent notification server -> client $/progress
16:24:36.983 [debug] sent notification server -> client $/progress
16:24:36.984 [debug] sent notification server -> client $/progress
16:24:36.990 [debug] sent notification server -> client $/progress
16:24:36.991 [debug] sent notification server -> client $/progress
16:24:36.998 [debug] sent notification server -> client $/progress
16:24:37.005 [debug] sent notification server -> client $/progress
16:24:37.006 [debug] sent notification server -> client $/progress
16:24:37.015 [debug] sent notification server -> client $/progress
16:24:37.025 [debug] sent notification server -> client $/progress
16:24:37.025 [debug] sent notification server -> client $/progress
16:24:37.035 [debug] sent notification server -> client $/progress
16:24:37.046 [debug] sent notification server -> client $/progress
16:24:37.058 [debug] sent notification server -> client $/progress
16:24:37.067 [debug] sent notification server -> client $/progress
16:24:37.075 [debug] sent notification server -> client $/progress
16:24:37.078 [debug] sent notification server -> client $/progress
16:24:37.097 [debug] sent notification server -> client $/progress
16:24:37.104 [debug] sent notification server -> client $/progress
16:24:37.105 [debug] sent notification server -> client $/progress
16:24:37.121 [debug] sent notification server -> client $/progress
16:24:37.141 [debug] sent notification server -> client $/progress
16:24:37.151 [debug] sent notification server -> client $/progress
16:24:37.162 [debug] sent notification server -> client $/progress
16:24:37.166 [debug] sent notification server -> client $/progress
16:24:37.173 [debug] sent notification server -> client $/progress
16:24:37.176 [debug] sent notification server -> client $/progress
16:24:37.182 [debug] sent notification server -> client $/progress
16:24:37.186 [debug] sent notification server -> client $/progress
16:24:37.189 [debug] sent notification server -> client $/progress
16:24:37.193 [debug] sent notification server -> client $/progress
16:24:37.197 [debug] sent notification server -> client $/progress
16:24:37.201 [debug] sent notification server -> client $/progress
16:24:37.203 [debug] sent notification server -> client $/progress
16:24:37.207 [debug] sent notification server -> client $/progress
16:24:37.208 [debug] sent notification server -> client $/progress
16:24:37.212 [debug] sent notification server -> client $/progress
16:24:37.214 [debug] sent notification server -> client $/progress
16:24:37.217 [debug] sent notification server -> client $/progress
16:24:37.220 [debug] sent notification server -> client $/progress
16:24:37.223 [debug] sent notification server -> client $/progress
16:24:37.226 [debug] sent notification server -> client $/progress
16:24:37.232 [debug] sent notification server -> client $/progress
16:24:37.241 [debug] sent notification server -> client $/progress
16:24:37.273 [debug] sent notification server -> client $/progress
16:24:37.278 [debug] sent notification server -> client $/progress
16:24:37.284 [debug] sent notification server -> client $/progress
16:24:37.307 [debug] sent notification server -> client $/progress
16:24:37.680 [debug] sent notification server -> client $/progress
16:24:37.688 [debug] sent notification server -> client $/progress
16:24:37.720 [debug] sent notification server -> client $/progress
16:24:37.737 [debug] sent notification server -> client $/progress
16:24:37.738 [debug] sent notification server -> client $/progress
16:24:37.752 [debug] sent notification server -> client $/progress
16:24:37.753 [debug] sent notification server -> client $/progress
16:24:37.761 [debug] sent notification server -> client $/progress
16:24:37.769 [debug] sent notification server -> client $/progress
16:24:37.779 [debug] sent notification server -> client $/progress
16:24:37.787 [debug] sent notification server -> client $/progress
16:24:37.794 [debug] sent notification server -> client $/progress
16:24:37.795 [debug] sent notification server -> client $/progress
16:24:37.800 [debug] sent notification server -> client $/progress
16:24:37.810 [debug] sent notification server -> client $/progress
16:24:37.817 [debug] sent notification server -> client $/progress
16:24:37.822 [debug] sent notification server -> client $/progress
16:24:37.823 [debug] sent notification server -> client $/progress
16:24:37.830 [debug] sent notification server -> client $/progress
16:24:37.837 [debug] sent notification server -> client $/progress
16:24:37.843 [debug] sent notification server -> client $/progress
16:24:37.845 [debug] sent notification server -> client $/progress
16:24:37.849 [debug] sent notification server -> client $/progress
16:24:37.853 [debug] sent notification server -> client $/progress
16:24:37.861 [debug] sent notification server -> client $/progress
16:24:37.868 [debug] sent notification server -> client $/progress
16:24:37.877 [debug] sent notification server -> client $/progress
16:24:37.882 [debug] sent notification server -> client $/progress
16:24:37.888 [debug] sent notification server -> client $/progress
16:24:37.893 [debug] sent notification server -> client $/progress
16:24:37.900 [debug] sent notification server -> client $/progress
16:24:37.904 [debug] sent notification server -> client $/progress
16:24:37.912 [debug] sent notification server -> client $/progress
16:24:37.916 [debug] sent notification server -> client $/progress
16:24:37.922 [debug] sent notification server -> client $/progress
16:24:37.926 [debug] sent notification server -> client $/progress
16:24:37.933 [debug] sent notification server -> client $/progress
16:24:37.942 [debug] sent notification server -> client $/progress
16:24:37.950 [debug] sent notification server -> client $/progress
16:24:37.955 [debug] sent notification server -> client $/progress
16:24:37.962 [debug] sent notification server -> client $/progress
16:24:37.965 [debug] sent notification server -> client $/progress
16:24:37.968 [debug] sent notification server -> client $/progress
16:24:37.972 [debug] sent notification server -> client $/progress
16:24:37.979 [debug] sent notification server -> client $/progress
16:24:37.982 [debug] sent notification server -> client $/progress
16:24:37.985 [debug] sent notification server -> client $/progress
16:24:37.991 [debug] sent notification server -> client $/progress
16:24:37.994 [debug] sent notification server -> client $/progress
16:24:37.996 [debug] sent notification server -> client $/progress
16:24:37.998 [debug] sent notification server -> client $/progress
16:24:38.001 [debug] sent notification server -> client $/progress
16:24:38.003 [debug] sent notification server -> client $/progress
16:24:38.005 [debug] sent notification server -> client $/progress
16:24:38.008 [debug] sent notification server -> client $/progress
16:24:38.008 [debug] sent notification server -> client $/progress
16:24:38.020 [debug] sent notification server -> client $/progress
16:24:38.037 [debug] sent notification server -> client $/progress
16:24:38.621 [debug] sent notification server -> client $/progress
16:24:38.624 [debug] sent notification server -> client $/progress
16:24:38.625 [debug] sent notification server -> client $/progress
16:24:38.721 [debug] sent notification server -> client $/progress
16:24:38.730 [debug] sent notification server -> client $/progress
16:24:38.738 [debug] sent notification server -> client $/progress
16:24:38.747 [debug] sent notification server -> client $/progress
16:24:38.756 [debug] sent notification server -> client $/progress
16:24:38.767 [debug] sent notification server -> client $/progress
16:24:38.775 [debug] sent notification server -> client $/progress
16:24:38.784 [debug] sent notification server -> client $/progress
16:24:38.785 [debug] sent notification server -> client $/progress
16:24:38.799 [debug] sent notification server -> client $/progress
16:24:38.808 [debug] sent notification server -> client $/progress
16:24:38.820 [debug] sent notification server -> client $/progress
16:24:38.834 [debug] sent notification server -> client $/progress
16:24:38.846 [debug] sent notification server -> client $/progress
16:24:38.859 [debug] sent notification server -> client $/progress
16:24:38.860 [debug] sent notification server -> client $/progress
16:24:38.875 [debug] sent notification server -> client $/progress
16:24:38.879 [debug] sent notification server -> client $/progress
16:24:38.883 [debug] sent notification server -> client $/progress
16:24:38.893 [debug] sent notification server -> client $/progress
16:24:38.904 [debug] sent notification server -> client $/progress
16:24:38.914 [debug] sent notification server -> client $/progress
16:24:38.925 [debug] sent notification server -> client $/progress
16:24:38.936 [debug] sent notification server -> client $/progress
16:24:38.946 [debug] sent notification server -> client $/progress
16:24:38.956 [debug] sent notification server -> client $/progress
16:24:38.963 [debug] sent notification server -> client $/progress
16:24:38.972 [debug] sent notification server -> client $/progress
16:24:38.980 [debug] sent notification server -> client $/progress
16:24:38.983 [debug] sent notification server -> client $/progress
16:24:38.991 [debug] sent notification server -> client $/progress
16:24:38.999 [debug] sent notification server -> client $/progress
16:24:39.011 [debug] sent notification server -> client $/progress
16:24:39.022 [debug] sent notification server -> client $/progress
16:24:39.034 [debug] sent notification server -> client $/progress
16:24:39.043 [debug] sent notification server -> client $/progress
16:24:39.043 [debug] sent notification server -> client $/progress
16:24:39.047 [debug] sent notification server -> client $/progress
16:24:39.053 [debug] sent notification server -> client $/progress
16:24:39.062 [debug] sent notification server -> client $/progress
16:24:39.070 [debug] sent notification server -> client $/progress
16:24:39.079 [debug] sent notification server -> client $/progress
16:24:39.089 [debug] sent notification server -> client $/progress
16:24:39.098 [debug] sent notification server -> client $/progress
16:24:39.110 [debug] sent notification server -> client $/progress
16:24:39.122 [debug] sent notification server -> client $/progress
16:24:39.133 [debug] sent notification server -> client $/progress
16:24:39.142 [debug] sent notification server -> client $/progress
16:24:39.150 [debug] sent notification server -> client $/progress
16:24:39.151 [debug] sent notification server -> client $/progress
16:24:39.158 [debug] sent notification server -> client $/progress
16:24:39.166 [debug] sent notification server -> client $/progress
16:24:39.174 [debug] sent notification server -> client $/progress
16:24:39.184 [debug] sent notification server -> client $/progress
16:24:39.191 [debug] sent notification server -> client $/progress
16:24:39.197 [debug] sent notification server -> client $/progress
16:24:39.198 [debug] sent notification server -> client $/progress
16:24:39.207 [debug] sent notification server -> client $/progress
16:24:39.216 [debug] sent notification server -> client $/progress
16:24:39.226 [debug] sent notification server -> client $/progress
16:24:39.238 [debug] sent notification server -> client $/progress
16:24:39.250 [debug] sent notification server -> client $/progress
16:24:39.262 [debug] sent notification server -> client $/progress
16:24:39.275 [debug] sent notification server -> client $/progress
16:24:39.279 [debug] sent notification server -> client $/progress
16:24:39.285 [debug] sent notification server -> client $/progress
16:24:39.292 [debug] sent notification server -> client $/progress
16:24:39.299 [debug] sent notification server -> client $/progress
16:24:39.304 [debug] sent notification server -> client $/progress
16:24:39.307 [debug] sent notification server -> client $/progress
16:24:39.311 [debug] sent notification server -> client $/progress
16:24:39.313 [debug] sent notification server -> client $/progress
16:24:39.316 [debug] sent notification server -> client $/progress
16:24:39.320 [debug] sent notification server -> client $/progress
16:24:39.322 [debug] sent notification server -> client $/progress
16:24:39.327 [debug] sent notification server -> client $/progress
16:24:39.332 [debug] sent notification server -> client $/progress
16:24:39.334 [debug] sent notification server -> client $/progress
16:24:39.339 [debug] sent notification server -> client $/progress
16:24:39.359 [debug] sent notification server -> client $/progress
16:24:39.366 [debug] sent notification server -> client $/progress
16:24:39.371 [debug] sent notification server -> client $/progress
16:24:39.378 [debug] sent notification server -> client $/progress
16:24:39.387 [debug] sent notification server -> client $/progress
16:24:39.393 [debug] sent notification server -> client $/progress
16:24:39.396 [debug] sent notification server -> client $/progress
16:24:39.399 [debug] sent notification server -> client $/progress
16:24:39.406 [debug] sent notification server -> client $/progress
16:24:39.421 [debug] sent notification server -> client $/progress
16:24:39.437 [debug] sent notification server -> client $/progress
16:24:39.446 [debug] sent notification server -> client $/progress
16:24:39.473 [debug] sent notification server -> client $/progress
16:24:39.774 [debug] sent notification server -> client $/progress
16:24:39.797 [debug] sent notification server -> client $/progress
16:24:39.807 [debug] sent notification server -> client $/progress
16:24:39.816 [debug] sent notification server -> client $/progress
16:24:39.831 [debug] sent notification server -> client $/progress
16:24:39.855 [debug] sent notification server -> client $/progress
16:24:39.870 [debug] sent notification server -> client $/progress
16:24:39.872 [debug] sent notification server -> client $/progress
16:24:39.887 [debug] sent notification server -> client $/progress
16:24:39.905 [debug] sent notification server -> client $/progress
16:24:39.918 [debug] sent notification server -> client $/progress
16:24:39.926 [debug] sent notification server -> client $/progress
16:24:39.939 [debug] sent notification server -> client $/progress
16:24:39.950 [debug] sent notification server -> client $/progress
16:24:39.961 [debug] sent notification server -> client $/progress
16:24:39.975 [debug] sent notification server -> client $/progress
16:24:39.984 [debug] sent notification server -> client $/progress
16:24:39.992 [debug] sent notification server -> client $/progress
16:24:40.002 [debug] sent notification server -> client $/progress
16:24:40.014 [debug] sent notification server -> client $/progress
16:24:40.020 [debug] sent notification server -> client $/progress
16:24:40.028 [debug] sent notification server -> client $/progress
16:24:40.039 [debug] sent notification server -> client $/progress
16:24:40.050 [debug] sent notification server -> client $/progress
16:24:40.059 [debug] sent notification server -> client $/progress
16:24:40.063 [debug] sent notification server -> client $/progress
16:24:40.071 [debug] sent notification server -> client $/progress
16:24:40.075 [debug] sent notification server -> client $/progress
16:24:40.080 [debug] sent notification server -> client $/progress
16:24:40.083 [debug] sent notification server -> client $/progress
16:24:40.084 [debug] sent notification server -> client $/progress
16:24:40.088 [debug] sent notification server -> client $/progress
16:24:40.091 [debug] sent notification server -> client $/progress
16:24:40.096 [debug] sent notification server -> client $/progress
16:24:40.098 [debug] sent notification server -> client $/progress
16:24:40.102 [debug] sent notification server -> client $/progress
16:24:40.105 [debug] sent notification server -> client $/progress
16:24:40.109 [debug] sent notification server -> client $/progress
16:24:40.140 [debug] sent notification server -> client $/progress
16:24:40.142 [debug] sent notification server -> client $/progress
16:24:40.187 [debug] sent notification server -> client $/progress
16:24:40.194 [debug] sent notification server -> client $/progress
16:24:40.194 [debug] sent notification server -> client $/progress
16:24:40.202 [debug] sent notification server -> client $/progress
16:24:40.209 [debug] sent notification server -> client $/progress
16:24:40.214 [debug] sent notification server -> client $/progress
16:24:40.226 [debug] sent notification server -> client $/progress
16:24:40.238 [debug] sent notification server -> client $/progress
16:24:40.261 [debug] sent notification server -> client $/progress
16:24:40.269 [debug] sent notification server -> client $/progress
16:24:40.274 [debug] sent notification server -> client $/progress
16:24:40.275 [debug] sent notification server -> client $/progress
16:24:40.278 [debug] sent notification server -> client $/progress
16:24:40.292 [debug] sent notification server -> client $/progress
16:24:40.310 [debug] sent notification server -> client $/progress
16:24:40.323 [debug] sent notification server -> client $/progress
16:24:40.333 [debug] sent notification server -> client $/progress
16:24:40.340 [debug] sent notification server -> client $/progress
16:24:40.342 [debug] sent notification server -> client $/progress
16:24:40.417 [debug] sent notification server -> client $/progress
16:24:40.423 [debug] sent notification server -> client $/progress
16:24:40.425 [debug] sent notification server -> client $/progress
16:24:40.476 [debug] sent notification server -> client $/progress
16:24:40.521 [debug] sent notification server -> client $/progress
16:24:40.573 [debug] sent notification server -> client $/progress
16:24:40.577 [debug] sent notification server -> client $/progress
16:24:40.610 [debug] sent notification server -> client $/progress
16:24:40.717 [debug] sent notification server -> client $/progress
16:24:40.725 [debug] sent notification server -> client $/progress
16:24:40.922 [debug] sent notification server -> client $/progress
16:24:40.945 [debug] sent notification server -> client $/progress
16:24:41.094 [debug] sent notification server -> client $/progress
16:24:41.117 [debug] sent notification server -> client $/progress
16:24:41.161 [debug] sent notification server -> client $/progress
16:24:41.168 [debug] sent notification server -> client $/progress
16:24:41.169 [debug] sent notification server -> client $/progress
16:24:41.180 [debug] sent notification server -> client $/progress
16:24:41.192 [debug] sent notification server -> client $/progress
16:24:41.198 [debug] sent notification server -> client $/progress
16:24:41.203 [debug] sent notification server -> client $/progress
16:24:41.217 [debug] sent notification server -> client $/progress
16:24:41.225 [debug] sent notification server -> client $/progress
16:24:41.231 [debug] sent notification server -> client $/progress
16:24:41.237 [debug] sent notification server -> client $/progress
16:24:41.279 [debug] sent notification server -> client $/progress
16:24:41.337 [debug] sent notification server -> client $/progress
16:24:41.351 [debug] sent notification server -> client $/progress
16:24:41.358 [debug] sent notification server -> client $/progress
16:24:41.365 [debug] sent notification server -> client $/progress
16:24:41.371 [debug] sent notification server -> client $/progress
16:24:41.375 [debug] sent notification server -> client $/progress
16:24:41.378 [debug] sent notification server -> client $/progress
16:24:41.383 [debug] sent notification server -> client $/progress
16:24:41.386 [debug] sent notification server -> client $/progress
16:24:41.389 [debug] sent notification server -> client $/progress
16:24:41.393 [debug] sent notification server -> client $/progress
16:24:41.397 [debug] sent notification server -> client $/progress
16:24:41.400 [debug] sent notification server -> client $/progress
16:24:41.401 [debug] sent notification server -> client $/progress
16:24:41.442 [debug] sent notification server -> client $/progress
16:24:41.466 [debug] sent notification server -> client $/progress
16:24:41.504 [debug] sent notification server -> client $/progress
16:24:41.514 [debug] sent notification server -> client $/progress
16:24:41.520 [debug] sent notification server -> client $/progress
16:24:41.525 [debug] sent notification server -> client $/progress
16:24:41.529 [debug] sent notification server -> client $/progress
16:24:41.535 [debug] sent notification server -> client $/progress
16:24:41.536 [debug] sent notification server -> client $/progress
16:24:41.570 [debug] sent notification server -> client $/progress
16:24:41.581 [debug] sent notification server -> client $/progress
16:24:41.582 [debug] sent notification server -> client $/progress
16:24:41.585 [debug] sent notification server -> client $/progress
16:24:41.593 [debug] sent notification server -> client $/progress
16:24:41.616 [debug] sent notification server -> client $/progress
16:24:41.676 [debug] sent notification server -> client $/progress
16:24:41.797 [debug] sent notification server -> client $/progress
16:24:41.803 [debug] sent notification server -> client $/progress
16:24:41.807 [debug] sent notification server -> client $/progress
16:24:41.808 [debug] sent notification server -> client $/progress
16:24:41.819 [debug] sent notification server -> client $/progress
16:24:41.819 [debug] sent notification server -> client $/progress
16:24:41.827 [debug] sent notification server -> client $/progress
16:24:41.829 [debug] sent notification server -> client $/progress
16:24:41.836 [debug] sent notification server -> client $/progress
16:24:41.837 [debug] sent notification server -> client $/progress
16:24:41.843 [debug] sent notification server -> client $/progress
16:24:41.857 [debug] sent notification server -> client $/progress
16:24:41.870 [debug] sent notification server -> client $/progress
16:24:42.056 [debug] sent notification server -> client $/progress
16:24:42.068 [debug] sent notification server -> client $/progress
16:24:42.070 [debug] sent notification server -> client $/progress
16:24:42.073 [debug] sent notification server -> client $/progress
16:24:42.075 [debug] sent notification server -> client $/progress
16:24:42.097 [debug] sent notification server -> client $/progress
16:24:42.124 [debug] sent notification server -> client $/progress
16:24:42.135 [info] Compiled bloc_the_line in 18.9 seconds
16:24:42.174 [debug] sent request server -> client window/workDoneProgress/create
16:24:42.174 [debug] sent notification server -> client $/progress
16:24:42.224 [debug] sent notification server -> client textDocument/publishDiagnostics
16:24:42.683 [debug] sent notification server -> client $/progress
16:24:42.727 [debug] sent notification server -> client $/progress
16:24:42.771 [debug] sent notification server -> client $/progress
16:24:42.798 [debug] sent notification server -> client $/progress
16:24:42.816 [debug] sent notification server -> client $/progress
16:24:42.839 [debug] sent notification server -> client $/progress
16:24:42.872 [debug] sent notification server -> client $/progress
16:24:42.886 [debug] sent notification server -> client $/progress
16:24:42.886 [debug] sent notification server -> client $/progress
16:24:42.891 [debug] sent notification server -> client $/progress
16:24:42.899 [debug] sent notification server -> client $/progress
16:24:42.916 [debug] sent notification server -> client $/progress
16:24:42.917 [debug] sent notification server -> client $/progress
16:24:42.947 [debug] sent notification server -> client $/progress
16:24:43.056 [debug] sent notification server -> client $/progress
16:24:43.235 [debug] sent notification server -> client $/progress
16:24:43.266 [debug] sent notification server -> client $/progress
16:24:43.280 [debug] sent notification server -> client $/progress
16:24:43.401 [debug] sent notification server -> client $/progress
16:24:43.410 [debug] sent notification server -> client $/progress
16:24:43.412 [debug] sent notification server -> client $/progress
16:24:43.414 [debug] sent notification server -> client $/progress
16:24:43.422 [debug] sent notification server -> client $/progress
16:24:43.451 [debug] sent notification server -> client $/progress
16:24:43.456 [debug] sent notification server -> client $/progress
16:24:43.458 [debug] sent notification server -> client $/progress
16:24:43.465 [debug] sent notification server -> client $/progress
16:24:43.467 [debug] sent notification server -> client $/progress
16:24:43.484 [debug] sent notification server -> client $/progress
16:24:43.508 [debug] sent notification server -> client $/progress
16:24:43.541 [debug] sent notification server -> client $/progress
16:24:43.604 [debug] sent notification server -> client $/progress
16:24:43.619 [debug] sent notification server -> client $/progress
16:24:44.172 [debug] handled notification client -> server textDocument/didChange in 851µs
16:24:44.173 [info] Completion for XpPos<<1, 12>>
16:24:44.225 [debug] sent notification server -> client textDocument/publishDiagnostics
16:24:44.323 [debug] handled notification client -> server textDocument/didChange in 2ms
16:24:44.388 [debug] sent notification server -> client textDocument/publishDiagnostics
16:24:44.470 [debug] handled notification client -> server textDocument/didChange in 930µs
16:24:44.523 [debug] sent notification server -> client textDocument/publishDiagnostics
16:24:44.674 [debug] handled notification client -> server textDocument/didChange in 2ms
16:24:44.729 [debug] sent notification server -> client textDocument/publishDiagnostics
16:24:44.917 [debug] handled notification client -> server textDocument/didChange in 2ms
16:24:44.972 [debug] sent notification server -> client textDocument/publishDiagnostics
16:24:46.172 [debug] handled notification client -> server $/cancelRequest in 285µs
16:24:46.173 [info] Completion for XpPos<<1, 16>>
16:24:47.369 [info] Local completions are: []
16:24:47.370 [info] Emitting Completions: []
16:24:47.370 [debug] handled request client -> server textDocument/completion in 1197ms
16:24:48.009 [debug] handled notification client -> server textDocument/didChange in 923µs
16:24:48.010 [info] Completion for XpPos<<1, 15>>
16:24:48.038 [info] Local completions are: []
16:24:48.039 [info] Emitting Completions: []
16:24:48.039 [debug] handled request client -> server textDocument/completion in 29ms
16:24:48.061 [debug] sent notification server -> client textDocument/publishDiagnostics
16:24:48.610 [debug] handled notification client -> server textDocument/didChange in 1ms
16:24:48.611 [info] Completion for XpPos<<1, 14>>
16:24:48.640 [info] Local completions are: []
16:24:48.640 [info] Emitting Completions: []
16:24:48.640 [debug] handled request client -> server textDocument/completion in 30ms
16:24:48.662 [debug] sent notification server -> client textDocument/publishDiagnostics
16:24:48.690 [info] Completion for XpPos<<1, 12>>
16:24:48.691 [debug] handled notification client -> server textDocument/didChange in 1ms
16:24:48.718 [info] Local completions are: [function: (pop_in, put_elem, put_in)   macro: (pop_in, put_in)   ]
16:24:48.727 [info] Emitting Completions: [3:pop_in(data, keys) 3:put_elem(tuple, index, value) 3:put_in(data, keys, value) 3:pop_in(path) 3:put_in(path, value) ]
16:24:48.729 [debug] handled request client -> server textDocument/completion in 38ms
16:24:48.742 [debug] sent notification server -> client textDocument/publishDiagnostics
16:24:48.840 [debug] handled notification client -> server textDocument/didChange in 937µs
16:24:48.891 [debug] sent notification server -> client textDocument/publishDiagnostics
16:24:48.990 [debug] handled notification client -> server textDocument/didChange in 803µs
16:24:49.043 [debug] sent notification server -> client textDocument/publishDiagnostics
16:24:49.321 [debug] handled notification client -> server textDocument/didChange in 926µs
16:24:49.374 [debug] sent notification server -> client textDocument/publishDiagnostics
16:24:49.469 [debug] handled notification client -> server textDocument/didChange in 1ms
16:24:49.476 [info] Completion for XpPos<<1, 12>>
16:24:49.518 [info] Local completions are: [behaviour: (Plug, Protocol)   module: (PartitionSupervisor, Path, Phoenix, PhoenixHTML, PhoenixTemplate, Phx, Port, Process)   ]
16:24:49.521 [debug] sent notification server -> client textDocument/publishDiagnostics
16:24:49.522 [info] Emitting Completions: [9:PartitionSupervisor 9:Path 9:Phoenix 9:PhoenixHTML 9:PhoenixTemplate 9:Phx 9:Plug 9:Port 9:Process 9:Protocol ]
16:24:49.523 [debug] handled request client -> server textDocument/completion in 53ms
16:24:49.778 [debug] handled notification client -> server textDocument/didChange in 923µs
16:24:49.831 [debug] sent notification server -> client textDocument/publishDiagnostics
16:24:49.926 [debug] handled notification client -> server textDocument/didChange in 882µs
16:24:49.978 [debug] sent notification server -> client textDocument/publishDiagnostics
16:24:50.089 [debug] handled notification client -> server textDocument/didChange in 858µs
16:24:50.142 [debug] sent notification server -> client textDocument/publishDiagnostics
16:24:50.321 [debug] handled notification client -> server textDocument/didChange in 875µs
16:24:50.374 [debug] sent notification server -> client textDocument/publishDiagnostics
16:24:50.471 [debug] handled notification client -> server textDocument/didChange in 827µs
16:24:50.523 [debug] sent notification server -> client textDocument/publishDiagnostics
16:24:50.606 [debug] handled notification client -> server textDocument/didChange in 1ms
16:24:50.612 [info] Emitting Completions: [:do/end block ]
16:24:50.613 [debug] handled request client -> server textDocument/completion in 7ms
16:24:50.658 [debug] sent notification server -> client textDocument/publishDiagnostics
16:24:50.754 [debug] handled notification client -> server textDocument/didChange in 963µs
16:24:50.806 [debug] sent notification server -> client textDocument/publishDiagnostics
16:24:50.972 [debug] handled notification client -> server textDocument/didChange in 810µs
16:24:51.024 [debug] sent notification server -> client textDocument/publishDiagnostics
16:24:51.115 [debug] handled notification client -> server textDocument/didChange in 835µs
16:24:51.166 [debug] sent notification server -> client textDocument/publishDiagnostics
16:24:51.749 [debug] handled notification client -> server textDocument/didChange in 852µs
16:24:51.800 [debug] sent notification server -> client textDocument/publishDiagnostics
16:24:51.898 [debug] handled notification client -> server textDocument/didChange in 1ms
16:24:51.950 [debug] sent notification server -> client textDocument/publishDiagnostics
16:24:52.022 [debug] handled notification client -> server textDocument/didChange in 1ms
16:24:52.022 [info] Completion for XpPos<<2, 2>>
16:24:52.054 [info] Local completions are: [function: (elem, exit)   ]
16:24:52.054 [info] Emitting Completions: [3:elem(tuple, index) 3:exit(reason) ]
16:24:52.054 [debug] handled request client -> server textDocument/completion in 33ms
16:24:52.074 [debug] sent notification server -> client textDocument/publishDiagnostics
16:24:52.170 [debug] handled notification client -> server textDocument/didChange in 781µs
16:24:52.221 [debug] sent notification server -> client textDocument/publishDiagnostics
16:24:52.319 [debug] handled notification client -> server textDocument/didChange in 802µs
16:24:52.381 [debug] sent notification server -> client textDocument/publishDiagnostics
16:24:53.128 [debug] handled notification client -> server textDocument/didChange in 823µs
16:24:53.190 [debug] sent notification server -> client textDocument/publishDiagnostics
16:24:53.277 [debug] handled notification client -> server textDocument/didChange in 1ms
16:24:53.341 [debug] sent notification server -> client textDocument/publishDiagnostics
16:24:54.759 [debug] handled notification client -> server textDocument/didChange in 738µs
16:24:54.823 [debug] sent notification server -> client textDocument/publishDiagnostics
16:24:54.909 [debug] handled notification client -> server textDocument/didChange in 1ms
16:24:54.989 [debug] sent notification server -> client textDocument/publishDiagnostics
16:27:27.938 [debug] handled notification client -> server textDocument/didChange in 824µs
16:27:28.003 [debug] sent notification server -> client textDocument/publishDiagnostics
16:27:28.086 [debug] handled notification client -> server textDocument/didChange in 1ms
16:27:28.163 [debug] sent notification server -> client textDocument/publishDiagnostics
16:27:28.407 [debug] handled notification client -> server textDocument/didChange in 911µs
16:27:28.408 [info] Completion for XpPos<<2, 4>>
16:27:28.439 [info] Local completions are: [function: (div)   macro: (dbg, dbg, dbg, def, def, defdelegate, defexception, defguard, defguardp, defimpl, defimpl, defmacro, defmacro, defmacrop, defmacrop, defmodule, defoverridable, defp, defp, defprotocol, defstruct, destructure)   ]
16:27:28.441 [info] Emitting Completions: [3:div(dividend, divisor) 3:dbg() 3:dbg(code) 3:dbg(code, options) 7:def (define a function) 7:defdelegate (define a delegate function) 7:defexception (define an exception) 7:defguard (define a guard macro) 7:defguardp (define a private guard macro) 7:defimpl (define a protocol implementation) 7:defmacro (define a macro) 7:defmacrop (define a private macro) 7:defmodule (define a module) 7:defoverridable (mark a function as overridable) 7:defp (define a private function) 7:defprotocol (define a protocol) 7:defstruct (define a struct) ]
16:27:28.442 [debug] handled request client -> server textDocument/completion in 34ms
16:27:28.458 [debug] sent notification server -> client textDocument/publishDiagnostics
16:27:28.642 [debug] handled notification client -> server textDocument/didChange in 1ms
16:27:28.695 [debug] sent notification server -> client textDocument/publishDiagnostics
16:27:28.853 [debug] handled notification client -> server textDocument/didChange in 821µs
16:27:28.906 [debug] sent notification server -> client textDocument/publishDiagnostics
16:27:29.153 [debug] handled notification client -> server textDocument/didChange in 951µs
16:27:29.206 [debug] sent notification server -> client textDocument/publishDiagnostics
16:27:29.303 [debug] handled notification client -> server textDocument/didChange in 868µs
16:27:29.356 [debug] sent notification server -> client textDocument/publishDiagnostics
16:27:29.483 [debug] handled notification client -> server textDocument/didChange in 1ms
16:27:29.536 [debug] sent notification server -> client textDocument/publishDiagnostics
16:27:29.633 [debug] handled notification client -> server textDocument/didChange in 974µs
16:27:29.686 [debug] sent notification server -> client textDocument/publishDiagnostics
16:27:29.784 [debug] handled notification client -> server textDocument/didChange in 870µs
16:27:29.836 [debug] sent notification server -> client textDocument/publishDiagnostics
16:27:30.226 [debug] handled notification client -> server textDocument/didChange in 1ms
16:27:30.279 [debug] sent notification server -> client textDocument/publishDiagnostics
16:27:36.928 [debug] handled notification client -> server textDocument/didChange in 847µs
16:27:36.981 [debug] sent notification server -> client textDocument/publishDiagnostics
16:27:37.141 [debug] handled notification client -> server textDocument/didChange in 919µs
16:27:37.142 [info] Completion for XpPos<<2, 14>>
16:27:37.175 [info] Local completions are: [function: (ceil)   macro: (case, cond)   ]
16:27:37.176 [info] Emitting Completions: [3:ceil(number) 7:case (case statement) 7:cond (cond statement) ]
16:27:37.177 [debug] handled request client -> server textDocument/completion in 35ms
16:27:37.193 [debug] sent notification server -> client textDocument/publishDiagnostics
16:27:37.464 [debug] handled notification client -> server textDocument/didChange in 1ms
16:27:37.517 [debug] sent notification server -> client textDocument/publishDiagnostics
16:27:37.613 [debug] handled notification client -> server textDocument/didChange in 858µs
16:27:37.665 [debug] sent notification server -> client textDocument/publishDiagnostics
16:27:37.761 [debug] handled notification client -> server textDocument/didChange in 920µs
16:27:37.814 [debug] sent notification server -> client textDocument/publishDiagnostics
16:27:37.912 [debug] handled notification client -> server textDocument/didChange in 1ms
16:27:37.964 [debug] sent notification server -> client textDocument/publishDiagnostics
16:27:38.678 [debug] handled notification client -> server textDocument/didChange in 870µs
16:27:38.680 [info] Emitting Completions: []
16:27:38.680 [debug] handled request client -> server textDocument/completion in 1ms
16:27:38.730 [debug] sent notification server -> client textDocument/publishDiagnostics
16:27:38.829 [debug] handled notification client -> server textDocument/didChange in 875µs
16:27:38.879 [debug] sent notification server -> client textDocument/publishDiagnostics
16:27:39.011 [debug] handled notification client -> server textDocument/didChange in 779µs
16:27:39.012 [info] Completion for XpPos<<2, 21>>
16:27:39.042 [info] Local completions are: [function: (length)   ]
16:27:39.043 [info] Emitting Completions: [3:length(list) ]
16:27:39.043 [debug] handled request client -> server textDocument/completion in 32ms
16:27:39.062 [debug] sent notification server -> client textDocument/publishDiagnostics
16:27:39.163 [debug] handled notification client -> server textDocument/didChange in 2ms
16:27:39.216 [debug] sent notification server -> client textDocument/publishDiagnostics
16:27:39.313 [debug] handled notification client -> server textDocument/didChange in 975µs
16:27:39.364 [debug] sent notification server -> client textDocument/publishDiagnostics
16:27:39.462 [debug] handled notification client -> server textDocument/didChange in 1ms
16:27:39.516 [debug] sent notification server -> client textDocument/publishDiagnostics
16:27:54.248 [debug] handled notification client -> server textDocument/didChange in 967µs
16:27:54.299 [debug] sent notification server -> client textDocument/publishDiagnostics
16:27:54.396 [debug] handled notification client -> server textDocument/didChange in 938µs
16:27:54.447 [debug] sent notification server -> client textDocument/publishDiagnostics
16:27:59.517 [debug] handled notification client -> server textDocument/didChange in 982µs
16:27:59.518 [info] Completion for XpPos<<2, 27>>
16:27:59.551 [info] Local completions are: [function: (ceil)   macro: (case, cond)   ]
16:27:59.551 [info] Emitting Completions: [3:ceil(number) 7:case (case statement) 7:cond (cond statement) ]
16:27:59.552 [debug] handled request client -> server textDocument/completion in 34ms
16:27:59.568 [debug] sent notification server -> client textDocument/publishDiagnostics
16:27:59.666 [debug] handled notification client -> server textDocument/didChange in 978µs
16:27:59.718 [debug] sent notification server -> client textDocument/publishDiagnostics
16:27:59.815 [debug] handled notification client -> server textDocument/didChange in 920µs
16:27:59.868 [debug] sent notification server -> client textDocument/publishDiagnostics
16:27:59.963 [debug] handled notification client -> server textDocument/didChange in 966µs
16:28:00.015 [debug] sent notification server -> client textDocument/publishDiagnostics
16:28:00.111 [debug] handled notification client -> server textDocument/didChange in 1ms
16:28:00.163 [debug] sent notification server -> client textDocument/publishDiagnostics
16:28:00.265 [debug] handled notification client -> server textDocument/didChange in 669µs
16:28:00.317 [debug] sent notification server -> client textDocument/publishDiagnostics
16:28:00.648 [debug] handled notification client -> server textDocument/didChange in 919µs
16:28:00.649 [info] Emitting Completions: []
16:28:00.649 [debug] handled request client -> server textDocument/completion in 1ms
16:28:00.699 [debug] sent notification server -> client textDocument/publishDiagnostics
16:28:00.823 [debug] handled notification client -> server textDocument/didChange in 905µs
16:28:00.875 [debug] sent notification server -> client textDocument/publishDiagnostics
16:28:00.982 [debug] handled notification client -> server textDocument/didChange in 817µs
16:28:00.984 [info] Completion for XpPos<<2, 36>>
16:28:01.014 [info] Local completions are: [function: (length)   ]
16:28:01.015 [info] Emitting Completions: [3:length(list) ]
16:28:01.015 [debug] handled request client -> server textDocument/completion in 32ms
16:28:01.035 [debug] sent notification server -> client textDocument/publishDiagnostics
16:28:01.131 [debug] handled notification client -> server textDocument/didChange in 965µs
16:28:01.184 [debug] sent notification server -> client textDocument/publishDiagnostics
16:28:01.280 [debug] handled notification client -> server textDocument/didChange in 936µs
16:28:01.332 [debug] sent notification server -> client textDocument/publishDiagnostics
16:28:02.807 [debug] handled notification client -> server textDocument/didSave in 2ms
16:28:02.858 [debug] sent request server -> client window/workDoneProgress/create
16:28:02.859 [debug] sent notification server -> client $/progress
16:28:02.907 [debug] sent notification server -> client $/progress
16:28:02.907 [info] Compiled bloc_the_line in 49 ms
16:28:02.907 [debug] sent notification server -> client textDocument/publishDiagnostics
16:29:21.016 [debug] handled notification client -> server textDocument/didChange in 961µs
16:29:21.068 [debug] sent notification server -> client textDocument/publishDiagnostics
16:29:21.287 [debug] handled notification client -> server textDocument/didChange in 842µs
16:29:21.290 [debug] handled notification client -> server textDocument/didChange in 809µs
16:29:21.290 [info] Completion for XpPos<<2, 21>>
16:29:21.291 [info] Local completions are: []
16:29:21.291 [info] Emitting Completions: []
16:29:21.291 [debug] handled request client -> server textDocument/completion in 2ms
16:29:21.341 [debug] sent notification server -> client textDocument/publishDiagnostics
16:29:23.651 [debug] handled notification client -> server textDocument/didChange in 1ms
16:29:23.702 [debug] sent notification server -> client textDocument/publishDiagnostics
16:29:23.951 [debug] handled notification client -> server textDocument/didChange in 893µs
16:29:23.955 [debug] handled notification client -> server textDocument/didChange in 1ms
16:29:23.955 [info] Completion for XpPos<<2, 34>>
16:29:23.955 [info] Local completions are: []
16:29:23.956 [info] Emitting Completions: []
16:29:23.956 [debug] handled request client -> server textDocument/completion in 1ms
16:29:24.033 [debug] sent notification server -> client textDocument/publishDiagnostics
16:29:26.462 [debug] handled notification client -> server textDocument/didSave in 549µs
16:29:26.513 [debug] sent request server -> client window/workDoneProgress/create
16:29:26.514 [debug] sent notification server -> client $/progress
16:29:26.579 [debug] sent notification server -> client $/progress
16:29:26.585 [debug] sent notification server -> client $/progress
16:29:26.585 [info] Compiled bloc_the_line in 71 ms
16:29:26.585 [debug] sent notification server -> client textDocument/publishDiagnostics
16:30:30.379 [debug] handled notification client -> server textDocument/didChange in 863µs
16:30:30.380 [info] Completion for XpPos<<2, 14>>
16:30:30.414 [info] Local completions are: [function: (node, node, not)   ]
16:30:30.415 [info] Emitting Completions: [3:node() 3:node(arg) 3:not(value) ]
16:30:30.415 [debug] handled request client -> server textDocument/completion in 35ms
16:30:30.448 [debug] sent notification server -> client textDocument/publishDiagnostics
16:30:30.528 [debug] handled notification client -> server textDocument/didChange in 884µs
16:30:30.598 [debug] sent notification server -> client textDocument/publishDiagnostics
16:30:30.678 [debug] handled notification client -> server textDocument/didChange in 1ms
16:30:30.760 [debug] sent notification server -> client textDocument/publishDiagnostics
16:30:30.827 [debug] handled notification client -> server textDocument/didChange in 910µs
16:30:30.908 [debug] sent notification server -> client textDocument/publishDiagnostics
16:30:31.097 [debug] handled notification client -> server textDocument/didChange in 953µs
16:30:31.098 [info] Emitting Completions: []
16:30:31.098 [debug] handled request client -> server textDocument/completion in 1ms
16:30:31.149 [debug] sent notification server -> client textDocument/publishDiagnostics
16:30:32.523 [debug] handled notification client -> server textDocument/didChange in 852µs
16:30:32.575 [debug] sent notification server -> client textDocument/publishDiagnostics
16:30:32.768 [debug] handled notification client -> server textDocument/didChange in 1ms
16:30:32.769 [info] Completion for XpPos<<2, 20>>
16:30:32.800 [info] Local completions are: [function: (self, send, spawn, spawn, spawn_link, spawn_link, spawn_monitor, spawn_monitor, struct, struct, struct!, struct!)   macro: (super, sigil_C, sigil_D, sigil_N, sigil_R, sigil_S, sigil_T, sigil_U, sigil_W, sigil_c, sigil_r, sigil_s, sigil_w)   ]
16:30:32.801 [info] Emitting Completions: [3:self() 3:send(dest, message) 3:spawn(fun) 3:spawn(module, fun, args) 3:spawn_link(fun) 3:spawn_link(module, fun, args) 3:spawn_monitor(fun) 3:spawn_monitor(module, fun, args) 3:struct(struct) 3:struct(struct, fields) 3:struct!(struct) 3:struct!(struct, fields) 3:super(args) 3:sigil_C(term, modifiers) 3:sigil_D(date_string, modifiers) 3:sigil_N(naive_datetime_string, modifiers) 3:sigil_R(arg, options) 3:sigil_S(term, modifiers) 3:sigil_T(time_string, modifiers) 3:sigil_U(datetime_string, modifiers) 3:sigil_W(term, modifiers) 3:sigil_c(term, modifiers) 3:sigil_r(term, modifiers) 3:sigil_s(term, modifiers) 3:sigil_w(term, modifiers) ]
16:30:32.803 [debug] handled request client -> server textDocument/completion in 34ms
16:30:32.818 [debug] sent notification server -> client textDocument/publishDiagnostics
16:30:32.917 [debug] handled notification client -> server textDocument/didChange in 870µs
16:30:32.968 [debug] sent notification server -> client textDocument/publishDiagnostics
16:30:33.067 [debug] handled notification client -> server textDocument/didChange in 1ms
16:30:33.119 [debug] sent notification server -> client textDocument/publishDiagnostics
16:30:33.217 [debug] handled notification client -> server textDocument/didChange in 1ms
16:30:33.268 [debug] sent notification server -> client textDocument/publishDiagnostics
16:30:33.366 [debug] handled notification client -> server textDocument/didChange in 687µs
16:30:33.417 [debug] sent notification server -> client textDocument/publishDiagnostics
16:30:33.515 [debug] handled notification client -> server textDocument/didChange in 766µs
16:30:33.569 [debug] sent notification server -> client textDocument/publishDiagnostics
16:31:13.618 [debug] handled notification client -> server textDocument/didChange in 798µs
16:31:13.670 [debug] sent notification server -> client textDocument/publishDiagnostics
16:31:13.766 [debug] handled notification client -> server textDocument/didChange in 731µs
16:31:13.819 [debug] sent notification server -> client textDocument/publishDiagnostics
16:31:14.425 [debug] handled notification client -> server textDocument/didChange in 783µs
16:31:14.478 [debug] sent notification server -> client textDocument/publishDiagnostics
16:31:17.358 [debug] handled notification client -> server textDocument/didChange in 937µs
16:31:17.411 [debug] sent notification server -> client textDocument/publishDiagnostics
16:31:17.961 [debug] handled notification client -> server textDocument/didChange in 943µs
16:31:18.013 [debug] sent notification server -> client textDocument/publishDiagnostics
16:31:18.106 [debug] handled notification client -> server textDocument/didChange in 867µs
16:31:18.158 [debug] sent notification server -> client textDocument/publishDiagnostics
16:31:18.253 [debug] handled notification client -> server textDocument/didChange in 951µs
16:31:18.304 [debug] sent notification server -> client textDocument/publishDiagnostics
16:31:18.399 [debug] handled notification client -> server textDocument/didChange in 1ms
16:31:18.450 [debug] sent notification server -> client textDocument/publishDiagnostics
16:31:18.546 [debug] handled notification client -> server textDocument/didChange in 939µs
16:31:18.598 [debug] sent notification server -> client textDocument/publishDiagnostics
16:31:18.693 [debug] handled notification client -> server textDocument/didChange in 1ms
16:31:18.745 [debug] sent notification server -> client textDocument/publishDiagnostics
16:31:18.840 [debug] handled notification client -> server textDocument/didChange in 815µs
16:31:18.891 [debug] sent notification server -> client textDocument/publishDiagnostics
16:31:18.993 [debug] handled notification client -> server textDocument/didChange in 600µs
16:31:19.046 [debug] sent notification server -> client textDocument/publishDiagnostics
16:31:19.370 [debug] handled notification client -> server textDocument/didChange in 900µs
16:31:19.378 [info] Emitting Completions: [5:cornres: cornres 5:namecells: namecells ]
16:31:19.378 [debug] handled request client -> server textDocument/completion in 7ms
16:31:19.421 [debug] sent notification server -> client textDocument/publishDiagnostics
16:31:19.597 [debug] handled notification client -> server textDocument/didChange in 967µs
16:31:19.649 [debug] sent notification server -> client textDocument/publishDiagnostics
16:31:19.747 [debug] handled notification client -> server textDocument/didChange in 925µs
16:31:19.797 [debug] sent notification server -> client textDocument/publishDiagnostics
16:31:19.895 [debug] handled notification client -> server textDocument/didChange in 876µs
16:31:19.947 [debug] sent notification server -> client textDocument/publishDiagnostics
16:31:20.045 [debug] handled notification client -> server textDocument/didChange in 795µs
16:31:20.096 [debug] sent notification server -> client textDocument/publishDiagnostics
16:31:20.223 [debug] handled notification client -> server textDocument/didChange in 1ms
16:31:20.225 [info] Emitting Completions: []
16:31:20.225 [debug] handled request client -> server textDocument/completion in 1ms
16:31:20.274 [debug] sent notification server -> client textDocument/publishDiagnostics
16:31:20.423 [debug] handled notification client -> server textDocument/didChange in 984µs
16:31:20.474 [debug] sent notification server -> client textDocument/publishDiagnostics
16:31:21.863 [debug] handled notification client -> server textDocument/didChange in 688µs
16:31:21.865 [info] Completion for XpPos<<3, 54>>
16:31:21.897 [info] Local completions are: [module: (List, Logger)   struct: (LazyHTML)   ]
16:31:21.898 [info] Emitting Completions: [9:List 9:Logger ]
16:31:21.898 [debug] handled request client -> server textDocument/completion in 35ms
16:31:21.914 [debug] sent notification server -> client textDocument/publishDiagnostics
16:31:22.598 [debug] handled notification client -> server textDocument/didChange in 700µs
16:31:22.650 [debug] sent notification server -> client textDocument/publishDiagnostics
16:31:22.747 [debug] handled notification client -> server textDocument/didChange in 915µs
16:31:22.800 [debug] sent notification server -> client textDocument/publishDiagnostics
16:31:22.897 [debug] handled notification client -> server textDocument/didChange in 1ms
16:31:22.951 [debug] sent notification server -> client textDocument/publishDiagnostics
16:31:23.085 [debug] handled notification client -> server textDocument/didChange in 762µs
16:31:23.087 [info] Completion for XpPos<<3, 58>>
16:31:23.121 [info] Local completions are: [function: (__info__, ascii_printable?, ascii_printable?, delete, delete_at, duplicate, ends_with?, first, first, flatten, flatten, foldl, foldr, improper?, insert_at, keydelete, keyfind, keyfind, keyfind!, keymember?, keyreplace, keysort, keysort, keystore, keytake, last, last, module_info, module_info, myers_difference, myers_difference, pop_at, pop_at, replace_at, starts_with?, to_atom, to_charlist, to_existing_atom, to_float, to_integer, to_integer, to_string, to_tuple, update_at, wrap, zip)   protocol: (Chars)   ]
16:31:23.127 [info] Emitting Completions: []
16:31:23.127 [debug] handled request client -> server textDocument/completion in 41ms
16:31:23.136 [debug] sent notification server -> client textDocument/publishDiagnostics
16:31:23.626 [debug] handled notification client -> server textDocument/didChange in 843µs
16:31:23.679 [debug] sent notification server -> client textDocument/publishDiagnostics
16:31:24.593 [debug] handled notification client -> server textDocument/didChange in 922µs
16:31:24.594 [info] Completion for XpPos<<3, 58>>
16:31:24.623 [info] Local completions are: []
16:31:24.623 [info] Emitting Completions: []
16:31:24.623 [debug] handled request client -> server textDocument/completion in 30ms
16:31:24.644 [debug] sent notification server -> client textDocument/publishDiagnostics
16:31:24.782 [debug] handled notification client -> server textDocument/didChange in 946µs
16:31:24.785 [info] Completion for XpPos<<3, 59>>
16:31:24.812 [info] Local completions are: []
16:31:24.813 [info] Emitting Completions: []
16:31:24.813 [debug] handled request client -> server textDocument/completion in 29ms
16:31:24.834 [debug] sent notification server -> client textDocument/publishDiagnostics
16:31:25.246 [debug] handled notification client -> server textDocument/didChange in 1ms
16:31:25.248 [info] Completion for XpPos<<3, 58>>
16:31:25.275 [info] Local completions are: []
16:31:25.275 [info] Emitting Completions: []
16:31:25.275 [debug] handled request client -> server textDocument/completion in 29ms
16:31:25.300 [debug] sent notification server -> client textDocument/publishDiagnostics
16:31:25.520 [debug] handled notification client -> server textDocument/didChange in 989µs
16:31:25.522 [info] Completion for XpPos<<3, 59>>
16:31:25.549 [info] Local completions are: []
16:31:25.549 [info] Emitting Completions: []
16:31:25.549 [debug] handled request client -> server textDocument/completion in 28ms
16:31:25.571 [debug] sent notification server -> client textDocument/publishDiagnostics
16:31:25.593 [debug] handled notification client -> server textDocument/didChange in 1ms
16:31:25.595 [info] Completion for XpPos<<3, 60>>
16:31:25.609 [info] Local completions are: []
16:31:25.610 [info] Emitting Completions: []
16:31:25.610 [debug] handled request client -> server textDocument/completion in 17ms
16:31:25.646 [debug] sent notification server -> client textDocument/publishDiagnostics
16:31:25.931 [debug] handled notification client -> server textDocument/didChange in 972µs
16:31:25.983 [debug] sent notification server -> client textDocument/publishDiagnostics
16:31:26.081 [debug] handled notification client -> server textDocument/didChange in 879µs
16:31:26.133 [debug] sent notification server -> client textDocument/publishDiagnostics
16:31:27.379 [debug] handled notification client -> server textDocument/didChange in 935µs
16:31:27.432 [debug] sent notification server -> client textDocument/publishDiagnostics
16:31:27.528 [debug] handled notification client -> server textDocument/didChange in 1ms
16:31:27.581 [debug] sent notification server -> client textDocument/publishDiagnostics
16:31:27.679 [debug] handled notification client -> server textDocument/didChange in 944µs
16:31:27.682 [info] Emitting Completions: [5:cornres: cornres 5:namecells: namecells ]
16:31:27.683 [debug] handled request client -> server textDocument/completion in 2ms
16:31:27.731 [debug] sent notification server -> client textDocument/publishDiagnostics
16:31:27.828 [debug] handled notification client -> server textDocument/didChange in 719µs
16:31:27.879 [debug] sent notification server -> client textDocument/publishDiagnostics
16:31:27.977 [debug] handled notification client -> server textDocument/didChange in 909µs
16:31:28.029 [debug] sent notification server -> client textDocument/publishDiagnostics
16:31:28.127 [debug] handled notification client -> server textDocument/didChange in 873µs
16:31:28.180 [debug] sent notification server -> client textDocument/publishDiagnostics
16:31:28.277 [debug] handled notification client -> server textDocument/didChange in 924µs
16:31:28.330 [debug] sent notification server -> client textDocument/publishDiagnostics
16:31:28.428 [debug] handled notification client -> server textDocument/didChange in 866µs
16:31:28.480 [debug] sent notification server -> client textDocument/publishDiagnostics
16:31:28.867 [debug] handled notification client -> server textDocument/didChange in 1ms
16:31:28.870 [info] Emitting Completions: []
16:31:28.870 [debug] handled request client -> server textDocument/completion in 2ms
16:31:28.919 [debug] sent notification server -> client textDocument/publishDiagnostics
16:31:29.015 [debug] handled notification client -> server textDocument/didChange in 919µs
16:31:29.066 [debug] sent notification server -> client textDocument/publishDiagnostics
16:31:29.370 [debug] handled notification client -> server textDocument/didChange in 995µs
16:31:29.372 [info] Completion for XpPos<<3, 74>>
16:31:29.399 [info] Local completions are: [module: (List, Logger)   struct: (LazyHTML)   ]
16:31:29.399 [info] Emitting Completions: [9:List 9:Logger ]
16:31:29.400 [debug] handled request client -> server textDocument/completion in 29ms
16:31:29.423 [debug] sent notification server -> client textDocument/publishDiagnostics
16:31:29.602 [debug] handled notification client -> server textDocument/didChange in 931µs
16:31:29.654 [debug] sent notification server -> client textDocument/publishDiagnostics
16:31:29.752 [debug] handled notification client -> server textDocument/didChange in 1ms
16:31:29.804 [debug] sent notification server -> client textDocument/publishDiagnostics
16:31:29.898 [debug] handled notification client -> server textDocument/didChange in 943µs
16:31:29.899 [info] Completion for XpPos<<3, 78>>
16:31:29.934 [info] Local completions are: [function: (__info__, ascii_printable?, ascii_printable?, delete, delete_at, duplicate, ends_with?, first, first, flatten, flatten, foldl, foldr, improper?, insert_at, keydelete, keyfind, keyfind, keyfind!, keymember?, keyreplace, keysort, keysort, keystore, keytake, last, last, module_info, module_info, myers_difference, myers_difference, pop_at, pop_at, replace_at, starts_with?, to_atom, to_charlist, to_existing_atom, to_float, to_integer, to_integer, to_string, to_tuple, update_at, wrap, zip)   protocol: (Chars)   ]
16:31:29.940 [info] Emitting Completions: []
16:31:29.940 [debug] handled request client -> server textDocument/completion in 42ms
16:31:29.948 [debug] sent notification server -> client textDocument/publishDiagnostics
16:31:30.022 [debug] handled notification client -> server textDocument/didChange in 788µs
16:31:30.023 [info] Emitting Completions: []
16:31:30.023 [debug] handled request client -> server textDocument/completion in 1ms
16:31:30.075 [debug] sent notification server -> client textDocument/publishDiagnostics
16:31:30.406 [debug] handled notification client -> server textDocument/didChange in 765µs
16:31:30.458 [debug] sent notification server -> client textDocument/publishDiagnostics
16:31:30.556 [debug] handled notification client -> server textDocument/didChange in 1ms
16:31:30.610 [debug] sent notification server -> client textDocument/publishDiagnostics
16:31:32.208 [debug] handled notification client -> server textDocument/didSave in 581µs
16:31:32.259 [debug] sent request server -> client window/workDoneProgress/create
16:31:32.260 [debug] sent notification server -> client $/progress
16:31:32.316 [debug] sent notification server -> client $/progress
16:31:32.316 [info] Compiled bloc_the_line in 56 ms
16:31:32.316 [debug] sent notification server -> client textDocument/publishDiagnostics
16:31:35.260 [debug] handled notification client -> server textDocument/didChange in 1ms
16:31:35.313 [debug] sent notification server -> client textDocument/publishDiagnostics
16:31:35.410 [debug] handled notification client -> server textDocument/didChange in 1ms
16:31:35.461 [debug] sent notification server -> client textDocument/publishDiagnostics
16:31:36.759 [debug] handled notification client -> server textDocument/didSave in 517µs
16:31:36.810 [debug] sent request server -> client window/workDoneProgress/create
16:31:36.811 [debug] sent notification server -> client $/progress
16:31:36.860 [debug] sent notification server -> client $/progress
16:31:36.860 [info] Compiled bloc_the_line in 49 ms
16:31:36.860 [debug] sent notification server -> client textDocument/publishDiagnostics
16:31:52.300 [debug] handled notification client -> server textDocument/didChange in 1ms
16:31:52.353 [debug] sent notification server -> client textDocument/publishDiagnostics
16:31:52.518 [debug] handled notification client -> server textDocument/didChange in 1ms
16:31:52.571 [debug] sent notification server -> client textDocument/publishDiagnostics
16:31:52.723 [debug] handled notification client -> server textDocument/didChange in 905µs
16:31:52.776 [debug] sent notification server -> client textDocument/publishDiagnostics
16:31:52.920 [debug] handled notification client -> server textDocument/didChange in 1ms
16:31:52.972 [debug] sent notification server -> client textDocument/publishDiagnostics
16:31:53.120 [debug] handled notification client -> server textDocument/didChange in 2ms
16:31:53.173 [debug] sent notification server -> client textDocument/publishDiagnostics
16:31:53.313 [debug] handled notification client -> server textDocument/didChange in 2ms
16:31:53.364 [debug] sent notification server -> client textDocument/publishDiagnostics
16:31:53.587 [debug] handled notification client -> server textDocument/didChange in 975µs
16:31:53.588 [info] Completion for XpPos<<2, 20>>
16:31:53.621 [info] Local completions are: [function: (node, node, not)   ]
16:31:53.622 [info] Emitting Completions: [3:node() 3:node(arg) 3:not(value) ]
16:31:53.622 [debug] handled request client -> server textDocument/completion in 34ms
16:31:53.640 [debug] sent notification server -> client textDocument/publishDiagnostics
16:31:53.736 [debug] handled notification client -> server textDocument/didChange in 973µs
16:31:53.788 [debug] sent notification server -> client textDocument/publishDiagnostics
16:31:53.884 [debug] handled notification client -> server textDocument/didChange in 932µs
16:31:53.953 [error] Invalid diagnostic: {:exception, {%FunctionClauseError{module: XPEngine.Build.Error, function: :error_to_diagnostic, arity: 4, kind: nil, args: [#XPForge.Document<path: "/home/travis/Documents/Courses/Term 4/COMP 4959 - Selected Applications of Programming Paradigms/Project/bloc_the_line/lib/bloc_the_line/game/piece.ex", version: 179, dirty?: true, lines: %Lines<"defmodule Piece do..."(4 lines)>, ...>, :function_clause, [{XPEngine.Build.Error, :error_to_diagnostic, [#XPForge.Document<path: "/home/travis/Documents/Courses/Term 4/COMP 4959 - Selected Applications of Programming Paradigms/Project/bloc_the_line/lib/bloc_the_line/game/piece.ex", version: 179, dirty?: true, lines: %Lines<"defmodule Piece do..."(4 lines)>, ...>, %Kernel.TypespecError{file: "/home/travis/Documents/Courses/Term 4/COMP 4959 - Selected Applications of Programming Paradigms/Project/bloc_the_line/lib/bloc_the_line/game/piece.ex", line: 3, description: "undefined field :corners on struct Piece"}, [{Kernel.Typespec, :compile_error, 2, [file: ~c"lib/kernel/typespec.ex", line: 992]}, {:lists, :foreach_1, 2, [file: ~c"lists.erl", line: 2641]}, {Kernel.Typespec, :typespec, 4, [file: ~c"lib/kernel/typespec.ex", line: 617]}, {Kernel.Typespec, :translate_type, 2, [file: ~c"lib/kernel/typespec.ex", line: 312]}, {:lists, :mapfoldl_1, 3, [file: ~c"lists.erl", line: 2673]}, {Kernel.Typespec, :translate_typespecs_for_module, 2, [file: ~c"lib/kernel/typespec.ex", line: 239]}, {:elixir_erl, :compile, 1, [file: ~c"src/elixir_erl.erl", line: 155]}, {:elixir_module, :"-compile/7-fun-1-", 11, [file: ~c"src/elixir_module.erl", line: 227]}], {:defmodule, [end_of_expression: [newlines: 1, line: 4, column: 4], do: [line: 1, column: 17], end: [line: 4, column: 1], line: 1, column: 1], [{:__aliases__, [last: [line: 1, column: 11], line: 1, column: 11], [:Piece]}, [do: {:__block__, [], [{:defstruct, [end_of_expression: [newlines: 1, line: 2, column: 46], line: 2, column: 3], [[name: nil, cells: [], cornres: []]]}, {:@, [end_of_expression: [newlines: 1, line: 3, column: 80], line: 3, column: 3], [{:type, [line: 3, column: 4], [{:"::", [line: 3, column: 11], [{:t, [line: 3, column: 9], nil}, {:%, [line: 3, column: 14], [{:__MODULE__, [line: 3, ...], nil}, {:%{}, [...], ...}]}]}]}]}]}]]}], [file: ~c"lib/engine/build/error.ex", line: 94]}, {XPEngine.Build.Document.Compilers.Quoted, :do_compile, 2, [file: ~c"lib/engine/build/document/compilers/quoted.ex", line: 49]}, {XPEngine.Build.Document.Compilers.Quoted, :compile, 3, [file: ~c"lib/engine/build/document/compilers/quoted.ex", line: 22]}, {XPEngine.Build.Isolation, :"-invoke/1-fun-0-", 2, [file: ~c"lib/engine/build/isolation.ex", line: 12]}], nil], clauses: nil}, [{XPEngine.Build.Error, :error_to_diagnostic, 4, [file: ~c"lib/engine/build/error.ex", line: 94]}, {XPEngine.Build.Document, :compile, 1, [file: ~c"lib/engine/build/document.ex", line: 18]}, {Mix.Project, :in_project, 4, [file: ~c"lib/mix/project.ex", line: 557]}, {File, :cd!, 2, [file: ~c"lib/file.ex", line: 2007]}, {XPEngine.Mix, :"-in_project/2-fun-0-", 3, [file: ~c"lib/engine/mix.ex", line: 27]}, {:global, :trans, 4, [file: ~c"global.erl", line: 703]}, {:timer, :tc, 2, [file: ~c"timer.erl", line: 599]}, {XPEngine.Build.State, :"-compile_file/2-fun-3-", 3, [file: ~c"lib/engine/build/state.ex", line: 137]}]}, [{XPEngine.Build.Error, :error_to_diagnostic, [#XPForge.Document<path: "/home/travis/Documents/Courses/Term 4/COMP 4959 - Selected Applications of Programming Paradigms/Project/bloc_the_line/lib/bloc_the_line/game/piece.ex", version: 179, dirty?: true, lines: %Lines<"defmodule Piece do..."(4 lines)>, ...>, :function_clause, [{XPEngine.Build.Error, :error_to_diagnostic, [#XPForge.Document<path: "/home/travis/Documents/Courses/Term 4/COMP 4959 - Selected Applications of Programming Paradigms/Project/bloc_the_line/lib/bloc_the_line/game/piece.ex", version: 179, dirty?: true, lines: %Lines<"defmodule Piece do..."(4 lines)>, ...>, %Kernel.TypespecError{file: "/home/travis/Documents/Courses/Term 4/COMP 4959 - Selected Applications of Programming Paradigms/Project/bloc_the_line/lib/bloc_the_line/game/piece.ex", line: 3, description: "undefined field :corners on struct Piece"}, [{Kernel.Typespec, :compile_error, 2, [file: ~c"lib/kernel/typespec.ex", line: 992]}, {:lists, :foreach_1, 2, [file: ~c"lists.erl", line: 2641]}, {Kernel.Typespec, :typespec, 4, [file: ~c"lib/kernel/typespec.ex", line: 617]}, {Kernel.Typespec, :translate_type, 2, [file: ~c"lib/kernel/typespec.ex", line: 312]}, {:lists, :mapfoldl_1, 3, [file: ~c"lists.erl", line: 2673]}, {Kernel.Typespec, :translate_typespecs_for_module, 2, [file: ~c"lib/kernel/typespec.ex", line: 239]}, {:elixir_erl, :compile, 1, [file: ~c"src/elixir_erl.erl", line: 155]}, {:elixir_module, :"-compile/7-fun-1-", 11, [file: ~c"src/elixir_module.erl", line: 227]}], {:defmodule, [end_of_expression: [newlines: 1, line: 4, column: 4], do: [line: 1, column: 17], end: [line: 4, column: 1], line: 1, column: 1], [{:__aliases__, [last: [line: 1, column: 11], line: 1, column: 11], [:Piece]}, [do: {:__block__, [], [{:defstruct, [end_of_expression: [newlines: 1, line: 2, column: 46], line: 2, column: 3], [[name: nil, cells: [], cornres: []]]}, {:@, [end_of_expression: [newlines: 1, line: 3, column: 80], line: 3, column: 3], [{:type, [line: 3, column: 4], [{:"::", [line: 3, column: 11], [{:t, [line: 3, column: 9], nil}, {:%, [line: 3, column: 14], [{:__MODULE__, [line: 3, column: 15], nil}, {:%{}, [closing: [...], ...], [...]}]}]}]}]}]}]]}], [file: ~c"lib/engine/build/error.ex", line: 94]}, {XPEngine.Build.Document.Compilers.Quoted, :do_compile, 2, [file: ~c"lib/engine/build/document/compilers/quoted.ex", line: 49]}, {XPEngine.Build.Document.Compilers.Quoted, :compile, 3, [file: ~c"lib/engine/build/document/compilers/quoted.ex", line: 22]}, {XPEngine.Build.Isolation, :"-invoke/1-fun-0-", 2, [file: ~c"lib/engine/build/isolation.ex", line: 12]}], nil], [file: ~c"lib/engine/build/error.ex", line: 94]}, {XPEngine.Build.Document, :compile, 1, [file: ~c"lib/engine/build/document.ex", line: 18]}, {Mix.Project, :in_project, 4, [file: ~c"lib/mix/project.ex", line: 557]}, {File, :cd!, 2, [file: ~c"lib/file.ex", line: 2007]}, {XPEngine.Mix, :"-in_project/2-fun-0-", 3, [file: ~c"lib/engine/mix.ex", line: 27]}, {:global, :trans, 4, [file: ~c"global.erl", line: 703]}, {:timer, :tc, 2, [file: ~c"timer.erl", line: 599]}, {XPEngine.Build.State, :"-compile_file/2-fun-3-", 3, [file: ~c"lib/engine/build/state.ex", line: 137]}]}
16:31:53.953 [debug] sent notification server -> client textDocument/publishDiagnostics
16:31:55.441 [debug] handled notification client -> server textDocument/didSave in 539µs
16:31:55.491 [debug] sent request server -> client window/workDoneProgress/create
16:31:55.492 [debug] sent notification server -> client $/progress
16:31:55.554 [debug] sent notification server -> client $/progress
16:31:55.562 [debug] sent notification server -> client $/progress
16:31:55.562 [info] Compiled bloc_the_line in 71 ms
16:31:55.562 [debug] sent notification server -> client textDocument/publishDiagnostics
16:32:28.600 [debug] handled notification client -> server textDocument/didChange in 2ms
16:32:28.665 [error] Invalid diagnostic: {:exception, {%FunctionClauseError{module: XPEngine.Build.Error, function: :error_to_diagnostic, arity: 4, kind: nil, args: [#XPForge.Document<path: "/home/travis/Documents/Courses/Term 4/COMP 4959 - Selected Applications of Programming Paradigms/Project/bloc_the_line/lib/bloc_the_line/game/piece.ex", version: 181, dirty?: true, lines: %Lines<"defmodule Piece do..."(4 lines)>, ...>, :function_clause, [{XPEngine.Build.Error, :error_to_diagnostic, [#XPForge.Document<path: "/home/travis/Documents/Courses/Term 4/COMP 4959 - Selected Applications of Programming Paradigms/Project/bloc_the_line/lib/bloc_the_line/game/piece.ex", version: 181, dirty?: true, lines: %Lines<"defmodule Piece do..."(4 lines)>, ...>, %Kernel.TypespecError{file: "/home/travis/Documents/Courses/Term 4/COMP 4959 - Selected Applications of Programming Paradigms/Project/bloc_the_line/lib/bloc_the_line/game/piece.ex", line: 3, description: "undefined field :corners on struct Piece"}, [{Kernel.Typespec, :compile_error, 2, [file: ~c"lib/kernel/typespec.ex", line: 992]}, {:lists, :foreach_1, 2, [file: ~c"lists.erl", line: 2641]}, {Kernel.Typespec, :typespec, 4, [file: ~c"lib/kernel/typespec.ex", line: 617]}, {Kernel.Typespec, :translate_type, 2, [file: ~c"lib/kernel/typespec.ex", line: 312]}, {:lists, :mapfoldl_1, 3, [file: ~c"lists.erl", line: 2673]}, {Kernel.Typespec, :translate_typespecs_for_module, 2, [file: ~c"lib/kernel/typespec.ex", line: 239]}, {:elixir_erl, :compile, 1, [file: ~c"src/elixir_erl.erl", line: 155]}, {:elixir_module, :"-compile/7-fun-1-", 11, [file: ~c"src/elixir_module.erl", line: 227]}], {:defmodule, [end_of_expression: [newlines: 1, line: 4, column: 4], do: [line: 1, column: 17], end: [line: 4, column: 1], line: 1, column: 1], [{:__aliases__, [last: [line: 1, column: 11], line: 1, column: 11], [:Piece]}, [do: {:__block__, [], [{:defstruct, [end_of_expression: [newlines: 1, line: 2, column: 46], line: 2, column: 3], [[name: nil, cells: [], cornres: []]]}, {:@, [end_of_expression: [newlines: 1, line: 3, column: 79], line: 3, column: 3], [{:type, [line: 3, column: 4], [{:"::", [line: 3, column: 11], [{:t, [line: 3, column: 9], nil}, {:%, [line: 3, column: 14], [{:__MODULE__, [line: 3, ...], nil}, {:%{}, [...], ...}]}]}]}]}]}]]}], [file: ~c"lib/engine/build/error.ex", line: 94]}, {XPEngine.Build.Document.Compilers.Quoted, :do_compile, 2, [file: ~c"lib/engine/build/document/compilers/quoted.ex", line: 49]}, {XPEngine.Build.Document.Compilers.Quoted, :compile, 3, [file: ~c"lib/engine/build/document/compilers/quoted.ex", line: 22]}, {XPEngine.Build.Isolation, :"-invoke/1-fun-0-", 2, [file: ~c"lib/engine/build/isolation.ex", line: 12]}], nil], clauses: nil}, [{XPEngine.Build.Error, :error_to_diagnostic, 4, [file: ~c"lib/engine/build/error.ex", line: 94]}, {XPEngine.Build.Document, :compile, 1, [file: ~c"lib/engine/build/document.ex", line: 18]}, {Mix.Project, :in_project, 4, [file: ~c"lib/mix/project.ex", line: 557]}, {File, :cd!, 2, [file: ~c"lib/file.ex", line: 2007]}, {XPEngine.Mix, :"-in_project/2-fun-0-", 3, [file: ~c"lib/engine/mix.ex", line: 27]}, {:global, :trans, 4, [file: ~c"global.erl", line: 703]}, {:timer, :tc, 2, [file: ~c"timer.erl", line: 599]}, {XPEngine.Build.State, :"-compile_file/2-fun-3-", 3, [file: ~c"lib/engine/build/state.ex", line: 137]}]}, [{XPEngine.Build.Error, :error_to_diagnostic, [#XPForge.Document<path: "/home/travis/Documents/Courses/Term 4/COMP 4959 - Selected Applications of Programming Paradigms/Project/bloc_the_line/lib/bloc_the_line/game/piece.ex", version: 181, dirty?: true, lines: %Lines<"defmodule Piece do..."(4 lines)>, ...>, :function_clause, [{XPEngine.Build.Error, :error_to_diagnostic, [#XPForge.Document<path: "/home/travis/Documents/Courses/Term 4/COMP 4959 - Selected Applications of Programming Paradigms/Project/bloc_the_line/lib/bloc_the_line/game/piece.ex", version: 181, dirty?: true, lines: %Lines<"defmodule Piece do..."(4 lines)>, ...>, %Kernel.TypespecError{file: "/home/travis/Documents/Courses/Term 4/COMP 4959 - Selected Applications of Programming Paradigms/Project/bloc_the_line/lib/bloc_the_line/game/piece.ex", line: 3, description: "undefined field :corners on struct Piece"}, [{Kernel.Typespec, :compile_error, 2, [file: ~c"lib/kernel/typespec.ex", line: 992]}, {:lists, :foreach_1, 2, [file: ~c"lists.erl", line: 2641]}, {Kernel.Typespec, :typespec, 4, [file: ~c"lib/kernel/typespec.ex", line: 617]}, {Kernel.Typespec, :translate_type, 2, [file: ~c"lib/kernel/typespec.ex", line: 312]}, {:lists, :mapfoldl_1, 3, [file: ~c"lists.erl", line: 2673]}, {Kernel.Typespec, :translate_typespecs_for_module, 2, [file: ~c"lib/kernel/typespec.ex", line: 239]}, {:elixir_erl, :compile, 1, [file: ~c"src/elixir_erl.erl", line: 155]}, {:elixir_module, :"-compile/7-fun-1-", 11, [file: ~c"src/elixir_module.erl", line: 227]}], {:defmodule, [end_of_expression: [newlines: 1, line: 4, column: 4], do: [line: 1, column: 17], end: [line: 4, column: 1], line: 1, column: 1], [{:__aliases__, [last: [line: 1, column: 11], line: 1, column: 11], [:Piece]}, [do: {:__block__, [], [{:defstruct, [end_of_expression: [newlines: 1, line: 2, column: 46], line: 2, column: 3], [[name: nil, cells: [], cornres: []]]}, {:@, [end_of_expression: [newlines: 1, line: 3, column: 79], line: 3, column: 3], [{:type, [line: 3, column: 4], [{:"::", [line: 3, column: 11], [{:t, [line: 3, column: 9], nil}, {:%, [line: 3, column: 14], [{:__MODULE__, [line: 3, column: 15], nil}, {:%{}, [closing: [...], ...], [...]}]}]}]}]}]}]]}], [file: ~c"lib/engine/build/error.ex", line: 94]}, {XPEngine.Build.Document.Compilers.Quoted, :do_compile, 2, [file: ~c"lib/engine/build/document/compilers/quoted.ex", line: 49]}, {XPEngine.Build.Document.Compilers.Quoted, :compile, 3, [file: ~c"lib/engine/build/document/compilers/quoted.ex", line: 22]}, {XPEngine.Build.Isolation, :"-invoke/1-fun-0-", 2, [file: ~c"lib/engine/build/isolation.ex", line: 12]}], nil], [file: ~c"lib/engine/build/error.ex", line: 94]}, {XPEngine.Build.Document, :compile, 1, [file: ~c"lib/engine/build/document.ex", line: 18]}, {Mix.Project, :in_project, 4, [file: ~c"lib/mix/project.ex", line: 557]}, {File, :cd!, 2, [file: ~c"lib/file.ex", line: 2007]}, {XPEngine.Mix, :"-in_project/2-fun-0-", 3, [file: ~c"lib/engine/mix.ex", line: 27]}, {:global, :trans, 4, [file: ~c"global.erl", line: 703]}, {:timer, :tc, 2, [file: ~c"timer.erl", line: 599]}, {XPEngine.Build.State, :"-compile_file/2-fun-3-", 3, [file: ~c"lib/engine/build/state.ex", line: 137]}]}
16:32:28.665 [debug] sent notification server -> client textDocument/publishDiagnostics
16:32:30.402 [debug] handled notification client -> server textDocument/didSave in 534µs
16:32:30.453 [debug] sent request server -> client window/workDoneProgress/create
16:32:30.454 [debug] sent notification server -> client $/progress
16:32:30.518 [debug] sent notification server -> client $/progress
16:32:30.525 [debug] sent notification server -> client $/progress
16:32:30.525 [info] Compiled bloc_the_line in 71 ms
16:32:30.525 [debug] sent notification server -> client textDocument/publishDiagnostics
16:33:18.680 [debug] handled notification client -> server textDocument/didChange in 1ms
16:33:18.747 [error] Invalid diagnostic: {:exception, {%FunctionClauseError{module: XPEngine.Build.Error, function: :error_to_diagnostic, arity: 4, kind: nil, args: [#XPForge.Document<path: "/home/travis/Documents/Courses/Term 4/COMP 4959 - Selected Applications of Programming Paradigms/Project/bloc_the_line/lib/bloc_the_line/game/piece.ex", version: 183, dirty?: true, lines: %Lines<"defmodule Piece do..."(5 lines)>, ...>, :function_clause, [{XPEngine.Build.Error, :error_to_diagnostic, [#XPForge.Document<path: "/home/travis/Documents/Courses/Term 4/COMP 4959 - Selected Applications of Programming Paradigms/Project/bloc_the_line/lib/bloc_the_line/game/piece.ex", version: 183, dirty?: true, lines: %Lines<"defmodule Piece do..."(5 lines)>, ...>, %Kernel.TypespecError{file: "/home/travis/Documents/Courses/Term 4/COMP 4959 - Selected Applications of Programming Paradigms/Project/bloc_the_line/lib/bloc_the_line/game/piece.ex", line: 4, description: "undefined field :corners on struct Piece"}, [{Kernel.Typespec, :compile_error, 2, [file: ~c"lib/kernel/typespec.ex", line: 992]}, {:lists, :foreach_1, 2, [file: ~c"lists.erl", line: 2641]}, {Kernel.Typespec, :typespec, 4, [file: ~c"lib/kernel/typespec.ex", line: 617]}, {Kernel.Typespec, :translate_type, 2, [file: ~c"lib/kernel/typespec.ex", line: 312]}, {:lists, :mapfoldl_1, 3, [file: ~c"lists.erl", line: 2673]}, {Kernel.Typespec, :translate_typespecs_for_module, 2, [file: ~c"lib/kernel/typespec.ex", line: 239]}, {:elixir_erl, :compile, 1, [file: ~c"src/elixir_erl.erl", line: 155]}, {:elixir_module, :"-compile/7-fun-1-", 11, [file: ~c"src/elixir_module.erl", line: 227]}], {:defmodule, [end_of_expression: [newlines: 1, line: 5, column: 4], do: [line: 1, column: 17], end: [line: 5, column: 1], line: 1, column: 1], [{:__aliases__, [last: [line: 1, column: 11], line: 1, column: 11], [:Piece]}, [do: {:__block__, [], [{:defstruct, [end_of_expression: [newlines: 2, line: 2, column: 46], line: 2, column: 3], [[name: nil, cells: [], cornres: []]]}, {:@, [end_of_expression: [newlines: 1, line: 4, column: 79], line: 4, column: 3], [{:type, [line: 4, column: 4], [{:"::", [line: 4, column: 11], [{:t, [line: 4, column: 9], nil}, {:%, [line: 4, column: 14], [{:__MODULE__, [line: 4, ...], nil}, {:%{}, [...], ...}]}]}]}]}]}]]}], [file: ~c"lib/engine/build/error.ex", line: 94]}, {XPEngine.Build.Document.Compilers.Quoted, :do_compile, 2, [file: ~c"lib/engine/build/document/compilers/quoted.ex", line: 49]}, {XPEngine.Build.Document.Compilers.Quoted, :compile, 3, [file: ~c"lib/engine/build/document/compilers/quoted.ex", line: 22]}, {XPEngine.Build.Isolation, :"-invoke/1-fun-0-", 2, [file: ~c"lib/engine/build/isolation.ex", line: 12]}], nil], clauses: nil}, [{XPEngine.Build.Error, :error_to_diagnostic, 4, [file: ~c"lib/engine/build/error.ex", line: 94]}, {XPEngine.Build.Document, :compile, 1, [file: ~c"lib/engine/build/document.ex", line: 18]}, {Mix.Project, :in_project, 4, [file: ~c"lib/mix/project.ex", line: 557]}, {File, :cd!, 2, [file: ~c"lib/file.ex", line: 2007]}, {XPEngine.Mix, :"-in_project/2-fun-0-", 3, [file: ~c"lib/engine/mix.ex", line: 27]}, {:global, :trans, 4, [file: ~c"global.erl", line: 703]}, {:timer, :tc, 2, [file: ~c"timer.erl", line: 599]}, {XPEngine.Build.State, :"-compile_file/2-fun-3-", 3, [file: ~c"lib/engine/build/state.ex", line: 137]}]}, [{XPEngine.Build.Error, :error_to_diagnostic, [#XPForge.Document<path: "/home/travis/Documents/Courses/Term 4/COMP 4959 - Selected Applications of Programming Paradigms/Project/bloc_the_line/lib/bloc_the_line/game/piece.ex", version: 183, dirty?: true, lines: %Lines<"defmodule Piece do..."(5 lines)>, ...>, :function_clause, [{XPEngine.Build.Error, :error_to_diagnostic, [#XPForge.Document<path: "/home/travis/Documents/Courses/Term 4/COMP 4959 - Selected Applications of Programming Paradigms/Project/bloc_the_line/lib/bloc_the_line/game/piece.ex", version: 183, dirty?: true, lines: %Lines<"defmodule Piece do..."(5 lines)>, ...>, %Kernel.TypespecError{file: "/home/travis/Documents/Courses/Term 4/COMP 4959 - Selected Applications of Programming Paradigms/Project/bloc_the_line/lib/bloc_the_line/game/piece.ex", line: 4, description: "undefined field :corners on struct Piece"}, [{Kernel.Typespec, :compile_error, 2, [file: ~c"lib/kernel/typespec.ex", line: 992]}, {:lists, :foreach_1, 2, [file: ~c"lists.erl", line: 2641]}, {Kernel.Typespec, :typespec, 4, [file: ~c"lib/kernel/typespec.ex", line: 617]}, {Kernel.Typespec, :translate_type, 2, [file: ~c"lib/kernel/typespec.ex", line: 312]}, {:lists, :mapfoldl_1, 3, [file: ~c"lists.erl", line: 2673]}, {Kernel.Typespec, :translate_typespecs_for_module, 2, [file: ~c"lib/kernel/typespec.ex", line: 239]}, {:elixir_erl, :compile, 1, [file: ~c"src/elixir_erl.erl", line: 155]}, {:elixir_module, :"-compile/7-fun-1-", 11, [file: ~c"src/elixir_module.erl", line: 227]}], {:defmodule, [end_of_expression: [newlines: 1, line: 5, column: 4], do: [line: 1, column: 17], end: [line: 5, column: 1], line: 1, column: 1], [{:__aliases__, [last: [line: 1, column: 11], line: 1, column: 11], [:Piece]}, [do: {:__block__, [], [{:defstruct, [end_of_expression: [newlines: 2, line: 2, column: 46], line: 2, column: 3], [[name: nil, cells: [], cornres: []]]}, {:@, [end_of_expression: [newlines: 1, line: 4, column: 79], line: 4, column: 3], [{:type, [line: 4, column: 4], [{:"::", [line: 4, column: 11], [{:t, [line: 4, column: 9], nil}, {:%, [line: 4, column: 14], [{:__MODULE__, [line: 4, column: 15], nil}, {:%{}, [closing: [...], ...], [...]}]}]}]}]}]}]]}], [file: ~c"lib/engine/build/error.ex", line: 94]}, {XPEngine.Build.Document.Compilers.Quoted, :do_compile, 2, [file: ~c"lib/engine/build/document/compilers/quoted.ex", line: 49]}, {XPEngine.Build.Document.Compilers.Quoted, :compile, 3, [file: ~c"lib/engine/build/document/compilers/quoted.ex", line: 22]}, {XPEngine.Build.Isolation, :"-invoke/1-fun-0-", 2, [file: ~c"lib/engine/build/isolation.ex", line: 12]}], nil], [file: ~c"lib/engine/build/error.ex", line: 94]}, {XPEngine.Build.Document, :compile, 1, [file: ~c"lib/engine/build/document.ex", line: 18]}, {Mix.Project, :in_project, 4, [file: ~c"lib/mix/project.ex", line: 557]}, {File, :cd!, 2, [file: ~c"lib/file.ex", line: 2007]}, {XPEngine.Mix, :"-in_project/2-fun-0-", 3, [file: ~c"lib/engine/mix.ex", line: 27]}, {:global, :trans, 4, [file: ~c"global.erl", line: 703]}, {:timer, :tc, 2, [file: ~c"timer.erl", line: 599]}, {XPEngine.Build.State, :"-compile_file/2-fun-3-", 3, [file: ~c"lib/engine/build/state.ex", line: 137]}]}
16:33:18.747 [debug] sent notification server -> client textDocument/publishDiagnostics
16:33:19.058 [debug] handled notification client -> server textDocument/didChange in 837µs
16:33:19.134 [error] Invalid diagnostic: {:exception, {%FunctionClauseError{module: XPEngine.Build.Error, function: :error_to_diagnostic, arity: 4, kind: nil, args: [#XPForge.Document<path: "/home/travis/Documents/Courses/Term 4/COMP 4959 - Selected Applications of Programming Paradigms/Project/bloc_the_line/lib/bloc_the_line/game/piece.ex", version: 184, dirty?: true, lines: %Lines<"defmodule Piece do..."(6 lines)>, ...>, :function_clause, [{XPEngine.Build.Error, :error_to_diagnostic, [#XPForge.Document<path: "/home/travis/Documents/Courses/Term 4/COMP 4959 - Selected Applications of Programming Paradigms/Project/bloc_the_line/lib/bloc_the_line/game/piece.ex", version: 184, dirty?: true, lines: %Lines<"defmodule Piece do..."(6 lines)>, ...>, %Kernel.TypespecError{file: "/home/travis/Documents/Courses/Term 4/COMP 4959 - Selected Applications of Programming Paradigms/Project/bloc_the_line/lib/bloc_the_line/game/piece.ex", line: 5, description: "undefined field :corners on struct Piece"}, [{Kernel.Typespec, :compile_error, 2, [file: ~c"lib/kernel/typespec.ex", line: 992]}, {:lists, :foreach_1, 2, [file: ~c"lists.erl", line: 2641]}, {Kernel.Typespec, :typespec, 4, [file: ~c"lib/kernel/typespec.ex", line: 617]}, {Kernel.Typespec, :translate_type, 2, [file: ~c"lib/kernel/typespec.ex", line: 312]}, {:lists, :mapfoldl_1, 3, [file: ~c"lists.erl", line: 2673]}, {Kernel.Typespec, :translate_typespecs_for_module, 2, [file: ~c"lib/kernel/typespec.ex", line: 239]}, {:elixir_erl, :compile, 1, [file: ~c"src/elixir_erl.erl", line: 155]}, {:elixir_module, :"-compile/7-fun-1-", 11, [file: ~c"src/elixir_module.erl", line: 227]}], {:defmodule, [end_of_expression: [newlines: 1, line: 6, column: 4], do: [line: 1, column: 17], end: [line: 6, column: 1], line: 1, column: 1], [{:__aliases__, [last: [line: 1, column: 11], line: 1, column: 11], [:Piece]}, [do: {:__block__, [], [{:defstruct, [end_of_expression: [newlines: 3, line: 2, column: 46], line: 2, column: 3], [[name: nil, cells: [], cornres: []]]}, {:@, [end_of_expression: [newlines: 1, line: 5, column: 79], line: 5, column: 3], [{:type, [line: 5, column: 4], [{:"::", [line: 5, column: 11], [{:t, [line: 5, column: 9], nil}, {:%, [line: 5, column: 14], [{:__MODULE__, [line: 5, ...], nil}, {:%{}, [...], ...}]}]}]}]}]}]]}], [file: ~c"lib/engine/build/error.ex", line: 94]}, {XPEngine.Build.Document.Compilers.Quoted, :do_compile, 2, [file: ~c"lib/engine/build/document/compilers/quoted.ex", line: 49]}, {XPEngine.Build.Document.Compilers.Quoted, :compile, 3, [file: ~c"lib/engine/build/document/compilers/quoted.ex", line: 22]}, {XPEngine.Build.Isolation, :"-invoke/1-fun-0-", 2, [file: ~c"lib/engine/build/isolation.ex", line: 12]}], nil], clauses: nil}, [{XPEngine.Build.Error, :error_to_diagnostic, 4, [file: ~c"lib/engine/build/error.ex", line: 94]}, {XPEngine.Build.Document, :compile, 1, [file: ~c"lib/engine/build/document.ex", line: 18]}, {Mix.Project, :in_project, 4, [file: ~c"lib/mix/project.ex", line: 557]}, {File, :cd!, 2, [file: ~c"lib/file.ex", line: 2007]}, {XPEngine.Mix, :"-in_project/2-fun-0-", 3, [file: ~c"lib/engine/mix.ex", line: 27]}, {:global, :trans, 4, [file: ~c"global.erl", line: 703]}, {:timer, :tc, 2, [file: ~c"timer.erl", line: 599]}, {XPEngine.Build.State, :"-compile_file/2-fun-3-", 3, [file: ~c"lib/engine/build/state.ex", line: 137]}]}, [{XPEngine.Build.Error, :error_to_diagnostic, [#XPForge.Document<path: "/home/travis/Documents/Courses/Term 4/COMP 4959 - Selected Applications of Programming Paradigms/Project/bloc_the_line/lib/bloc_the_line/game/piece.ex", version: 184, dirty?: true, lines: %Lines<"defmodule Piece do..."(6 lines)>, ...>, :function_clause, [{XPEngine.Build.Error, :error_to_diagnostic, [#XPForge.Document<path: "/home/travis/Documents/Courses/Term 4/COMP 4959 - Selected Applications of Programming Paradigms/Project/bloc_the_line/lib/bloc_the_line/game/piece.ex", version: 184, dirty?: true, lines: %Lines<"defmodule Piece do..."(6 lines)>, ...>, %Kernel.TypespecError{file: "/home/travis/Documents/Courses/Term 4/COMP 4959 - Selected Applications of Programming Paradigms/Project/bloc_the_line/lib/bloc_the_line/game/piece.ex", line: 5, description: "undefined field :corners on struct Piece"}, [{Kernel.Typespec, :compile_error, 2, [file: ~c"lib/kernel/typespec.ex", line: 992]}, {:lists, :foreach_1, 2, [file: ~c"lists.erl", line: 2641]}, {Kernel.Typespec, :typespec, 4, [file: ~c"lib/kernel/typespec.ex", line: 617]}, {Kernel.Typespec, :translate_type, 2, [file: ~c"lib/kernel/typespec.ex", line: 312]}, {:lists, :mapfoldl_1, 3, [file: ~c"lists.erl", line: 2673]}, {Kernel.Typespec, :translate_typespecs_for_module, 2, [file: ~c"lib/kernel/typespec.ex", line: 239]}, {:elixir_erl, :compile, 1, [file: ~c"src/elixir_erl.erl", line: 155]}, {:elixir_module, :"-compile/7-fun-1-", 11, [file: ~c"src/elixir_module.erl", line: 227]}], {:defmodule, [end_of_expression: [newlines: 1, line: 6, column: 4], do: [line: 1, column: 17], end: [line: 6, column: 1], line: 1, column: 1], [{:__aliases__, [last: [line: 1, column: 11], line: 1, column: 11], [:Piece]}, [do: {:__block__, [], [{:defstruct, [end_of_expression: [newlines: 3, line: 2, column: 46], line: 2, column: 3], [[name: nil, cells: [], cornres: []]]}, {:@, [end_of_expression: [newlines: 1, line: 5, column: 79], line: 5, column: 3], [{:type, [line: 5, column: 4], [{:"::", [line: 5, column: 11], [{:t, [line: 5, column: 9], nil}, {:%, [line: 5, column: 14], [{:__MODULE__, [line: 5, column: 15], nil}, {:%{}, [closing: [...], ...], [...]}]}]}]}]}]}]]}], [file: ~c"lib/engine/build/error.ex", line: 94]}, {XPEngine.Build.Document.Compilers.Quoted, :do_compile, 2, [file: ~c"lib/engine/build/document/compilers/quoted.ex", line: 49]}, {XPEngine.Build.Document.Compilers.Quoted, :compile, 3, [file: ~c"lib/engine/build/document/compilers/quoted.ex", line: 22]}, {XPEngine.Build.Isolation, :"-invoke/1-fun-0-", 2, [file: ~c"lib/engine/build/isolation.ex", line: 12]}], nil], [file: ~c"lib/engine/build/error.ex", line: 94]}, {XPEngine.Build.Document, :compile, 1, [file: ~c"lib/engine/build/document.ex", line: 18]}, {Mix.Project, :in_project, 4, [file: ~c"lib/mix/project.ex", line: 557]}, {File, :cd!, 2, [file: ~c"lib/file.ex", line: 2007]}, {XPEngine.Mix, :"-in_project/2-fun-0-", 3, [file: ~c"lib/engine/mix.ex", line: 27]}, {:global, :trans, 4, [file: ~c"global.erl", line: 703]}, {:timer, :tc, 2, [file: ~c"timer.erl", line: 599]}, {XPEngine.Build.State, :"-compile_file/2-fun-3-", 3, [file: ~c"lib/engine/build/state.ex", line: 137]}]}
16:33:19.134 [debug] sent notification server -> client textDocument/publishDiagnostics
16:33:19.812 [debug] handled notification client -> server textDocument/didChange in 1ms
16:33:19.894 [error] Invalid diagnostic: {:exception, {%FunctionClauseError{module: XPEngine.Build.Error, function: :error_to_diagnostic, arity: 4, kind: nil, args: [#XPForge.Document<path: "/home/travis/Documents/Courses/Term 4/COMP 4959 - Selected Applications of Programming Paradigms/Project/bloc_the_line/lib/bloc_the_line/game/piece.ex", version: 185, dirty?: true, lines: %Lines<"defmodule Piece do..."(6 lines)>, ...>, :function_clause, [{XPEngine.Build.Error, :error_to_diagnostic, [#XPForge.Document<path: "/home/travis/Documents/Courses/Term 4/COMP 4959 - Selected Applications of Programming Paradigms/Project/bloc_the_line/lib/bloc_the_line/game/piece.ex", version: 185, dirty?: true, lines: %Lines<"defmodule Piece do..."(6 lines)>, ...>, %Kernel.TypespecError{file: "/home/travis/Documents/Courses/Term 4/COMP 4959 - Selected Applications of Programming Paradigms/Project/bloc_the_line/lib/bloc_the_line/game/piece.ex", line: 5, description: "undefined field :corners on struct Piece"}, [{Kernel.Typespec, :compile_error, 2, [file: ~c"lib/kernel/typespec.ex", line: 992]}, {:lists, :foreach_1, 2, [file: ~c"lists.erl", line: 2641]}, {Kernel.Typespec, :typespec, 4, [file: ~c"lib/kernel/typespec.ex", line: 617]}, {Kernel.Typespec, :translate_type, 2, [file: ~c"lib/kernel/typespec.ex", line: 312]}, {:lists, :mapfoldl_1, 3, [file: ~c"lists.erl", line: 2673]}, {:lists, :mapfoldl_1, 3, [file: ~c"lists.erl", line: 2674]}, {Kernel.Typespec, :translate_typespecs_for_module, 2, [file: ~c"lib/kernel/typespec.ex", line: 239]}, {:elixir_erl, :compile, 1, [file: ~c"src/elixir_erl.erl", line: 155]}], {:defmodule, [end_of_expression: [newlines: 1, line: 6, column: 4], do: [line: 1, column: 17], end: [line: 6, column: 1], line: 1, column: 1], [{:__aliases__, [last: [line: 1, column: 11], line: 1, column: 11], [:Piece]}, [do: {:__block__, [], [{:defstruct, [end_of_expression: [newlines: 2, line: 2, column: 46], line: 2, column: 3], [[name: nil, cells: [], cornres: []]]}, {:@, [end_of_expression: [newlines: 1, line: 4, column: 47], line: 4, column: 5], [{:type, [line: 4, column: 6], [{:"::", [line: 4, column: 22], [{:coordinate, [line: 4, column: 11], nil}, {{:integer, [closing: [line: 4, column: 34], line: 4, column: 26], []}, {:integer, [closing: [line: 4, column: 45], line: 4, column: 37], []}}]}]}]}, {:@, [end_of_expression: [newlines: 1, line: 5, column: 79], line: 5, column: 3], [{:type, [line: 5, column: 4], [{:"::", [line: 5, column: 11], [{:t, [line: 5, column: 9], nil}, {:%, [line: 5, column: 14], [{:__MODULE__, [...], ...}, {:%{}, ...}]}]}]}]}]}]]}], [file: ~c"lib/engine/build/error.ex", line: 94]}, {XPEngine.Build.Document.Compilers.Quoted, :do_compile, 2, [file: ~c"lib/engine/build/document/compilers/quoted.ex", line: 49]}, {XPEngine.Build.Document.Compilers.Quoted, :compile, 3, [file: ~c"lib/engine/build/document/compilers/quoted.ex", line: 22]}, {XPEngine.Build.Isolation, :"-invoke/1-fun-0-", 2, [file: ~c"lib/engine/build/isolation.ex", line: 12]}], nil], clauses: nil}, [{XPEngine.Build.Error, :error_to_diagnostic, 4, [file: ~c"lib/engine/build/error.ex", line: 94]}, {XPEngine.Build.Document, :compile, 1, [file: ~c"lib/engine/build/document.ex", line: 18]}, {Mix.Project, :in_project, 4, [file: ~c"lib/mix/project.ex", line: 557]}, {File, :cd!, 2, [file: ~c"lib/file.ex", line: 2007]}, {XPEngine.Mix, :"-in_project/2-fun-0-", 3, [file: ~c"lib/engine/mix.ex", line: 27]}, {:global, :trans, 4, [file: ~c"global.erl", line: 703]}, {:timer, :tc, 2, [file: ~c"timer.erl", line: 599]}, {XPEngine.Build.State, :"-compile_file/2-fun-3-", 3, [file: ~c"lib/engine/build/state.ex", line: 137]}]}, [{XPEngine.Build.Error, :error_to_diagnostic, [#XPForge.Document<path: "/home/travis/Documents/Courses/Term 4/COMP 4959 - Selected Applications of Programming Paradigms/Project/bloc_the_line/lib/bloc_the_line/game/piece.ex", version: 185, dirty?: true, lines: %Lines<"defmodule Piece do..."(6 lines)>, ...>, :function_clause, [{XPEngine.Build.Error, :error_to_diagnostic, [#XPForge.Document<path: "/home/travis/Documents/Courses/Term 4/COMP 4959 - Selected Applications of Programming Paradigms/Project/bloc_the_line/lib/bloc_the_line/game/piece.ex", version: 185, dirty?: true, lines: %Lines<"defmodule Piece do..."(6 lines)>, ...>, %Kernel.TypespecError{file: "/home/travis/Documents/Courses/Term 4/COMP 4959 - Selected Applications of Programming Paradigms/Project/bloc_the_line/lib/bloc_the_line/game/piece.ex", line: 5, description: "undefined field :corners on struct Piece"}, [{Kernel.Typespec, :compile_error, 2, [file: ~c"lib/kernel/typespec.ex", line: 992]}, {:lists, :foreach_1, 2, [file: ~c"lists.erl", line: 2641]}, {Kernel.Typespec, :typespec, 4, [file: ~c"lib/kernel/typespec.ex", line: 617]}, {Kernel.Typespec, :translate_type, 2, [file: ~c"lib/kernel/typespec.ex", line: 312]}, {:lists, :mapfoldl_1, 3, [file: ~c"lists.erl", line: 2673]}, {:lists, :mapfoldl_1, 3, [file: ~c"lists.erl", line: 2674]}, {Kernel.Typespec, :translate_typespecs_for_module, 2, [file: ~c"lib/kernel/typespec.ex", line: 239]}, {:elixir_erl, :compile, 1, [file: ~c"src/elixir_erl.erl", line: 155]}], {:defmodule, [end_of_expression: [newlines: 1, line: 6, column: 4], do: [line: 1, column: 17], end: [line: 6, column: 1], line: 1, column: 1], [{:__aliases__, [last: [line: 1, column: 11], line: 1, column: 11], [:Piece]}, [do: {:__block__, [], [{:defstruct, [end_of_expression: [newlines: 2, line: 2, column: 46], line: 2, column: 3], [[name: nil, cells: [], cornres: []]]}, {:@, [end_of_expression: [newlines: 1, line: 4, column: 47], line: 4, column: 5], [{:type, [line: 4, column: 6], [{:"::", [line: 4, column: 22], [{:coordinate, [line: 4, column: 11], nil}, {{:integer, [closing: [line: 4, column: 34], line: 4, column: 26], []}, {:integer, [closing: [line: 4, column: 45], line: 4, column: 37], []}}]}]}]}, {:@, [end_of_expression: [newlines: 1, line: 5, column: 79], line: 5, column: 3], [{:type, [line: 5, column: 4], [{:"::", [line: 5, column: 11], [{:t, [line: 5, column: 9], nil}, {:%, [line: 5, column: 14], [{:__MODULE__, [line: 5, ...], nil}, {:%{}, [...], ...}]}]}]}]}]}]]}], [file: ~c"lib/engine/build/error.ex", line: 94]}, {XPEngine.Build.Document.Compilers.Quoted, :do_compile, 2, [file: ~c"lib/engine/build/document/compilers/quoted.ex", line: 49]}, {XPEngine.Build.Document.Compilers.Quoted, :compile, 3, [file: ~c"lib/engine/build/document/compilers/quoted.ex", line: 22]}, {XPEngine.Build.Isolation, :"-invoke/1-fun-0-", 2, [file: ~c"lib/engine/build/isolation.ex", line: 12]}], nil], [file: ~c"lib/engine/build/error.ex", line: 94]}, {XPEngine.Build.Document, :compile, 1, [file: ~c"lib/engine/build/document.ex", line: 18]}, {Mix.Project, :in_project, 4, [file: ~c"lib/mix/project.ex", line: 557]}, {File, :cd!, 2, [file: ~c"lib/file.ex", line: 2007]}, {XPEngine.Mix, :"-in_project/2-fun-0-", 3, [file: ~c"lib/engine/mix.ex", line: 27]}, {:global, :trans, 4, [file: ~c"global.erl", line: 703]}, {:timer, :tc, 2, [file: ~c"timer.erl", line: 599]}, {XPEngine.Build.State, :"-compile_file/2-fun-3-", 3, [file: ~c"lib/engine/build/state.ex", line: 137]}]}
16:33:19.894 [debug] sent notification server -> client textDocument/publishDiagnostics
16:33:21.185 [debug] handled notification client -> server textDocument/didChange in 759µs
16:33:21.252 [error] Invalid diagnostic: {:exception, {%FunctionClauseError{module: XPEngine.Build.Error, function: :error_to_diagnostic, arity: 4, kind: nil, args: [#XPForge.Document<path: "/home/travis/Documents/Courses/Term 4/COMP 4959 - Selected Applications of Programming Paradigms/Project/bloc_the_line/lib/bloc_the_line/game/piece.ex", version: 186, dirty?: true, lines: %Lines<"defmodule Piece do..."(6 lines)>, ...>, :function_clause, [{XPEngine.Build.Error, :error_to_diagnostic, [#XPForge.Document<path: "/home/travis/Documents/Courses/Term 4/COMP 4959 - Selected Applications of Programming Paradigms/Project/bloc_the_line/lib/bloc_the_line/game/piece.ex", version: 186, dirty?: true, lines: %Lines<"defmodule Piece do..."(6 lines)>, ...>, %Kernel.TypespecError{file: "/home/travis/Documents/Courses/Term 4/COMP 4959 - Selected Applications of Programming Paradigms/Project/bloc_the_line/lib/bloc_the_line/game/piece.ex", line: 5, description: "undefined field :corners on struct Piece"}, [{Kernel.Typespec, :compile_error, 2, [file: ~c"lib/kernel/typespec.ex", line: 992]}, {:lists, :foreach_1, 2, [file: ~c"lists.erl", line: 2641]}, {Kernel.Typespec, :typespec, 4, [file: ~c"lib/kernel/typespec.ex", line: 617]}, {Kernel.Typespec, :translate_type, 2, [file: ~c"lib/kernel/typespec.ex", line: 312]}, {:lists, :mapfoldl_1, 3, [file: ~c"lists.erl", line: 2673]}, {:lists, :mapfoldl_1, 3, [file: ~c"lists.erl", line: 2674]}, {Kernel.Typespec, :translate_typespecs_for_module, 2, [file: ~c"lib/kernel/typespec.ex", line: 239]}, {:elixir_erl, :compile, 1, [file: ~c"src/elixir_erl.erl", line: 155]}], {:defmodule, [end_of_expression: [newlines: 1, line: 6, column: 4], do: [line: 1, column: 17], end: [line: 6, column: 1], line: 1, column: 1], [{:__aliases__, [last: [line: 1, column: 11], line: 1, column: 11], [:Piece]}, [do: {:__block__, [], [{:defstruct, [end_of_expression: [newlines: 2, line: 2, column: 46], line: 2, column: 3], [[name: nil, cells: [], cornres: []]]}, {:@, [end_of_expression: [newlines: 1, line: 4, column: 46], line: 4, column: 4], [{:type, [line: 4, column: 5], [{:"::", [line: 4, column: 21], [{:coordinate, [line: 4, column: 10], nil}, {{:integer, [closing: [line: 4, column: 33], line: 4, column: 25], []}, {:integer, [closing: [line: 4, column: 44], line: 4, column: 36], []}}]}]}]}, {:@, [end_of_expression: [newlines: 1, line: 5, column: 79], line: 5, column: 3], [{:type, [line: 5, column: 4], [{:"::", [line: 5, column: 11], [{:t, [line: 5, column: 9], nil}, {:%, [line: 5, column: 14], [{:__MODULE__, [...], ...}, {:%{}, ...}]}]}]}]}]}]]}], [file: ~c"lib/engine/build/error.ex", line: 94]}, {XPEngine.Build.Document.Compilers.Quoted, :do_compile, 2, [file: ~c"lib/engine/build/document/compilers/quoted.ex", line: 49]}, {XPEngine.Build.Document.Compilers.Quoted, :compile, 3, [file: ~c"lib/engine/build/document/compilers/quoted.ex", line: 22]}, {XPEngine.Build.Isolation, :"-invoke/1-fun-0-", 2, [file: ~c"lib/engine/build/isolation.ex", line: 12]}], nil], clauses: nil}, [{XPEngine.Build.Error, :error_to_diagnostic, 4, [file: ~c"lib/engine/build/error.ex", line: 94]}, {XPEngine.Build.Document, :compile, 1, [file: ~c"lib/engine/build/document.ex", line: 18]}, {Mix.Project, :in_project, 4, [file: ~c"lib/mix/project.ex", line: 557]}, {File, :cd!, 2, [file: ~c"lib/file.ex", line: 2007]}, {XPEngine.Mix, :"-in_project/2-fun-0-", 3, [file: ~c"lib/engine/mix.ex", line: 27]}, {:global, :trans, 4, [file: ~c"global.erl", line: 703]}, {:timer, :tc, 2, [file: ~c"timer.erl", line: 599]}, {XPEngine.Build.State, :"-compile_file/2-fun-3-", 3, [file: ~c"lib/engine/build/state.ex", line: 137]}]}, [{XPEngine.Build.Error, :error_to_diagnostic, [#XPForge.Document<path: "/home/travis/Documents/Courses/Term 4/COMP 4959 - Selected Applications of Programming Paradigms/Project/bloc_the_line/lib/bloc_the_line/game/piece.ex", version: 186, dirty?: true, lines: %Lines<"defmodule Piece do..."(6 lines)>, ...>, :function_clause, [{XPEngine.Build.Error, :error_to_diagnostic, [#XPForge.Document<path: "/home/travis/Documents/Courses/Term 4/COMP 4959 - Selected Applications of Programming Paradigms/Project/bloc_the_line/lib/bloc_the_line/game/piece.ex", version: 186, dirty?: true, lines: %Lines<"defmodule Piece do..."(6 lines)>, ...>, %Kernel.TypespecError{file: "/home/travis/Documents/Courses/Term 4/COMP 4959 - Selected Applications of Programming Paradigms/Project/bloc_the_line/lib/bloc_the_line/game/piece.ex", line: 5, description: "undefined field :corners on struct Piece"}, [{Kernel.Typespec, :compile_error, 2, [file: ~c"lib/kernel/typespec.ex", line: 992]}, {:lists, :foreach_1, 2, [file: ~c"lists.erl", line: 2641]}, {Kernel.Typespec, :typespec, 4, [file: ~c"lib/kernel/typespec.ex", line: 617]}, {Kernel.Typespec, :translate_type, 2, [file: ~c"lib/kernel/typespec.ex", line: 312]}, {:lists, :mapfoldl_1, 3, [file: ~c"lists.erl", line: 2673]}, {:lists, :mapfoldl_1, 3, [file: ~c"lists.erl", line: 2674]}, {Kernel.Typespec, :translate_typespecs_for_module, 2, [file: ~c"lib/kernel/typespec.ex", line: 239]}, {:elixir_erl, :compile, 1, [file: ~c"src/elixir_erl.erl", line: 155]}], {:defmodule, [end_of_expression: [newlines: 1, line: 6, column: 4], do: [line: 1, column: 17], end: [line: 6, column: 1], line: 1, column: 1], [{:__aliases__, [last: [line: 1, column: 11], line: 1, column: 11], [:Piece]}, [do: {:__block__, [], [{:defstruct, [end_of_expression: [newlines: 2, line: 2, column: 46], line: 2, column: 3], [[name: nil, cells: [], cornres: []]]}, {:@, [end_of_expression: [newlines: 1, line: 4, column: 46], line: 4, column: 4], [{:type, [line: 4, column: 5], [{:"::", [line: 4, column: 21], [{:coordinate, [line: 4, column: 10], nil}, {{:integer, [closing: [line: 4, column: 33], line: 4, column: 25], []}, {:integer, [closing: [line: 4, column: 44], line: 4, column: 36], []}}]}]}]}, {:@, [end_of_expression: [newlines: 1, line: 5, column: 79], line: 5, column: 3], [{:type, [line: 5, column: 4], [{:"::", [line: 5, column: 11], [{:t, [line: 5, column: 9], nil}, {:%, [line: 5, column: 14], [{:__MODULE__, [line: 5, ...], nil}, {:%{}, [...], ...}]}]}]}]}]}]]}], [file: ~c"lib/engine/build/error.ex", line: 94]}, {XPEngine.Build.Document.Compilers.Quoted, :do_compile, 2, [file: ~c"lib/engine/build/document/compilers/quoted.ex", line: 49]}, {XPEngine.Build.Document.Compilers.Quoted, :compile, 3, [file: ~c"lib/engine/build/document/compilers/quoted.ex", line: 22]}, {XPEngine.Build.Isolation, :"-invoke/1-fun-0-", 2, [file: ~c"lib/engine/build/isolation.ex", line: 12]}], nil], [file: ~c"lib/engine/build/error.ex", line: 94]}, {XPEngine.Build.Document, :compile, 1, [file: ~c"lib/engine/build/document.ex", line: 18]}, {Mix.Project, :in_project, 4, [file: ~c"lib/mix/project.ex", line: 557]}, {File, :cd!, 2, [file: ~c"lib/file.ex", line: 2007]}, {XPEngine.Mix, :"-in_project/2-fun-0-", 3, [file: ~c"lib/engine/mix.ex", line: 27]}, {:global, :trans, 4, [file: ~c"global.erl", line: 703]}, {:timer, :tc, 2, [file: ~c"timer.erl", line: 599]}, {XPEngine.Build.State, :"-compile_file/2-fun-3-", 3, [file: ~c"lib/engine/build/state.ex", line: 137]}]}
16:33:21.252 [debug] sent notification server -> client textDocument/publishDiagnostics
16:33:21.335 [debug] handled notification client -> server textDocument/didChange in 825µs
16:33:21.408 [error] Invalid diagnostic: {:exception, {%FunctionClauseError{module: XPEngine.Build.Error, function: :error_to_diagnostic, arity: 4, kind: nil, args: [#XPForge.Document<path: "/home/travis/Documents/Courses/Term 4/COMP 4959 - Selected Applications of Programming Paradigms/Project/bloc_the_line/lib/bloc_the_line/game/piece.ex", version: 187, dirty?: true, lines: %Lines<"defmodule Piece do..."(6 lines)>, ...>, :function_clause, [{XPEngine.Build.Error, :error_to_diagnostic, [#XPForge.Document<path: "/home/travis/Documents/Courses/Term 4/COMP 4959 - Selected Applications of Programming Paradigms/Project/bloc_the_line/lib/bloc_the_line/game/piece.ex", version: 187, dirty?: true, lines: %Lines<"defmodule Piece do..."(6 lines)>, ...>, %Kernel.TypespecError{file: "/home/travis/Documents/Courses/Term 4/COMP 4959 - Selected Applications of Programming Paradigms/Project/bloc_the_line/lib/bloc_the_line/game/piece.ex", line: 5, description: "undefined field :corners on struct Piece"}, [{Kernel.Typespec, :compile_error, 2, [file: ~c"lib/kernel/typespec.ex", line: 992]}, {:lists, :foreach_1, 2, [file: ~c"lists.erl", line: 2641]}, {Kernel.Typespec, :typespec, 4, [file: ~c"lib/kernel/typespec.ex", line: 617]}, {Kernel.Typespec, :translate_type, 2, [file: ~c"lib/kernel/typespec.ex", line: 312]}, {:lists, :mapfoldl_1, 3, [file: ~c"lists.erl", line: 2673]}, {:lists, :mapfoldl_1, 3, [file: ~c"lists.erl", line: 2674]}, {Kernel.Typespec, :translate_typespecs_for_module, 2, [file: ~c"lib/kernel/typespec.ex", line: 239]}, {:elixir_erl, :compile, 1, [file: ~c"src/elixir_erl.erl", line: 155]}], {:defmodule, [end_of_expression: [newlines: 1, line: 6, column: 4], do: [line: 1, column: 17], end: [line: 6, column: 1], line: 1, column: 1], [{:__aliases__, [last: [line: 1, column: 11], line: 1, column: 11], [:Piece]}, [do: {:__block__, [], [{:defstruct, [end_of_expression: [newlines: 2, line: 2, column: 46], line: 2, column: 3], [[name: nil, cells: [], cornres: []]]}, {:@, [end_of_expression: [newlines: 1, line: 4, column: 45], line: 4, column: 3], [{:type, [line: 4, column: 4], [{:"::", [line: 4, column: 20], [{:coordinate, [line: 4, column: 9], nil}, {{:integer, [closing: [line: 4, column: 32], line: 4, column: 24], []}, {:integer, [closing: [line: 4, column: 43], line: 4, column: 35], []}}]}]}]}, {:@, [end_of_expression: [newlines: 1, line: 5, column: 79], line: 5, column: 3], [{:type, [line: 5, column: 4], [{:"::", [line: 5, column: 11], [{:t, [line: 5, column: 9], nil}, {:%, [line: 5, column: 14], [{:__MODULE__, [...], ...}, {:%{}, ...}]}]}]}]}]}]]}], [file: ~c"lib/engine/build/error.ex", line: 94]}, {XPEngine.Build.Document.Compilers.Quoted, :do_compile, 2, [file: ~c"lib/engine/build/document/compilers/quoted.ex", line: 49]}, {XPEngine.Build.Document.Compilers.Quoted, :compile, 3, [file: ~c"lib/engine/build/document/compilers/quoted.ex", line: 22]}, {XPEngine.Build.Isolation, :"-invoke/1-fun-0-", 2, [file: ~c"lib/engine/build/isolation.ex", line: 12]}], nil], clauses: nil}, [{XPEngine.Build.Error, :error_to_diagnostic, 4, [file: ~c"lib/engine/build/error.ex", line: 94]}, {XPEngine.Build.Document, :compile, 1, [file: ~c"lib/engine/build/document.ex", line: 18]}, {Mix.Project, :in_project, 4, [file: ~c"lib/mix/project.ex", line: 557]}, {File, :cd!, 2, [file: ~c"lib/file.ex", line: 2007]}, {XPEngine.Mix, :"-in_project/2-fun-0-", 3, [file: ~c"lib/engine/mix.ex", line: 27]}, {:global, :trans, 4, [file: ~c"global.erl", line: 703]}, {:timer, :tc, 2, [file: ~c"timer.erl", line: 599]}, {XPEngine.Build.State, :"-compile_file/2-fun-3-", 3, [file: ~c"lib/engine/build/state.ex", line: 137]}]}, [{XPEngine.Build.Error, :error_to_diagnostic, [#XPForge.Document<path: "/home/travis/Documents/Courses/Term 4/COMP 4959 - Selected Applications of Programming Paradigms/Project/bloc_the_line/lib/bloc_the_line/game/piece.ex", version: 187, dirty?: true, lines: %Lines<"defmodule Piece do..."(6 lines)>, ...>, :function_clause, [{XPEngine.Build.Error, :error_to_diagnostic, [#XPForge.Document<path: "/home/travis/Documents/Courses/Term 4/COMP 4959 - Selected Applications of Programming Paradigms/Project/bloc_the_line/lib/bloc_the_line/game/piece.ex", version: 187, dirty?: true, lines: %Lines<"defmodule Piece do..."(6 lines)>, ...>, %Kernel.TypespecError{file: "/home/travis/Documents/Courses/Term 4/COMP 4959 - Selected Applications of Programming Paradigms/Project/bloc_the_line/lib/bloc_the_line/game/piece.ex", line: 5, description: "undefined field :corners on struct Piece"}, [{Kernel.Typespec, :compile_error, 2, [file: ~c"lib/kernel/typespec.ex", line: 992]}, {:lists, :foreach_1, 2, [file: ~c"lists.erl", line: 2641]}, {Kernel.Typespec, :typespec, 4, [file: ~c"lib/kernel/typespec.ex", line: 617]}, {Kernel.Typespec, :translate_type, 2, [file: ~c"lib/kernel/typespec.ex", line: 312]}, {:lists, :mapfoldl_1, 3, [file: ~c"lists.erl", line: 2673]}, {:lists, :mapfoldl_1, 3, [file: ~c"lists.erl", line: 2674]}, {Kernel.Typespec, :translate_typespecs_for_module, 2, [file: ~c"lib/kernel/typespec.ex", line: 239]}, {:elixir_erl, :compile, 1, [file: ~c"src/elixir_erl.erl", line: 155]}], {:defmodule, [end_of_expression: [newlines: 1, line: 6, column: 4], do: [line: 1, column: 17], end: [line: 6, column: 1], line: 1, column: 1], [{:__aliases__, [last: [line: 1, column: 11], line: 1, column: 11], [:Piece]}, [do: {:__block__, [], [{:defstruct, [end_of_expression: [newlines: 2, line: 2, column: 46], line: 2, column: 3], [[name: nil, cells: [], cornres: []]]}, {:@, [end_of_expression: [newlines: 1, line: 4, column: 45], line: 4, column: 3], [{:type, [line: 4, column: 4], [{:"::", [line: 4, column: 20], [{:coordinate, [line: 4, column: 9], nil}, {{:integer, [closing: [line: 4, column: 32], line: 4, column: 24], []}, {:integer, [closing: [line: 4, column: 43], line: 4, column: 35], []}}]}]}]}, {:@, [end_of_expression: [newlines: 1, line: 5, column: 79], line: 5, column: 3], [{:type, [line: 5, column: 4], [{:"::", [line: 5, column: 11], [{:t, [line: 5, column: 9], nil}, {:%, [line: 5, column: 14], [{:__MODULE__, [line: 5, ...], nil}, {:%{}, [...], ...}]}]}]}]}]}]]}], [file: ~c"lib/engine/build/error.ex", line: 94]}, {XPEngine.Build.Document.Compilers.Quoted, :do_compile, 2, [file: ~c"lib/engine/build/document/compilers/quoted.ex", line: 49]}, {XPEngine.Build.Document.Compilers.Quoted, :compile, 3, [file: ~c"lib/engine/build/document/compilers/quoted.ex", line: 22]}, {XPEngine.Build.Isolation, :"-invoke/1-fun-0-", 2, [file: ~c"lib/engine/build/isolation.ex", line: 12]}], nil], [file: ~c"lib/engine/build/error.ex", line: 94]}, {XPEngine.Build.Document, :compile, 1, [file: ~c"lib/engine/build/document.ex", line: 18]}, {Mix.Project, :in_project, 4, [file: ~c"lib/mix/project.ex", line: 557]}, {File, :cd!, 2, [file: ~c"lib/file.ex", line: 2007]}, {XPEngine.Mix, :"-in_project/2-fun-0-", 3, [file: ~c"lib/engine/mix.ex", line: 27]}, {:global, :trans, 4, [file: ~c"global.erl", line: 703]}, {:timer, :tc, 2, [file: ~c"timer.erl", line: 599]}, {XPEngine.Build.State, :"-compile_file/2-fun-3-", 3, [file: ~c"lib/engine/build/state.ex", line: 137]}]}
16:33:21.408 [debug] sent notification server -> client textDocument/publishDiagnostics
16:33:40.023 [debug] handled notification client -> server textDocument/didChange in 2ms
16:33:40.087 [error] Invalid diagnostic: {:exception, {%FunctionClauseError{module: XPEngine.Build.Error, function: :error_to_diagnostic, arity: 4, kind: nil, args: [#XPForge.Document<path: "/home/travis/Documents/Courses/Term 4/COMP 4959 - Selected Applications of Programming Paradigms/Project/bloc_the_line/lib/bloc_the_line/game/piece.ex", version: 188, dirty?: true, lines: %Lines<"defmodule Piece do..."(6 lines)>, ...>, :function_clause, [{XPEngine.Build.Error, :error_to_diagnostic, [#XPForge.Document<path: "/home/travis/Documents/Courses/Term 4/COMP 4959 - Selected Applications of Programming Paradigms/Project/bloc_the_line/lib/bloc_the_line/game/piece.ex", version: 188, dirty?: true, lines: %Lines<"defmodule Piece do..."(6 lines)>, ...>, %Kernel.TypespecError{file: "/home/travis/Documents/Courses/Term 4/COMP 4959 - Selected Applications of Programming Paradigms/Project/bloc_the_line/lib/bloc_the_line/game/piece.ex", line: 5, description: "undefined field :corners on struct Piece"}, [{Kernel.Typespec, :compile_error, 2, [file: ~c"lib/kernel/typespec.ex", line: 992]}, {:lists, :foreach_1, 2, [file: ~c"lists.erl", line: 2641]}, {Kernel.Typespec, :typespec, 4, [file: ~c"lib/kernel/typespec.ex", line: 617]}, {Kernel.Typespec, :translate_type, 2, [file: ~c"lib/kernel/typespec.ex", line: 312]}, {:lists, :mapfoldl_1, 3, [file: ~c"lists.erl", line: 2673]}, {:lists, :mapfoldl_1, 3, [file: ~c"lists.erl", line: 2674]}, {Kernel.Typespec, :translate_typespecs_for_module, 2, [file: ~c"lib/kernel/typespec.ex", line: 239]}, {:elixir_erl, :compile, 1, [file: ~c"src/elixir_erl.erl", line: 155]}], {:defmodule, [end_of_expression: [newlines: 1, line: 6, column: 4], do: [line: 1, column: 17], end: [line: 6, column: 1], line: 1, column: 1], [{:__aliases__, [last: [line: 1, column: 11], line: 1, column: 11], [:Piece]}, [do: {:__block__, [], [{:defstruct, [end_of_expression: [newlines: 2, line: 2, column: 46], line: 2, column: 3], [[name: nil, cells: [], cornres: []]]}, {:@, [end_of_expression: [newlines: 1, line: 4, column: 45], line: 4, column: 3], [{:type, [line: 4, column: 4], [{:"::", [line: 4, column: 20], [{:coordinate, [line: 4, column: 9], nil}, {{:integer, [closing: [line: 4, column: 32], line: 4, column: 24], []}, {:integer, [closing: [line: 4, column: 43], line: 4, column: 35], []}}]}]}]}, {:@, [end_of_expression: [newlines: 1, line: 5, column: 78], line: 5, column: 3], [{:type, [line: 5, column: 4], [{:"::", [line: 5, column: 11], [{:t, [line: 5, column: 9], nil}, {:%, [line: 5, column: 14], [{:__MODULE__, [...], ...}, {:%{}, ...}]}]}]}]}]}]]}], [file: ~c"lib/engine/build/error.ex", line: 94]}, {XPEngine.Build.Document.Compilers.Quoted, :do_compile, 2, [file: ~c"lib/engine/build/document/compilers/quoted.ex", line: 49]}, {XPEngine.Build.Document.Compilers.Quoted, :compile, 3, [file: ~c"lib/engine/build/document/compilers/quoted.ex", line: 22]}, {XPEngine.Build.Isolation, :"-invoke/1-fun-0-", 2, [file: ~c"lib/engine/build/isolation.ex", line: 12]}], nil], clauses: nil}, [{XPEngine.Build.Error, :error_to_diagnostic, 4, [file: ~c"lib/engine/build/error.ex", line: 94]}, {XPEngine.Build.Document, :compile, 1, [file: ~c"lib/engine/build/document.ex", line: 18]}, {Mix.Project, :in_project, 4, [file: ~c"lib/mix/project.ex", line: 557]}, {File, :cd!, 2, [file: ~c"lib/file.ex", line: 2007]}, {XPEngine.Mix, :"-in_project/2-fun-0-", 3, [file: ~c"lib/engine/mix.ex", line: 27]}, {:global, :trans, 4, [file: ~c"global.erl", line: 703]}, {:timer, :tc, 2, [file: ~c"timer.erl", line: 599]}, {XPEngine.Build.State, :"-compile_file/2-fun-3-", 3, [file: ~c"lib/engine/build/state.ex", line: 137]}]}, [{XPEngine.Build.Error, :error_to_diagnostic, [#XPForge.Document<path: "/home/travis/Documents/Courses/Term 4/COMP 4959 - Selected Applications of Programming Paradigms/Project/bloc_the_line/lib/bloc_the_line/game/piece.ex", version: 188, dirty?: true, lines: %Lines<"defmodule Piece do..."(6 lines)>, ...>, :function_clause, [{XPEngine.Build.Error, :error_to_diagnostic, [#XPForge.Document<path: "/home/travis/Documents/Courses/Term 4/COMP 4959 - Selected Applications of Programming Paradigms/Project/bloc_the_line/lib/bloc_the_line/game/piece.ex", version: 188, dirty?: true, lines: %Lines<"defmodule Piece do..."(6 lines)>, ...>, %Kernel.TypespecError{file: "/home/travis/Documents/Courses/Term 4/COMP 4959 - Selected Applications of Programming Paradigms/Project/bloc_the_line/lib/bloc_the_line/game/piece.ex", line: 5, description: "undefined field :corners on struct Piece"}, [{Kernel.Typespec, :compile_error, 2, [file: ~c"lib/kernel/typespec.ex", line: 992]}, {:lists, :foreach_1, 2, [file: ~c"lists.erl", line: 2641]}, {Kernel.Typespec, :typespec, 4, [file: ~c"lib/kernel/typespec.ex", line: 617]}, {Kernel.Typespec, :translate_type, 2, [file: ~c"lib/kernel/typespec.ex", line: 312]}, {:lists, :mapfoldl_1, 3, [file: ~c"lists.erl", line: 2673]}, {:lists, :mapfoldl_1, 3, [file: ~c"lists.erl", line: 2674]}, {Kernel.Typespec, :translate_typespecs_for_module, 2, [file: ~c"lib/kernel/typespec.ex", line: 239]}, {:elixir_erl, :compile, 1, [file: ~c"src/elixir_erl.erl", line: 155]}], {:defmodule, [end_of_expression: [newlines: 1, line: 6, column: 4], do: [line: 1, column: 17], end: [line: 6, column: 1], line: 1, column: 1], [{:__aliases__, [last: [line: 1, column: 11], line: 1, column: 11], [:Piece]}, [do: {:__block__, [], [{:defstruct, [end_of_expression: [newlines: 2, line: 2, column: 46], line: 2, column: 3], [[name: nil, cells: [], cornres: []]]}, {:@, [end_of_expression: [newlines: 1, line: 4, column: 45], line: 4, column: 3], [{:type, [line: 4, column: 4], [{:"::", [line: 4, column: 20], [{:coordinate, [line: 4, column: 9], nil}, {{:integer, [closing: [line: 4, column: 32], line: 4, column: 24], []}, {:integer, [closing: [line: 4, column: 43], line: 4, column: 35], []}}]}]}]}, {:@, [end_of_expression: [newlines: 1, line: 5, column: 78], line: 5, column: 3], [{:type, [line: 5, column: 4], [{:"::", [line: 5, column: 11], [{:t, [line: 5, column: 9], nil}, {:%, [line: 5, column: 14], [{:__MODULE__, [line: 5, ...], nil}, {:%{}, [...], ...}]}]}]}]}]}]]}], [file: ~c"lib/engine/build/error.ex", line: 94]}, {XPEngine.Build.Document.Compilers.Quoted, :do_compile, 2, [file: ~c"lib/engine/build/document/compilers/quoted.ex", line: 49]}, {XPEngine.Build.Document.Compilers.Quoted, :compile, 3, [file: ~c"lib/engine/build/document/compilers/quoted.ex", line: 22]}, {XPEngine.Build.Isolation, :"-invoke/1-fun-0-", 2, [file: ~c"lib/engine/build/isolation.ex", line: 12]}], nil], [file: ~c"lib/engine/build/error.ex", line: 94]}, {XPEngine.Build.Document, :compile, 1, [file: ~c"lib/engine/build/document.ex", line: 18]}, {Mix.Project, :in_project, 4, [file: ~c"lib/mix/project.ex", line: 557]}, {File, :cd!, 2, [file: ~c"lib/file.ex", line: 2007]}, {XPEngine.Mix, :"-in_project/2-fun-0-", 3, [file: ~c"lib/engine/mix.ex", line: 27]}, {:global, :trans, 4, [file: ~c"global.erl", line: 703]}, {:timer, :tc, 2, [file: ~c"timer.erl", line: 599]}, {XPEngine.Build.State, :"-compile_file/2-fun-3-", 3, [file: ~c"lib/engine/build/state.ex", line: 137]}]}
16:33:40.087 [debug] sent notification server -> client textDocument/publishDiagnostics
16:33:40.231 [debug] handled notification client -> server textDocument/didChange in 2ms
16:33:40.304 [error] Invalid diagnostic: {:exception, {%FunctionClauseError{module: XPEngine.Build.Error, function: :error_to_diagnostic, arity: 4, kind: nil, args: [#XPForge.Document<path: "/home/travis/Documents/Courses/Term 4/COMP 4959 - Selected Applications of Programming Paradigms/Project/bloc_the_line/lib/bloc_the_line/game/piece.ex", version: 189, dirty?: true, lines: %Lines<"defmodule Piece do..."(6 lines)>, ...>, :function_clause, [{XPEngine.Build.Error, :error_to_diagnostic, [#XPForge.Document<path: "/home/travis/Documents/Courses/Term 4/COMP 4959 - Selected Applications of Programming Paradigms/Project/bloc_the_line/lib/bloc_the_line/game/piece.ex", version: 189, dirty?: true, lines: %Lines<"defmodule Piece do..."(6 lines)>, ...>, %Kernel.TypespecError{file: "/home/travis/Documents/Courses/Term 4/COMP 4959 - Selected Applications of Programming Paradigms/Project/bloc_the_line/lib/bloc_the_line/game/piece.ex", line: 5, description: "undefined field :corners on struct Piece"}, [{Kernel.Typespec, :compile_error, 2, [file: ~c"lib/kernel/typespec.ex", line: 992]}, {:lists, :foreach_1, 2, [file: ~c"lists.erl", line: 2641]}, {Kernel.Typespec, :typespec, 4, [file: ~c"lib/kernel/typespec.ex", line: 617]}, {Kernel.Typespec, :translate_type, 2, [file: ~c"lib/kernel/typespec.ex", line: 312]}, {:lists, :mapfoldl_1, 3, [file: ~c"lists.erl", line: 2673]}, {:lists, :mapfoldl_1, 3, [file: ~c"lists.erl", line: 2674]}, {Kernel.Typespec, :translate_typespecs_for_module, 2, [file: ~c"lib/kernel/typespec.ex", line: 239]}, {:elixir_erl, :compile, 1, [file: ~c"src/elixir_erl.erl", line: 155]}], {:defmodule, [end_of_expression: [newlines: 1, line: 6, column: 4], do: [line: 1, column: 17], end: [line: 6, column: 1], line: 1, column: 1], [{:__aliases__, [last: [line: 1, column: 11], line: 1, column: 11], [:Piece]}, [do: {:__block__, [], [{:defstruct, [end_of_expression: [newlines: 2, line: 2, column: 46], line: 2, column: 3], [[name: nil, cells: [], cornres: []]]}, {:@, [end_of_expression: [newlines: 1, line: 4, column: 45], line: 4, column: 3], [{:type, [line: 4, column: 4], [{:"::", [line: 4, column: 20], [{:coordinate, [line: 4, column: 9], nil}, {{:integer, [closing: [line: 4, column: 32], line: 4, column: 24], []}, {:integer, [closing: [line: 4, column: 43], line: 4, column: 35], []}}]}]}]}, {:@, [end_of_expression: [newlines: 1, line: 5, column: 77], line: 5, column: 3], [{:type, [line: 5, column: 4], [{:"::", [line: 5, column: 11], [{:t, [line: 5, column: 9], nil}, {:%, [line: 5, column: 14], [{:__MODULE__, [...], ...}, {:%{}, ...}]}]}]}]}]}]]}], [file: ~c"lib/engine/build/error.ex", line: 94]}, {XPEngine.Build.Document.Compilers.Quoted, :do_compile, 2, [file: ~c"lib/engine/build/document/compilers/quoted.ex", line: 49]}, {XPEngine.Build.Document.Compilers.Quoted, :compile, 3, [file: ~c"lib/engine/build/document/compilers/quoted.ex", line: 22]}, {XPEngine.Build.Isolation, :"-invoke/1-fun-0-", 2, [file: ~c"lib/engine/build/isolation.ex", line: 12]}], nil], clauses: nil}, [{XPEngine.Build.Error, :error_to_diagnostic, 4, [file: ~c"lib/engine/build/error.ex", line: 94]}, {XPEngine.Build.Document, :compile, 1, [file: ~c"lib/engine/build/document.ex", line: 18]}, {Mix.Project, :in_project, 4, [file: ~c"lib/mix/project.ex", line: 557]}, {File, :cd!, 2, [file: ~c"lib/file.ex", line: 2007]}, {XPEngine.Mix, :"-in_project/2-fun-0-", 3, [file: ~c"lib/engine/mix.ex", line: 27]}, {:global, :trans, 4, [file: ~c"global.erl", line: 703]}, {:timer, :tc, 2, [file: ~c"timer.erl", line: 599]}, {XPEngine.Build.State, :"-compile_file/2-fun-3-", 3, [file: ~c"lib/engine/build/state.ex", line: 137]}]}, [{XPEngine.Build.Error, :error_to_diagnostic, [#XPForge.Document<path: "/home/travis/Documents/Courses/Term 4/COMP 4959 - Selected Applications of Programming Paradigms/Project/bloc_the_line/lib/bloc_the_line/game/piece.ex", version: 189, dirty?: true, lines: %Lines<"defmodule Piece do..."(6 lines)>, ...>, :function_clause, [{XPEngine.Build.Error, :error_to_diagnostic, [#XPForge.Document<path: "/home/travis/Documents/Courses/Term 4/COMP 4959 - Selected Applications of Programming Paradigms/Project/bloc_the_line/lib/bloc_the_line/game/piece.ex", version: 189, dirty?: true, lines: %Lines<"defmodule Piece do..."(6 lines)>, ...>, %Kernel.TypespecError{file: "/home/travis/Documents/Courses/Term 4/COMP 4959 - Selected Applications of Programming Paradigms/Project/bloc_the_line/lib/bloc_the_line/game/piece.ex", line: 5, description: "undefined field :corners on struct Piece"}, [{Kernel.Typespec, :compile_error, 2, [file: ~c"lib/kernel/typespec.ex", line: 992]}, {:lists, :foreach_1, 2, [file: ~c"lists.erl", line: 2641]}, {Kernel.Typespec, :typespec, 4, [file: ~c"lib/kernel/typespec.ex", line: 617]}, {Kernel.Typespec, :translate_type, 2, [file: ~c"lib/kernel/typespec.ex", line: 312]}, {:lists, :mapfoldl_1, 3, [file: ~c"lists.erl", line: 2673]}, {:lists, :mapfoldl_1, 3, [file: ~c"lists.erl", line: 2674]}, {Kernel.Typespec, :translate_typespecs_for_module, 2, [file: ~c"lib/kernel/typespec.ex", line: 239]}, {:elixir_erl, :compile, 1, [file: ~c"src/elixir_erl.erl", line: 155]}], {:defmodule, [end_of_expression: [newlines: 1, line: 6, column: 4], do: [line: 1, column: 17], end: [line: 6, column: 1], line: 1, column: 1], [{:__aliases__, [last: [line: 1, column: 11], line: 1, column: 11], [:Piece]}, [do: {:__block__, [], [{:defstruct, [end_of_expression: [newlines: 2, line: 2, column: 46], line: 2, column: 3], [[name: nil, cells: [], cornres: []]]}, {:@, [end_of_expression: [newlines: 1, line: 4, column: 45], line: 4, column: 3], [{:type, [line: 4, column: 4], [{:"::", [line: 4, column: 20], [{:coordinate, [line: 4, column: 9], nil}, {{:integer, [closing: [line: 4, column: 32], line: 4, column: 24], []}, {:integer, [closing: [line: 4, column: 43], line: 4, column: 35], []}}]}]}]}, {:@, [end_of_expression: [newlines: 1, line: 5, column: 77], line: 5, column: 3], [{:type, [line: 5, column: 4], [{:"::", [line: 5, column: 11], [{:t, [line: 5, column: 9], nil}, {:%, [line: 5, column: 14], [{:__MODULE__, [line: 5, ...], nil}, {:%{}, [...], ...}]}]}]}]}]}]]}], [file: ~c"lib/engine/build/error.ex", line: 94]}, {XPEngine.Build.Document.Compilers.Quoted, :do_compile, 2, [file: ~c"lib/engine/build/document/compilers/quoted.ex", line: 49]}, {XPEngine.Build.Document.Compilers.Quoted, :compile, 3, [file: ~c"lib/engine/build/document/compilers/quoted.ex", line: 22]}, {XPEngine.Build.Isolation, :"-invoke/1-fun-0-", 2, [file: ~c"lib/engine/build/isolation.ex", line: 12]}], nil], [file: ~c"lib/engine/build/error.ex", line: 94]}, {XPEngine.Build.Document, :compile, 1, [file: ~c"lib/engine/build/document.ex", line: 18]}, {Mix.Project, :in_project, 4, [file: ~c"lib/mix/project.ex", line: 557]}, {File, :cd!, 2, [file: ~c"lib/file.ex", line: 2007]}, {XPEngine.Mix, :"-in_project/2-fun-0-", 3, [file: ~c"lib/engine/mix.ex", line: 27]}, {:global, :trans, 4, [file: ~c"global.erl", line: 703]}, {:timer, :tc, 2, [file: ~c"timer.erl", line: 599]}, {XPEngine.Build.State, :"-compile_file/2-fun-3-", 3, [file: ~c"lib/engine/build/state.ex", line: 137]}]}
16:33:40.304 [debug] sent notification server -> client textDocument/publishDiagnostics
16:33:40.441 [debug] handled notification client -> server textDocument/didChange in 2ms
16:33:40.505 [error] Invalid diagnostic: {:exception, {%FunctionClauseError{module: XPEngine.Build.Error, function: :error_to_diagnostic, arity: 4, kind: nil, args: [#XPForge.Document<path: "/home/travis/Documents/Courses/Term 4/COMP 4959 - Selected Applications of Programming Paradigms/Project/bloc_the_line/lib/bloc_the_line/game/piece.ex", version: 190, dirty?: true, lines: %Lines<"defmodule Piece do..."(6 lines)>, ...>, :function_clause, [{XPEngine.Build.Error, :error_to_diagnostic, [#XPForge.Document<path: "/home/travis/Documents/Courses/Term 4/COMP 4959 - Selected Applications of Programming Paradigms/Project/bloc_the_line/lib/bloc_the_line/game/piece.ex", version: 190, dirty?: true, lines: %Lines<"defmodule Piece do..."(6 lines)>, ...>, %Kernel.TypespecError{file: "/home/travis/Documents/Courses/Term 4/COMP 4959 - Selected Applications of Programming Paradigms/Project/bloc_the_line/lib/bloc_the_line/game/piece.ex", line: 5, description: "undefined field :corners on struct Piece"}, [{Kernel.Typespec, :compile_error, 2, [file: ~c"lib/kernel/typespec.ex", line: 992]}, {:lists, :foreach_1, 2, [file: ~c"lists.erl", line: 2641]}, {Kernel.Typespec, :typespec, 4, [file: ~c"lib/kernel/typespec.ex", line: 617]}, {Kernel.Typespec, :translate_type, 2, [file: ~c"lib/kernel/typespec.ex", line: 312]}, {:lists, :mapfoldl_1, 3, [file: ~c"lists.erl", line: 2673]}, {:lists, :mapfoldl_1, 3, [file: ~c"lists.erl", line: 2674]}, {Kernel.Typespec, :translate_typespecs_for_module, 2, [file: ~c"lib/kernel/typespec.ex", line: 239]}, {:elixir_erl, :compile, 1, [file: ~c"src/elixir_erl.erl", line: 155]}], {:defmodule, [end_of_expression: [newlines: 1, line: 6, column: 4], do: [line: 1, column: 17], end: [line: 6, column: 1], line: 1, column: 1], [{:__aliases__, [last: [line: 1, column: 11], line: 1, column: 11], [:Piece]}, [do: {:__block__, [], [{:defstruct, [end_of_expression: [newlines: 2, line: 2, column: 46], line: 2, column: 3], [[name: nil, cells: [], cornres: []]]}, {:@, [end_of_expression: [newlines: 1, line: 4, column: 45], line: 4, column: 3], [{:type, [line: 4, column: 4], [{:"::", [line: 4, column: 20], [{:coordinate, [line: 4, column: 9], nil}, {{:integer, [closing: [line: 4, column: 32], line: 4, column: 24], []}, {:integer, [closing: [line: 4, column: 43], line: 4, column: 35], []}}]}]}]}, {:@, [end_of_expression: [newlines: 1, line: 5, column: 76], line: 5, column: 3], [{:type, [line: 5, column: 4], [{:"::", [line: 5, column: 11], [{:t, [line: 5, column: 9], nil}, {:%, [line: 5, column: 14], [{:__MODULE__, [...], ...}, {:%{}, ...}]}]}]}]}]}]]}], [file: ~c"lib/engine/build/error.ex", line: 94]}, {XPEngine.Build.Document.Compilers.Quoted, :do_compile, 2, [file: ~c"lib/engine/build/document/compilers/quoted.ex", line: 49]}, {XPEngine.Build.Document.Compilers.Quoted, :compile, 3, [file: ~c"lib/engine/build/document/compilers/quoted.ex", line: 22]}, {XPEngine.Build.Isolation, :"-invoke/1-fun-0-", 2, [file: ~c"lib/engine/build/isolation.ex", line: 12]}], nil], clauses: nil}, [{XPEngine.Build.Error, :error_to_diagnostic, 4, [file: ~c"lib/engine/build/error.ex", line: 94]}, {XPEngine.Build.Document, :compile, 1, [file: ~c"lib/engine/build/document.ex", line: 18]}, {Mix.Project, :in_project, 4, [file: ~c"lib/mix/project.ex", line: 557]}, {File, :cd!, 2, [file: ~c"lib/file.ex", line: 2007]}, {XPEngine.Mix, :"-in_project/2-fun-0-", 3, [file: ~c"lib/engine/mix.ex", line: 27]}, {:global, :trans, 4, [file: ~c"global.erl", line: 703]}, {:timer, :tc, 2, [file: ~c"timer.erl", line: 599]}, {XPEngine.Build.State, :"-compile_file/2-fun-3-", 3, [file: ~c"lib/engine/build/state.ex", line: 137]}]}, [{XPEngine.Build.Error, :error_to_diagnostic, [#XPForge.Document<path: "/home/travis/Documents/Courses/Term 4/COMP 4959 - Selected Applications of Programming Paradigms/Project/bloc_the_line/lib/bloc_the_line/game/piece.ex", version: 190, dirty?: true, lines: %Lines<"defmodule Piece do..."(6 lines)>, ...>, :function_clause, [{XPEngine.Build.Error, :error_to_diagnostic, [#XPForge.Document<path: "/home/travis/Documents/Courses/Term 4/COMP 4959 - Selected Applications of Programming Paradigms/Project/bloc_the_line/lib/bloc_the_line/game/piece.ex", version: 190, dirty?: true, lines: %Lines<"defmodule Piece do..."(6 lines)>, ...>, %Kernel.TypespecError{file: "/home/travis/Documents/Courses/Term 4/COMP 4959 - Selected Applications of Programming Paradigms/Project/bloc_the_line/lib/bloc_the_line/game/piece.ex", line: 5, description: "undefined field :corners on struct Piece"}, [{Kernel.Typespec, :compile_error, 2, [file: ~c"lib/kernel/typespec.ex", line: 992]}, {:lists, :foreach_1, 2, [file: ~c"lists.erl", line: 2641]}, {Kernel.Typespec, :typespec, 4, [file: ~c"lib/kernel/typespec.ex", line: 617]}, {Kernel.Typespec, :translate_type, 2, [file: ~c"lib/kernel/typespec.ex", line: 312]}, {:lists, :mapfoldl_1, 3, [file: ~c"lists.erl", line: 2673]}, {:lists, :mapfoldl_1, 3, [file: ~c"lists.erl", line: 2674]}, {Kernel.Typespec, :translate_typespecs_for_module, 2, [file: ~c"lib/kernel/typespec.ex", line: 239]}, {:elixir_erl, :compile, 1, [file: ~c"src/elixir_erl.erl", line: 155]}], {:defmodule, [end_of_expression: [newlines: 1, line: 6, column: 4], do: [line: 1, column: 17], end: [line: 6, column: 1], line: 1, column: 1], [{:__aliases__, [last: [line: 1, column: 11], line: 1, column: 11], [:Piece]}, [do: {:__block__, [], [{:defstruct, [end_of_expression: [newlines: 2, line: 2, column: 46], line: 2, column: 3], [[name: nil, cells: [], cornres: []]]}, {:@, [end_of_expression: [newlines: 1, line: 4, column: 45], line: 4, column: 3], [{:type, [line: 4, column: 4], [{:"::", [line: 4, column: 20], [{:coordinate, [line: 4, column: 9], nil}, {{:integer, [closing: [line: 4, column: 32], line: 4, column: 24], []}, {:integer, [closing: [line: 4, column: 43], line: 4, column: 35], []}}]}]}]}, {:@, [end_of_expression: [newlines: 1, line: 5, column: 76], line: 5, column: 3], [{:type, [line: 5, column: 4], [{:"::", [line: 5, column: 11], [{:t, [line: 5, column: 9], nil}, {:%, [line: 5, column: 14], [{:__MODULE__, [line: 5, ...], nil}, {:%{}, [...], ...}]}]}]}]}]}]]}], [file: ~c"lib/engine/build/error.ex", line: 94]}, {XPEngine.Build.Document.Compilers.Quoted, :do_compile, 2, [file: ~c"lib/engine/build/document/compilers/quoted.ex", line: 49]}, {XPEngine.Build.Document.Compilers.Quoted, :compile, 3, [file: ~c"lib/engine/build/document/compilers/quoted.ex", line: 22]}, {XPEngine.Build.Isolation, :"-invoke/1-fun-0-", 2, [file: ~c"lib/engine/build/isolation.ex", line: 12]}], nil], [file: ~c"lib/engine/build/error.ex", line: 94]}, {XPEngine.Build.Document, :compile, 1, [file: ~c"lib/engine/build/document.ex", line: 18]}, {Mix.Project, :in_project, 4, [file: ~c"lib/mix/project.ex", line: 557]}, {File, :cd!, 2, [file: ~c"lib/file.ex", line: 2007]}, {XPEngine.Mix, :"-in_project/2-fun-0-", 3, [file: ~c"lib/engine/mix.ex", line: 27]}, {:global, :trans, 4, [file: ~c"global.erl", line: 703]}, {:timer, :tc, 2, [file: ~c"timer.erl", line: 599]}, {XPEngine.Build.State, :"-compile_file/2-fun-3-", 3, [file: ~c"lib/engine/build/state.ex", line: 137]}]}
16:33:40.505 [debug] sent notification server -> client textDocument/publishDiagnostics
16:33:40.642 [debug] handled notification client -> server textDocument/didChange in 2ms
16:33:40.692 [debug] sent notification server -> client textDocument/publishDiagnostics
16:33:41.316 [debug] handled notification client -> server textDocument/didChange in 1ms
16:33:41.318 [info] Completion for XpPos<<5, 52>>
16:33:41.353 [info] Local completions are: [behaviour: (Module)   exception: (MatchError, MismatchedDelimiterError, MissingApplicationsError)   module: (MIME, Macro, Map, Mint, Mix)   struct: (MapSet)   ]
16:33:41.354 [info] Emitting Completions: [9:MIME 9:Macro 9:Map 9:Mint 9:Mix ]
16:33:41.355 [debug] handled request client -> server textDocument/completion in 38ms
16:33:41.391 [error] Invalid diagnostic: {:exception, {%FunctionClauseError{module: XPEngine.Build.Error, function: :error_to_diagnostic, arity: 4, kind: nil, args: [#XPForge.Document<path: "/home/travis/Documents/Courses/Term 4/COMP 4959 - Selected Applications of Programming Paradigms/Project/bloc_the_line/lib/bloc_the_line/game/piece.ex", version: 192, dirty?: true, lines: %Lines<"defmodule Piece do..."(6 lines)>, ...>, :function_clause, [{XPEngine.Build.Error, :error_to_diagnostic, [#XPForge.Document<path: "/home/travis/Documents/Courses/Term 4/COMP 4959 - Selected Applications of Programming Paradigms/Project/bloc_the_line/lib/bloc_the_line/game/piece.ex", version: 192, dirty?: true, lines: %Lines<"defmodule Piece do..."(6 lines)>, ...>, %Kernel.TypespecError{file: "/home/travis/Documents/Courses/Term 4/COMP 4959 - Selected Applications of Programming Paradigms/Project/bloc_the_line/lib/bloc_the_line/game/piece.ex", line: 5, description: "undefined field :corners on struct Piece"}, [{Kernel.Typespec, :compile_error, 2, [file: ~c"lib/kernel/typespec.ex", line: 992]}, {:lists, :foreach_1, 2, [file: ~c"lists.erl", line: 2641]}, {Kernel.Typespec, :typespec, 4, [file: ~c"lib/kernel/typespec.ex", line: 617]}, {Kernel.Typespec, :translate_type, 2, [file: ~c"lib/kernel/typespec.ex", line: 312]}, {:lists, :mapfoldl_1, 3, [file: ~c"lists.erl", line: 2673]}, {:lists, :mapfoldl_1, 3, [file: ~c"lists.erl", line: 2674]}, {Kernel.Typespec, :translate_typespecs_for_module, 2, [file: ~c"lib/kernel/typespec.ex", line: 239]}, {:elixir_erl, :compile, 1, [file: ~c"src/elixir_erl.erl", line: 155]}], {:defmodule, [end_of_expression: [newlines: 1, line: 6, column: 4], do: [line: 1, column: 17], end: [line: 6, column: 1], line: 1, column: 1], [{:__aliases__, [last: [line: 1, column: 11], line: 1, column: 11], [:Piece]}, [do: {:__block__, [], [{:defstruct, [end_of_expression: [newlines: 2, line: 2, column: 46], line: 2, column: 3], [[name: nil, cells: [], cornres: []]]}, {:@, [end_of_expression: [newlines: 1, line: 4, column: 45], line: 4, column: 3], [{:type, [line: 4, column: 4], [{:"::", [line: 4, column: 20], [{:coordinate, [line: 4, column: 9], nil}, {{:integer, [closing: [line: 4, column: 32], line: 4, column: 24], []}, {:integer, [closing: [line: 4, column: 43], line: 4, column: 35], []}}]}]}]}, {:@, [end_of_expression: [newlines: 1, line: 5, column: 76], line: 5, column: 3], [{:type, [line: 5, column: 4], [{:"::", [line: 5, column: 11], [{:t, [line: 5, column: 9], nil}, {:%, [line: 5, column: 14], [{:__MODULE__, [...], ...}, {:%{}, ...}]}]}]}]}]}]]}], [file: ~c"lib/engine/build/error.ex", line: 94]}, {XPEngine.Build.Document.Compilers.Quoted, :do_compile, 2, [file: ~c"lib/engine/build/document/compilers/quoted.ex", line: 49]}, {XPEngine.Build.Document.Compilers.Quoted, :compile, 3, [file: ~c"lib/engine/build/document/compilers/quoted.ex", line: 22]}, {XPEngine.Build.Isolation, :"-invoke/1-fun-0-", 2, [file: ~c"lib/engine/build/isolation.ex", line: 12]}], nil], clauses: nil}, [{XPEngine.Build.Error, :error_to_diagnostic, 4, [file: ~c"lib/engine/build/error.ex", line: 94]}, {XPEngine.Build.Document, :compile, 1, [file: ~c"lib/engine/build/document.ex", line: 18]}, {Mix.Project, :in_project, 4, [file: ~c"lib/mix/project.ex", line: 557]}, {File, :cd!, 2, [file: ~c"lib/file.ex", line: 2007]}, {XPEngine.Mix, :"-in_project/2-fun-0-", 3, [file: ~c"lib/engine/mix.ex", line: 27]}, {:global, :trans, 4, [file: ~c"global.erl", line: 703]}, {:timer, :tc, 2, [file: ~c"timer.erl", line: 599]}, {XPEngine.Build.State, :"-compile_file/2-fun-3-", 3, [file: ~c"lib/engine/build/state.ex", line: 137]}]}, [{XPEngine.Build.Error, :error_to_diagnostic, [#XPForge.Document<path: "/home/travis/Documents/Courses/Term 4/COMP 4959 - Selected Applications of Programming Paradigms/Project/bloc_the_line/lib/bloc_the_line/game/piece.ex", version: 192, dirty?: true, lines: %Lines<"defmodule Piece do..."(6 lines)>, ...>, :function_clause, [{XPEngine.Build.Error, :error_to_diagnostic, [#XPForge.Document<path: "/home/travis/Documents/Courses/Term 4/COMP 4959 - Selected Applications of Programming Paradigms/Project/bloc_the_line/lib/bloc_the_line/game/piece.ex", version: 192, dirty?: true, lines: %Lines<"defmodule Piece do..."(6 lines)>, ...>, %Kernel.TypespecError{file: "/home/travis/Documents/Courses/Term 4/COMP 4959 - Selected Applications of Programming Paradigms/Project/bloc_the_line/lib/bloc_the_line/game/piece.ex", line: 5, description: "undefined field :corners on struct Piece"}, [{Kernel.Typespec, :compile_error, 2, [file: ~c"lib/kernel/typespec.ex", line: 992]}, {:lists, :foreach_1, 2, [file: ~c"lists.erl", line: 2641]}, {Kernel.Typespec, :typespec, 4, [file: ~c"lib/kernel/typespec.ex", line: 617]}, {Kernel.Typespec, :translate_type, 2, [file: ~c"lib/kernel/typespec.ex", line: 312]}, {:lists, :mapfoldl_1, 3, [file: ~c"lists.erl", line: 2673]}, {:lists, :mapfoldl_1, 3, [file: ~c"lists.erl", line: 2674]}, {Kernel.Typespec, :translate_typespecs_for_module, 2, [file: ~c"lib/kernel/typespec.ex", line: 239]}, {:elixir_erl, :compile, 1, [file: ~c"src/elixir_erl.erl", line: 155]}], {:defmodule, [end_of_expression: [newlines: 1, line: 6, column: 4], do: [line: 1, column: 17], end: [line: 6, column: 1], line: 1, column: 1], [{:__aliases__, [last: [line: 1, column: 11], line: 1, column: 11], [:Piece]}, [do: {:__block__, [], [{:defstruct, [end_of_expression: [newlines: 2, line: 2, column: 46], line: 2, column: 3], [[name: nil, cells: [], cornres: []]]}, {:@, [end_of_expression: [newlines: 1, line: 4, column: 45], line: 4, column: 3], [{:type, [line: 4, column: 4], [{:"::", [line: 4, column: 20], [{:coordinate, [line: 4, column: 9], nil}, {{:integer, [closing: [line: 4, column: 32], line: 4, column: 24], []}, {:integer, [closing: [line: 4, column: 43], line: 4, column: 35], []}}]}]}]}, {:@, [end_of_expression: [newlines: 1, line: 5, column: 76], line: 5, column: 3], [{:type, [line: 5, column: 4], [{:"::", [line: 5, column: 11], [{:t, [line: 5, column: 9], nil}, {:%, [line: 5, column: 14], [{:__MODULE__, [line: 5, ...], nil}, {:%{}, [...], ...}]}]}]}]}]}]]}], [file: ~c"lib/engine/build/error.ex", line: 94]}, {XPEngine.Build.Document.Compilers.Quoted, :do_compile, 2, [file: ~c"lib/engine/build/document/compilers/quoted.ex", line: 49]}, {XPEngine.Build.Document.Compilers.Quoted, :compile, 3, [file: ~c"lib/engine/build/document/compilers/quoted.ex", line: 22]}, {XPEngine.Build.Isolation, :"-invoke/1-fun-0-", 2, [file: ~c"lib/engine/build/isolation.ex", line: 12]}], nil], [file: ~c"lib/engine/build/error.ex", line: 94]}, {XPEngine.Build.Document, :compile, 1, [file: ~c"lib/engine/build/document.ex", line: 18]}, {Mix.Project, :in_project, 4, [file: ~c"lib/mix/project.ex", line: 557]}, {File, :cd!, 2, [file: ~c"lib/file.ex", line: 2007]}, {XPEngine.Mix, :"-in_project/2-fun-0-", 3, [file: ~c"lib/engine/mix.ex", line: 27]}, {:global, :trans, 4, [file: ~c"global.erl", line: 703]}, {:timer, :tc, 2, [file: ~c"timer.erl", line: 599]}, {XPEngine.Build.State, :"-compile_file/2-fun-3-", 3, [file: ~c"lib/engine/build/state.ex", line: 137]}]}
16:33:41.391 [debug] sent notification server -> client textDocument/publishDiagnostics
16:33:41.671 [debug] handled notification client -> server textDocument/didChange in 740µs
16:33:41.740 [error] Invalid diagnostic: {:exception, {%FunctionClauseError{module: XPEngine.Build.Error, function: :error_to_diagnostic, arity: 4, kind: nil, args: [#XPForge.Document<path: "/home/travis/Documents/Courses/Term 4/COMP 4959 - Selected Applications of Programming Paradigms/Project/bloc_the_line/lib/bloc_the_line/game/piece.ex", version: 193, dirty?: true, lines: %Lines<"defmodule Piece do..."(6 lines)>, ...>, :function_clause, [{XPEngine.Build.Error, :error_to_diagnostic, [#XPForge.Document<path: "/home/travis/Documents/Courses/Term 4/COMP 4959 - Selected Applications of Programming Paradigms/Project/bloc_the_line/lib/bloc_the_line/game/piece.ex", version: 193, dirty?: true, lines: %Lines<"defmodule Piece do..."(6 lines)>, ...>, %Kernel.TypespecError{file: "/home/travis/Documents/Courses/Term 4/COMP 4959 - Selected Applications of Programming Paradigms/Project/bloc_the_line/lib/bloc_the_line/game/piece.ex", line: 5, description: "undefined field :corners on struct Piece"}, [{Kernel.Typespec, :compile_error, 2, [file: ~c"lib/kernel/typespec.ex", line: 992]}, {:lists, :foreach_1, 2, [file: ~c"lists.erl", line: 2641]}, {Kernel.Typespec, :typespec, 4, [file: ~c"lib/kernel/typespec.ex", line: 617]}, {Kernel.Typespec, :translate_type, 2, [file: ~c"lib/kernel/typespec.ex", line: 312]}, {:lists, :mapfoldl_1, 3, [file: ~c"lists.erl", line: 2673]}, {:lists, :mapfoldl_1, 3, [file: ~c"lists.erl", line: 2674]}, {Kernel.Typespec, :translate_typespecs_for_module, 2, [file: ~c"lib/kernel/typespec.ex", line: 239]}, {:elixir_erl, :compile, 1, [file: ~c"src/elixir_erl.erl", line: 155]}], {:defmodule, [end_of_expression: [newlines: 1, line: 6, column: 4], do: [line: 1, column: 17], end: [line: 6, column: 1], line: 1, column: 1], [{:__aliases__, [last: [line: 1, column: 11], line: 1, column: 11], [:Piece]}, [do: {:__block__, [], [{:defstruct, [end_of_expression: [newlines: 2, line: 2, column: 46], line: 2, column: 3], [[name: nil, cells: [], cornres: []]]}, {:@, [end_of_expression: [newlines: 1, line: 4, column: 45], line: 4, column: 3], [{:type, [line: 4, column: 4], [{:"::", [line: 4, column: 20], [{:coordinate, [line: 4, column: 9], nil}, {{:integer, [closing: [line: 4, column: 32], line: 4, column: 24], []}, {:integer, [closing: [line: 4, column: 43], line: 4, column: 35], []}}]}]}]}, {:@, [end_of_expression: [newlines: 1, line: 5, column: 77], line: 5, column: 3], [{:type, [line: 5, column: 4], [{:"::", [line: 5, column: 11], [{:t, [line: 5, column: 9], nil}, {:%, [line: 5, column: 14], [{:__MODULE__, [...], ...}, {:%{}, ...}]}]}]}]}]}]]}], [file: ~c"lib/engine/build/error.ex", line: 94]}, {XPEngine.Build.Document.Compilers.Quoted, :do_compile, 2, [file: ~c"lib/engine/build/document/compilers/quoted.ex", line: 49]}, {XPEngine.Build.Document.Compilers.Quoted, :compile, 3, [file: ~c"lib/engine/build/document/compilers/quoted.ex", line: 22]}, {XPEngine.Build.Isolation, :"-invoke/1-fun-0-", 2, [file: ~c"lib/engine/build/isolation.ex", line: 12]}], nil], clauses: nil}, [{XPEngine.Build.Error, :error_to_diagnostic, 4, [file: ~c"lib/engine/build/error.ex", line: 94]}, {XPEngine.Build.Document, :compile, 1, [file: ~c"lib/engine/build/document.ex", line: 18]}, {Mix.Project, :in_project, 4, [file: ~c"lib/mix/project.ex", line: 557]}, {File, :cd!, 2, [file: ~c"lib/file.ex", line: 2007]}, {XPEngine.Mix, :"-in_project/2-fun-0-", 3, [file: ~c"lib/engine/mix.ex", line: 27]}, {:global, :trans, 4, [file: ~c"global.erl", line: 703]}, {:timer, :tc, 2, [file: ~c"timer.erl", line: 599]}, {XPEngine.Build.State, :"-compile_file/2-fun-3-", 3, [file: ~c"lib/engine/build/state.ex", line: 137]}]}, [{XPEngine.Build.Error, :error_to_diagnostic, [#XPForge.Document<path: "/home/travis/Documents/Courses/Term 4/COMP 4959 - Selected Applications of Programming Paradigms/Project/bloc_the_line/lib/bloc_the_line/game/piece.ex", version: 193, dirty?: true, lines: %Lines<"defmodule Piece do..."(6 lines)>, ...>, :function_clause, [{XPEngine.Build.Error, :error_to_diagnostic, [#XPForge.Document<path: "/home/travis/Documents/Courses/Term 4/COMP 4959 - Selected Applications of Programming Paradigms/Project/bloc_the_line/lib/bloc_the_line/game/piece.ex", version: 193, dirty?: true, lines: %Lines<"defmodule Piece do..."(6 lines)>, ...>, %Kernel.TypespecError{file: "/home/travis/Documents/Courses/Term 4/COMP 4959 - Selected Applications of Programming Paradigms/Project/bloc_the_line/lib/bloc_the_line/game/piece.ex", line: 5, description: "undefined field :corners on struct Piece"}, [{Kernel.Typespec, :compile_error, 2, [file: ~c"lib/kernel/typespec.ex", line: 992]}, {:lists, :foreach_1, 2, [file: ~c"lists.erl", line: 2641]}, {Kernel.Typespec, :typespec, 4, [file: ~c"lib/kernel/typespec.ex", line: 617]}, {Kernel.Typespec, :translate_type, 2, [file: ~c"lib/kernel/typespec.ex", line: 312]}, {:lists, :mapfoldl_1, 3, [file: ~c"lists.erl", line: 2673]}, {:lists, :mapfoldl_1, 3, [file: ~c"lists.erl", line: 2674]}, {Kernel.Typespec, :translate_typespecs_for_module, 2, [file: ~c"lib/kernel/typespec.ex", line: 239]}, {:elixir_erl, :compile, 1, [file: ~c"src/elixir_erl.erl", line: 155]}], {:defmodule, [end_of_expression: [newlines: 1, line: 6, column: 4], do: [line: 1, column: 17], end: [line: 6, column: 1], line: 1, column: 1], [{:__aliases__, [last: [line: 1, column: 11], line: 1, column: 11], [:Piece]}, [do: {:__block__, [], [{:defstruct, [end_of_expression: [newlines: 2, line: 2, column: 46], line: 2, column: 3], [[name: nil, cells: [], cornres: []]]}, {:@, [end_of_expression: [newlines: 1, line: 4, column: 45], line: 4, column: 3], [{:type, [line: 4, column: 4], [{:"::", [line: 4, column: 20], [{:coordinate, [line: 4, column: 9], nil}, {{:integer, [closing: [line: 4, column: 32], line: 4, column: 24], []}, {:integer, [closing: [line: 4, column: 43], line: 4, column: 35], []}}]}]}]}, {:@, [end_of_expression: [newlines: 1, line: 5, column: 77], line: 5, column: 3], [{:type, [line: 5, column: 4], [{:"::", [line: 5, column: 11], [{:t, [line: 5, column: 9], nil}, {:%, [line: 5, column: 14], [{:__MODULE__, [line: 5, ...], nil}, {:%{}, [...], ...}]}]}]}]}]}]]}], [file: ~c"lib/engine/build/error.ex", line: 94]}, {XPEngine.Build.Document.Compilers.Quoted, :do_compile, 2, [file: ~c"lib/engine/build/document/compilers/quoted.ex", line: 49]}, {XPEngine.Build.Document.Compilers.Quoted, :compile, 3, [file: ~c"lib/engine/build/document/compilers/quoted.ex", line: 22]}, {XPEngine.Build.Isolation, :"-invoke/1-fun-0-", 2, [file: ~c"lib/engine/build/isolation.ex", line: 12]}], nil], [file: ~c"lib/engine/build/error.ex", line: 94]}, {XPEngine.Build.Document, :compile, 1, [file: ~c"lib/engine/build/document.ex", line: 18]}, {Mix.Project, :in_project, 4, [file: ~c"lib/mix/project.ex", line: 557]}, {File, :cd!, 2, [file: ~c"lib/file.ex", line: 2007]}, {XPEngine.Mix, :"-in_project/2-fun-0-", 3, [file: ~c"lib/engine/mix.ex", line: 27]}, {:global, :trans, 4, [file: ~c"global.erl", line: 703]}, {:timer, :tc, 2, [file: ~c"timer.erl", line: 599]}, {XPEngine.Build.State, :"-compile_file/2-fun-3-", 3, [file: ~c"lib/engine/build/state.ex", line: 137]}]}
16:33:41.740 [debug] sent notification server -> client textDocument/publishDiagnostics
16:33:41.821 [debug] handled notification client -> server textDocument/didChange in 1ms
16:33:41.893 [error] Invalid diagnostic: {:exception, {%FunctionClauseError{module: XPEngine.Build.Error, function: :error_to_diagnostic, arity: 4, kind: nil, args: [#XPForge.Document<path: "/home/travis/Documents/Courses/Term 4/COMP 4959 - Selected Applications of Programming Paradigms/Project/bloc_the_line/lib/bloc_the_line/game/piece.ex", version: 194, dirty?: true, lines: %Lines<"defmodule Piece do..."(6 lines)>, ...>, :function_clause, [{XPEngine.Build.Error, :error_to_diagnostic, [#XPForge.Document<path: "/home/travis/Documents/Courses/Term 4/COMP 4959 - Selected Applications of Programming Paradigms/Project/bloc_the_line/lib/bloc_the_line/game/piece.ex", version: 194, dirty?: true, lines: %Lines<"defmodule Piece do..."(6 lines)>, ...>, %Kernel.TypespecError{file: "/home/travis/Documents/Courses/Term 4/COMP 4959 - Selected Applications of Programming Paradigms/Project/bloc_the_line/lib/bloc_the_line/game/piece.ex", line: 5, description: "undefined field :corners on struct Piece"}, [{Kernel.Typespec, :compile_error, 2, [file: ~c"lib/kernel/typespec.ex", line: 992]}, {:lists, :foreach_1, 2, [file: ~c"lists.erl", line: 2641]}, {Kernel.Typespec, :typespec, 4, [file: ~c"lib/kernel/typespec.ex", line: 617]}, {Kernel.Typespec, :translate_type, 2, [file: ~c"lib/kernel/typespec.ex", line: 312]}, {:lists, :mapfoldl_1, 3, [file: ~c"lists.erl", line: 2673]}, {:lists, :mapfoldl_1, 3, [file: ~c"lists.erl", line: 2674]}, {Kernel.Typespec, :translate_typespecs_for_module, 2, [file: ~c"lib/kernel/typespec.ex", line: 239]}, {:elixir_erl, :compile, 1, [file: ~c"src/elixir_erl.erl", line: 155]}], {:defmodule, [end_of_expression: [newlines: 1, line: 6, column: 4], do: [line: 1, column: 17], end: [line: 6, column: 1], line: 1, column: 1], [{:__aliases__, [last: [line: 1, column: 11], line: 1, column: 11], [:Piece]}, [do: {:__block__, [], [{:defstruct, [end_of_expression: [newlines: 2, line: 2, column: 46], line: 2, column: 3], [[name: nil, cells: [], cornres: []]]}, {:@, [end_of_expression: [newlines: 1, line: 4, column: 45], line: 4, column: 3], [{:type, [line: 4, column: 4], [{:"::", [line: 4, column: 20], [{:coordinate, [line: 4, column: 9], nil}, {{:integer, [closing: [line: 4, column: 32], line: 4, column: 24], []}, {:integer, [closing: [line: 4, column: 43], line: 4, column: 35], []}}]}]}]}, {:@, [end_of_expression: [newlines: 1, line: 5, column: 78], line: 5, column: 3], [{:type, [line: 5, column: 4], [{:"::", [line: 5, column: 11], [{:t, [line: 5, column: 9], nil}, {:%, [line: 5, column: 14], [{:__MODULE__, [...], ...}, {:%{}, ...}]}]}]}]}]}]]}], [file: ~c"lib/engine/build/error.ex", line: 94]}, {XPEngine.Build.Document.Compilers.Quoted, :do_compile, 2, [file: ~c"lib/engine/build/document/compilers/quoted.ex", line: 49]}, {XPEngine.Build.Document.Compilers.Quoted, :compile, 3, [file: ~c"lib/engine/build/document/compilers/quoted.ex", line: 22]}, {XPEngine.Build.Isolation, :"-invoke/1-fun-0-", 2, [file: ~c"lib/engine/build/isolation.ex", line: 12]}], nil], clauses: nil}, [{XPEngine.Build.Error, :error_to_diagnostic, 4, [file: ~c"lib/engine/build/error.ex", line: 94]}, {XPEngine.Build.Document, :compile, 1, [file: ~c"lib/engine/build/document.ex", line: 18]}, {Mix.Project, :in_project, 4, [file: ~c"lib/mix/project.ex", line: 557]}, {File, :cd!, 2, [file: ~c"lib/file.ex", line: 2007]}, {XPEngine.Mix, :"-in_project/2-fun-0-", 3, [file: ~c"lib/engine/mix.ex", line: 27]}, {:global, :trans, 4, [file: ~c"global.erl", line: 703]}, {:timer, :tc, 2, [file: ~c"timer.erl", line: 599]}, {XPEngine.Build.State, :"-compile_file/2-fun-3-", 3, [file: ~c"lib/engine/build/state.ex", line: 137]}]}, [{XPEngine.Build.Error, :error_to_diagnostic, [#XPForge.Document<path: "/home/travis/Documents/Courses/Term 4/COMP 4959 - Selected Applications of Programming Paradigms/Project/bloc_the_line/lib/bloc_the_line/game/piece.ex", version: 194, dirty?: true, lines: %Lines<"defmodule Piece do..."(6 lines)>, ...>, :function_clause, [{XPEngine.Build.Error, :error_to_diagnostic, [#XPForge.Document<path: "/home/travis/Documents/Courses/Term 4/COMP 4959 - Selected Applications of Programming Paradigms/Project/bloc_the_line/lib/bloc_the_line/game/piece.ex", version: 194, dirty?: true, lines: %Lines<"defmodule Piece do..."(6 lines)>, ...>, %Kernel.TypespecError{file: "/home/travis/Documents/Courses/Term 4/COMP 4959 - Selected Applications of Programming Paradigms/Project/bloc_the_line/lib/bloc_the_line/game/piece.ex", line: 5, description: "undefined field :corners on struct Piece"}, [{Kernel.Typespec, :compile_error, 2, [file: ~c"lib/kernel/typespec.ex", line: 992]}, {:lists, :foreach_1, 2, [file: ~c"lists.erl", line: 2641]}, {Kernel.Typespec, :typespec, 4, [file: ~c"lib/kernel/typespec.ex", line: 617]}, {Kernel.Typespec, :translate_type, 2, [file: ~c"lib/kernel/typespec.ex", line: 312]}, {:lists, :mapfoldl_1, 3, [file: ~c"lists.erl", line: 2673]}, {:lists, :mapfoldl_1, 3, [file: ~c"lists.erl", line: 2674]}, {Kernel.Typespec, :translate_typespecs_for_module, 2, [file: ~c"lib/kernel/typespec.ex", line: 239]}, {:elixir_erl, :compile, 1, [file: ~c"src/elixir_erl.erl", line: 155]}], {:defmodule, [end_of_expression: [newlines: 1, line: 6, column: 4], do: [line: 1, column: 17], end: [line: 6, column: 1], line: 1, column: 1], [{:__aliases__, [last: [line: 1, column: 11], line: 1, column: 11], [:Piece]}, [do: {:__block__, [], [{:defstruct, [end_of_expression: [newlines: 2, line: 2, column: 46], line: 2, column: 3], [[name: nil, cells: [], cornres: []]]}, {:@, [end_of_expression: [newlines: 1, line: 4, column: 45], line: 4, column: 3], [{:type, [line: 4, column: 4], [{:"::", [line: 4, column: 20], [{:coordinate, [line: 4, column: 9], nil}, {{:integer, [closing: [line: 4, column: 32], line: 4, column: 24], []}, {:integer, [closing: [line: 4, column: 43], line: 4, column: 35], []}}]}]}]}, {:@, [end_of_expression: [newlines: 1, line: 5, column: 78], line: 5, column: 3], [{:type, [line: 5, column: 4], [{:"::", [line: 5, column: 11], [{:t, [line: 5, column: 9], nil}, {:%, [line: 5, column: 14], [{:__MODULE__, [line: 5, ...], nil}, {:%{}, [...], ...}]}]}]}]}]}]]}], [file: ~c"lib/engine/build/error.ex", line: 94]}, {XPEngine.Build.Document.Compilers.Quoted, :do_compile, 2, [file: ~c"lib/engine/build/document/compilers/quoted.ex", line: 49]}, {XPEngine.Build.Document.Compilers.Quoted, :compile, 3, [file: ~c"lib/engine/build/document/compilers/quoted.ex", line: 22]}, {XPEngine.Build.Isolation, :"-invoke/1-fun-0-", 2, [file: ~c"lib/engine/build/isolation.ex", line: 12]}], nil], [file: ~c"lib/engine/build/error.ex", line: 94]}, {XPEngine.Build.Document, :compile, 1, [file: ~c"lib/engine/build/document.ex", line: 18]}, {Mix.Project, :in_project, 4, [file: ~c"lib/mix/project.ex", line: 557]}, {File, :cd!, 2, [file: ~c"lib/file.ex", line: 2007]}, {XPEngine.Mix, :"-in_project/2-fun-0-", 3, [file: ~c"lib/engine/mix.ex", line: 27]}, {:global, :trans, 4, [file: ~c"global.erl", line: 703]}, {:timer, :tc, 2, [file: ~c"timer.erl", line: 599]}, {XPEngine.Build.State, :"-compile_file/2-fun-3-", 3, [file: ~c"lib/engine/build/state.ex", line: 137]}]}
16:33:41.893 [debug] sent notification server -> client textDocument/publishDiagnostics
16:33:42.419 [debug] handled notification client -> server textDocument/didChange in 884µs
16:33:42.483 [error] Invalid diagnostic: {:exception, {%FunctionClauseError{module: XPEngine.Build.Error, function: :error_to_diagnostic, arity: 4, kind: nil, args: [#XPForge.Document<path: "/home/travis/Documents/Courses/Term 4/COMP 4959 - Selected Applications of Programming Paradigms/Project/bloc_the_line/lib/bloc_the_line/game/piece.ex", version: 195, dirty?: true, lines: %Lines<"defmodule Piece do..."(6 lines)>, ...>, :function_clause, [{XPEngine.Build.Error, :error_to_diagnostic, [#XPForge.Document<path: "/home/travis/Documents/Courses/Term 4/COMP 4959 - Selected Applications of Programming Paradigms/Project/bloc_the_line/lib/bloc_the_line/game/piece.ex", version: 195, dirty?: true, lines: %Lines<"defmodule Piece do..."(6 lines)>, ...>, %Kernel.TypespecError{file: "/home/travis/Documents/Courses/Term 4/COMP 4959 - Selected Applications of Programming Paradigms/Project/bloc_the_line/lib/bloc_the_line/game/piece.ex", line: 5, description: "undefined field :corners on struct Piece"}, [{Kernel.Typespec, :compile_error, 2, [file: ~c"lib/kernel/typespec.ex", line: 992]}, {:lists, :foreach_1, 2, [file: ~c"lists.erl", line: 2641]}, {Kernel.Typespec, :typespec, 4, [file: ~c"lib/kernel/typespec.ex", line: 617]}, {Kernel.Typespec, :translate_type, 2, [file: ~c"lib/kernel/typespec.ex", line: 312]}, {:lists, :mapfoldl_1, 3, [file: ~c"lists.erl", line: 2673]}, {:lists, :mapfoldl_1, 3, [file: ~c"lists.erl", line: 2674]}, {Kernel.Typespec, :translate_typespecs_for_module, 2, [file: ~c"lib/kernel/typespec.ex", line: 239]}, {:elixir_erl, :compile, 1, [file: ~c"src/elixir_erl.erl", line: 155]}], {:defmodule, [end_of_expression: [newlines: 1, line: 6, column: 4], do: [line: 1, column: 17], end: [line: 6, column: 1], line: 1, column: 1], [{:__aliases__, [last: [line: 1, column: 11], line: 1, column: 11], [:Piece]}, [do: {:__block__, [], [{:defstruct, [end_of_expression: [newlines: 2, line: 2, column: 46], line: 2, column: 3], [[name: nil, cells: [], cornres: []]]}, {:@, [end_of_expression: [newlines: 1, line: 4, column: 45], line: 4, column: 3], [{:type, [line: 4, column: 4], [{:"::", [line: 4, column: 20], [{:coordinate, [line: 4, column: 9], nil}, {{:integer, [closing: [line: 4, column: 32], line: 4, column: 24], []}, {:integer, [closing: [line: 4, column: 43], line: 4, column: 35], []}}]}]}]}, {:@, [end_of_expression: [newlines: 1, line: 5, column: 79], line: 5, column: 3], [{:type, [line: 5, column: 4], [{:"::", [line: 5, column: 11], [{:t, [line: 5, column: 9], nil}, {:%, [line: 5, column: 14], [{:__MODULE__, [...], ...}, {:%{}, ...}]}]}]}]}]}]]}], [file: ~c"lib/engine/build/error.ex", line: 94]}, {XPEngine.Build.Document.Compilers.Quoted, :do_compile, 2, [file: ~c"lib/engine/build/document/compilers/quoted.ex", line: 49]}, {XPEngine.Build.Document.Compilers.Quoted, :compile, 3, [file: ~c"lib/engine/build/document/compilers/quoted.ex", line: 22]}, {XPEngine.Build.Isolation, :"-invoke/1-fun-0-", 2, [file: ~c"lib/engine/build/isolation.ex", line: 12]}], nil], clauses: nil}, [{XPEngine.Build.Error, :error_to_diagnostic, 4, [file: ~c"lib/engine/build/error.ex", line: 94]}, {XPEngine.Build.Document, :compile, 1, [file: ~c"lib/engine/build/document.ex", line: 18]}, {Mix.Project, :in_project, 4, [file: ~c"lib/mix/project.ex", line: 557]}, {File, :cd!, 2, [file: ~c"lib/file.ex", line: 2007]}, {XPEngine.Mix, :"-in_project/2-fun-0-", 3, [file: ~c"lib/engine/mix.ex", line: 27]}, {:global, :trans, 4, [file: ~c"global.erl", line: 703]}, {:timer, :tc, 2, [file: ~c"timer.erl", line: 599]}, {XPEngine.Build.State, :"-compile_file/2-fun-3-", 3, [file: ~c"lib/engine/build/state.ex", line: 137]}]}, [{XPEngine.Build.Error, :error_to_diagnostic, [#XPForge.Document<path: "/home/travis/Documents/Courses/Term 4/COMP 4959 - Selected Applications of Programming Paradigms/Project/bloc_the_line/lib/bloc_the_line/game/piece.ex", version: 195, dirty?: true, lines: %Lines<"defmodule Piece do..."(6 lines)>, ...>, :function_clause, [{XPEngine.Build.Error, :error_to_diagnostic, [#XPForge.Document<path: "/home/travis/Documents/Courses/Term 4/COMP 4959 - Selected Applications of Programming Paradigms/Project/bloc_the_line/lib/bloc_the_line/game/piece.ex", version: 195, dirty?: true, lines: %Lines<"defmodule Piece do..."(6 lines)>, ...>, %Kernel.TypespecError{file: "/home/travis/Documents/Courses/Term 4/COMP 4959 - Selected Applications of Programming Paradigms/Project/bloc_the_line/lib/bloc_the_line/game/piece.ex", line: 5, description: "undefined field :corners on struct Piece"}, [{Kernel.Typespec, :compile_error, 2, [file: ~c"lib/kernel/typespec.ex", line: 992]}, {:lists, :foreach_1, 2, [file: ~c"lists.erl", line: 2641]}, {Kernel.Typespec, :typespec, 4, [file: ~c"lib/kernel/typespec.ex", line: 617]}, {Kernel.Typespec, :translate_type, 2, [file: ~c"lib/kernel/typespec.ex", line: 312]}, {:lists, :mapfoldl_1, 3, [file: ~c"lists.erl", line: 2673]}, {:lists, :mapfoldl_1, 3, [file: ~c"lists.erl", line: 2674]}, {Kernel.Typespec, :translate_typespecs_for_module, 2, [file: ~c"lib/kernel/typespec.ex", line: 239]}, {:elixir_erl, :compile, 1, [file: ~c"src/elixir_erl.erl", line: 155]}], {:defmodule, [end_of_expression: [newlines: 1, line: 6, column: 4], do: [line: 1, column: 17], end: [line: 6, column: 1], line: 1, column: 1], [{:__aliases__, [last: [line: 1, column: 11], line: 1, column: 11], [:Piece]}, [do: {:__block__, [], [{:defstruct, [end_of_expression: [newlines: 2, line: 2, column: 46], line: 2, column: 3], [[name: nil, cells: [], cornres: []]]}, {:@, [end_of_expression: [newlines: 1, line: 4, column: 45], line: 4, column: 3], [{:type, [line: 4, column: 4], [{:"::", [line: 4, column: 20], [{:coordinate, [line: 4, column: 9], nil}, {{:integer, [closing: [line: 4, column: 32], line: 4, column: 24], []}, {:integer, [closing: [line: 4, column: 43], line: 4, column: 35], []}}]}]}]}, {:@, [end_of_expression: [newlines: 1, line: 5, column: 79], line: 5, column: 3], [{:type, [line: 5, column: 4], [{:"::", [line: 5, column: 11], [{:t, [line: 5, column: 9], nil}, {:%, [line: 5, column: 14], [{:__MODULE__, [line: 5, ...], nil}, {:%{}, [...], ...}]}]}]}]}]}]]}], [file: ~c"lib/engine/build/error.ex", line: 94]}, {XPEngine.Build.Document.Compilers.Quoted, :do_compile, 2, [file: ~c"lib/engine/build/document/compilers/quoted.ex", line: 49]}, {XPEngine.Build.Document.Compilers.Quoted, :compile, 3, [file: ~c"lib/engine/build/document/compilers/quoted.ex", line: 22]}, {XPEngine.Build.Isolation, :"-invoke/1-fun-0-", 2, [file: ~c"lib/engine/build/isolation.ex", line: 12]}], nil], [file: ~c"lib/engine/build/error.ex", line: 94]}, {XPEngine.Build.Document, :compile, 1, [file: ~c"lib/engine/build/document.ex", line: 18]}, {Mix.Project, :in_project, 4, [file: ~c"lib/mix/project.ex", line: 557]}, {File, :cd!, 2, [file: ~c"lib/file.ex", line: 2007]}, {XPEngine.Mix, :"-in_project/2-fun-0-", 3, [file: ~c"lib/engine/mix.ex", line: 27]}, {:global, :trans, 4, [file: ~c"global.erl", line: 703]}, {:timer, :tc, 2, [file: ~c"timer.erl", line: 599]}, {XPEngine.Build.State, :"-compile_file/2-fun-3-", 3, [file: ~c"lib/engine/build/state.ex", line: 137]}]}
16:33:42.483 [debug] sent notification server -> client textDocument/publishDiagnostics
16:33:42.645 [debug] handled notification client -> server textDocument/didChange in 897µs
16:33:42.710 [error] Invalid diagnostic: {:exception, {%FunctionClauseError{module: XPEngine.Build.Error, function: :error_to_diagnostic, arity: 4, kind: nil, args: [#XPForge.Document<path: "/home/travis/Documents/Courses/Term 4/COMP 4959 - Selected Applications of Programming Paradigms/Project/bloc_the_line/lib/bloc_the_line/game/piece.ex", version: 196, dirty?: true, lines: %Lines<"defmodule Piece do..."(6 lines)>, ...>, :function_clause, [{XPEngine.Build.Error, :error_to_diagnostic, [#XPForge.Document<path: "/home/travis/Documents/Courses/Term 4/COMP 4959 - Selected Applications of Programming Paradigms/Project/bloc_the_line/lib/bloc_the_line/game/piece.ex", version: 196, dirty?: true, lines: %Lines<"defmodule Piece do..."(6 lines)>, ...>, %Kernel.TypespecError{file: "/home/travis/Documents/Courses/Term 4/COMP 4959 - Selected Applications of Programming Paradigms/Project/bloc_the_line/lib/bloc_the_line/game/piece.ex", line: 5, description: "undefined field :corners on struct Piece"}, [{Kernel.Typespec, :compile_error, 2, [file: ~c"lib/kernel/typespec.ex", line: 992]}, {:lists, :foreach_1, 2, [file: ~c"lists.erl", line: 2641]}, {Kernel.Typespec, :typespec, 4, [file: ~c"lib/kernel/typespec.ex", line: 617]}, {Kernel.Typespec, :translate_type, 2, [file: ~c"lib/kernel/typespec.ex", line: 312]}, {:lists, :mapfoldl_1, 3, [file: ~c"lists.erl", line: 2673]}, {:lists, :mapfoldl_1, 3, [file: ~c"lists.erl", line: 2674]}, {Kernel.Typespec, :translate_typespecs_for_module, 2, [file: ~c"lib/kernel/typespec.ex", line: 239]}, {:elixir_erl, :compile, 1, [file: ~c"src/elixir_erl.erl", line: 155]}], {:defmodule, [end_of_expression: [newlines: 1, line: 6, column: 4], do: [line: 1, column: 17], end: [line: 6, column: 1], line: 1, column: 1], [{:__aliases__, [last: [line: 1, column: 11], line: 1, column: 11], [:Piece]}, [do: {:__block__, [], [{:defstruct, [end_of_expression: [newlines: 2, line: 2, column: 46], line: 2, column: 3], [[name: nil, cells: [], cornres: []]]}, {:@, [end_of_expression: [newlines: 1, line: 4, column: 45], line: 4, column: 3], [{:type, [line: 4, column: 4], [{:"::", [line: 4, column: 20], [{:coordinate, [line: 4, column: 9], nil}, {{:integer, [closing: [line: 4, column: 32], line: 4, column: 24], []}, {:integer, [closing: [line: 4, column: 43], line: 4, column: 35], []}}]}]}]}, {:@, [end_of_expression: [newlines: 1, line: 5, column: 80], line: 5, column: 3], [{:type, [line: 5, column: 4], [{:"::", [line: 5, column: 11], [{:t, [line: 5, column: 9], nil}, {:%, [line: 5, column: 14], [{:__MODULE__, [...], ...}, {:%{}, ...}]}]}]}]}]}]]}], [file: ~c"lib/engine/build/error.ex", line: 94]}, {XPEngine.Build.Document.Compilers.Quoted, :do_compile, 2, [file: ~c"lib/engine/build/document/compilers/quoted.ex", line: 49]}, {XPEngine.Build.Document.Compilers.Quoted, :compile, 3, [file: ~c"lib/engine/build/document/compilers/quoted.ex", line: 22]}, {XPEngine.Build.Isolation, :"-invoke/1-fun-0-", 2, [file: ~c"lib/engine/build/isolation.ex", line: 12]}], nil], clauses: nil}, [{XPEngine.Build.Error, :error_to_diagnostic, 4, [file: ~c"lib/engine/build/error.ex", line: 94]}, {XPEngine.Build.Document, :compile, 1, [file: ~c"lib/engine/build/document.ex", line: 18]}, {Mix.Project, :in_project, 4, [file: ~c"lib/mix/project.ex", line: 557]}, {File, :cd!, 2, [file: ~c"lib/file.ex", line: 2007]}, {XPEngine.Mix, :"-in_project/2-fun-0-", 3, [file: ~c"lib/engine/mix.ex", line: 27]}, {:global, :trans, 4, [file: ~c"global.erl", line: 703]}, {:timer, :tc, 2, [file: ~c"timer.erl", line: 599]}, {XPEngine.Build.State, :"-compile_file/2-fun-3-", 3, [file: ~c"lib/engine/build/state.ex", line: 137]}]}, [{XPEngine.Build.Error, :error_to_diagnostic, [#XPForge.Document<path: "/home/travis/Documents/Courses/Term 4/COMP 4959 - Selected Applications of Programming Paradigms/Project/bloc_the_line/lib/bloc_the_line/game/piece.ex", version: 196, dirty?: true, lines: %Lines<"defmodule Piece do..."(6 lines)>, ...>, :function_clause, [{XPEngine.Build.Error, :error_to_diagnostic, [#XPForge.Document<path: "/home/travis/Documents/Courses/Term 4/COMP 4959 - Selected Applications of Programming Paradigms/Project/bloc_the_line/lib/bloc_the_line/game/piece.ex", version: 196, dirty?: true, lines: %Lines<"defmodule Piece do..."(6 lines)>, ...>, %Kernel.TypespecError{file: "/home/travis/Documents/Courses/Term 4/COMP 4959 - Selected Applications of Programming Paradigms/Project/bloc_the_line/lib/bloc_the_line/game/piece.ex", line: 5, description: "undefined field :corners on struct Piece"}, [{Kernel.Typespec, :compile_error, 2, [file: ~c"lib/kernel/typespec.ex", line: 992]}, {:lists, :foreach_1, 2, [file: ~c"lists.erl", line: 2641]}, {Kernel.Typespec, :typespec, 4, [file: ~c"lib/kernel/typespec.ex", line: 617]}, {Kernel.Typespec, :translate_type, 2, [file: ~c"lib/kernel/typespec.ex", line: 312]}, {:lists, :mapfoldl_1, 3, [file: ~c"lists.erl", line: 2673]}, {:lists, :mapfoldl_1, 3, [file: ~c"lists.erl", line: 2674]}, {Kernel.Typespec, :translate_typespecs_for_module, 2, [file: ~c"lib/kernel/typespec.ex", line: 239]}, {:elixir_erl, :compile, 1, [file: ~c"src/elixir_erl.erl", line: 155]}], {:defmodule, [end_of_expression: [newlines: 1, line: 6, column: 4], do: [line: 1, column: 17], end: [line: 6, column: 1], line: 1, column: 1], [{:__aliases__, [last: [line: 1, column: 11], line: 1, column: 11], [:Piece]}, [do: {:__block__, [], [{:defstruct, [end_of_expression: [newlines: 2, line: 2, column: 46], line: 2, column: 3], [[name: nil, cells: [], cornres: []]]}, {:@, [end_of_expression: [newlines: 1, line: 4, column: 45], line: 4, column: 3], [{:type, [line: 4, column: 4], [{:"::", [line: 4, column: 20], [{:coordinate, [line: 4, column: 9], nil}, {{:integer, [closing: [line: 4, column: 32], line: 4, column: 24], []}, {:integer, [closing: [line: 4, column: 43], line: 4, column: 35], []}}]}]}]}, {:@, [end_of_expression: [newlines: 1, line: 5, column: 80], line: 5, column: 3], [{:type, [line: 5, column: 4], [{:"::", [line: 5, column: 11], [{:t, [line: 5, column: 9], nil}, {:%, [line: 5, column: 14], [{:__MODULE__, [line: 5, ...], nil}, {:%{}, [...], ...}]}]}]}]}]}]]}], [file: ~c"lib/engine/build/error.ex", line: 94]}, {XPEngine.Build.Document.Compilers.Quoted, :do_compile, 2, [file: ~c"lib/engine/build/document/compilers/quoted.ex", line: 49]}, {XPEngine.Build.Document.Compilers.Quoted, :compile, 3, [file: ~c"lib/engine/build/document/compilers/quoted.ex", line: 22]}, {XPEngine.Build.Isolation, :"-invoke/1-fun-0-", 2, [file: ~c"lib/engine/build/isolation.ex", line: 12]}], nil], [file: ~c"lib/engine/build/error.ex", line: 94]}, {XPEngine.Build.Document, :compile, 1, [file: ~c"lib/engine/build/document.ex", line: 18]}, {Mix.Project, :in_project, 4, [file: ~c"lib/mix/project.ex", line: 557]}, {File, :cd!, 2, [file: ~c"lib/file.ex", line: 2007]}, {XPEngine.Mix, :"-in_project/2-fun-0-", 3, [file: ~c"lib/engine/mix.ex", line: 27]}, {:global, :trans, 4, [file: ~c"global.erl", line: 703]}, {:timer, :tc, 2, [file: ~c"timer.erl", line: 599]}, {XPEngine.Build.State, :"-compile_file/2-fun-3-", 3, [file: ~c"lib/engine/build/state.ex", line: 137]}]}
16:33:42.710 [debug] sent notification server -> client textDocument/publishDiagnostics
16:33:42.793 [debug] handled notification client -> server textDocument/didChange in 803µs
16:33:42.868 [error] Invalid diagnostic: {:exception, {%FunctionClauseError{module: XPEngine.Build.Error, function: :error_to_diagnostic, arity: 4, kind: nil, args: [#XPForge.Document<path: "/home/travis/Documents/Courses/Term 4/COMP 4959 - Selected Applications of Programming Paradigms/Project/bloc_the_line/lib/bloc_the_line/game/piece.ex", version: 197, dirty?: true, lines: %Lines<"defmodule Piece do..."(6 lines)>, ...>, :function_clause, [{XPEngine.Build.Error, :error_to_diagnostic, [#XPForge.Document<path: "/home/travis/Documents/Courses/Term 4/COMP 4959 - Selected Applications of Programming Paradigms/Project/bloc_the_line/lib/bloc_the_line/game/piece.ex", version: 197, dirty?: true, lines: %Lines<"defmodule Piece do..."(6 lines)>, ...>, %Kernel.TypespecError{file: "/home/travis/Documents/Courses/Term 4/COMP 4959 - Selected Applications of Programming Paradigms/Project/bloc_the_line/lib/bloc_the_line/game/piece.ex", line: 5, description: "undefined field :corners on struct Piece"}, [{Kernel.Typespec, :compile_error, 2, [file: ~c"lib/kernel/typespec.ex", line: 992]}, {:lists, :foreach_1, 2, [file: ~c"lists.erl", line: 2641]}, {Kernel.Typespec, :typespec, 4, [file: ~c"lib/kernel/typespec.ex", line: 617]}, {Kernel.Typespec, :translate_type, 2, [file: ~c"lib/kernel/typespec.ex", line: 312]}, {:lists, :mapfoldl_1, 3, [file: ~c"lists.erl", line: 2673]}, {:lists, :mapfoldl_1, 3, [file: ~c"lists.erl", line: 2674]}, {Kernel.Typespec, :translate_typespecs_for_module, 2, [file: ~c"lib/kernel/typespec.ex", line: 239]}, {:elixir_erl, :compile, 1, [file: ~c"src/elixir_erl.erl", line: 155]}], {:defmodule, [end_of_expression: [newlines: 1, line: 6, column: 4], do: [line: 1, column: 17], end: [line: 6, column: 1], line: 1, column: 1], [{:__aliases__, [last: [line: 1, column: 11], line: 1, column: 11], [:Piece]}, [do: {:__block__, [], [{:defstruct, [end_of_expression: [newlines: 2, line: 2, column: 46], line: 2, column: 3], [[name: nil, cells: [], cornres: []]]}, {:@, [end_of_expression: [newlines: 1, line: 4, column: 45], line: 4, column: 3], [{:type, [line: 4, column: 4], [{:"::", [line: 4, column: 20], [{:coordinate, [line: 4, column: 9], nil}, {{:integer, [closing: [line: 4, column: 32], line: 4, column: 24], []}, {:integer, [closing: [line: 4, column: 43], line: 4, column: 35], []}}]}]}]}, {:@, [end_of_expression: [newlines: 1, line: 5, column: 81], line: 5, column: 3], [{:type, [line: 5, column: 4], [{:"::", [line: 5, column: 11], [{:t, [line: 5, column: 9], nil}, {:%, [line: 5, column: 14], [{:__MODULE__, [...], ...}, {:%{}, ...}]}]}]}]}]}]]}], [file: ~c"lib/engine/build/error.ex", line: 94]}, {XPEngine.Build.Document.Compilers.Quoted, :do_compile, 2, [file: ~c"lib/engine/build/document/compilers/quoted.ex", line: 49]}, {XPEngine.Build.Document.Compilers.Quoted, :compile, 3, [file: ~c"lib/engine/build/document/compilers/quoted.ex", line: 22]}, {XPEngine.Build.Isolation, :"-invoke/1-fun-0-", 2, [file: ~c"lib/engine/build/isolation.ex", line: 12]}], nil], clauses: nil}, [{XPEngine.Build.Error, :error_to_diagnostic, 4, [file: ~c"lib/engine/build/error.ex", line: 94]}, {XPEngine.Build.Document, :compile, 1, [file: ~c"lib/engine/build/document.ex", line: 18]}, {Mix.Project, :in_project, 4, [file: ~c"lib/mix/project.ex", line: 557]}, {File, :cd!, 2, [file: ~c"lib/file.ex", line: 2007]}, {XPEngine.Mix, :"-in_project/2-fun-0-", 3, [file: ~c"lib/engine/mix.ex", line: 27]}, {:global, :trans, 4, [file: ~c"global.erl", line: 703]}, {:timer, :tc, 2, [file: ~c"timer.erl", line: 599]}, {XPEngine.Build.State, :"-compile_file/2-fun-3-", 3, [file: ~c"lib/engine/build/state.ex", line: 137]}]}, [{XPEngine.Build.Error, :error_to_diagnostic, [#XPForge.Document<path: "/home/travis/Documents/Courses/Term 4/COMP 4959 - Selected Applications of Programming Paradigms/Project/bloc_the_line/lib/bloc_the_line/game/piece.ex", version: 197, dirty?: true, lines: %Lines<"defmodule Piece do..."(6 lines)>, ...>, :function_clause, [{XPEngine.Build.Error, :error_to_diagnostic, [#XPForge.Document<path: "/home/travis/Documents/Courses/Term 4/COMP 4959 - Selected Applications of Programming Paradigms/Project/bloc_the_line/lib/bloc_the_line/game/piece.ex", version: 197, dirty?: true, lines: %Lines<"defmodule Piece do..."(6 lines)>, ...>, %Kernel.TypespecError{file: "/home/travis/Documents/Courses/Term 4/COMP 4959 - Selected Applications of Programming Paradigms/Project/bloc_the_line/lib/bloc_the_line/game/piece.ex", line: 5, description: "undefined field :corners on struct Piece"}, [{Kernel.Typespec, :compile_error, 2, [file: ~c"lib/kernel/typespec.ex", line: 992]}, {:lists, :foreach_1, 2, [file: ~c"lists.erl", line: 2641]}, {Kernel.Typespec, :typespec, 4, [file: ~c"lib/kernel/typespec.ex", line: 617]}, {Kernel.Typespec, :translate_type, 2, [file: ~c"lib/kernel/typespec.ex", line: 312]}, {:lists, :mapfoldl_1, 3, [file: ~c"lists.erl", line: 2673]}, {:lists, :mapfoldl_1, 3, [file: ~c"lists.erl", line: 2674]}, {Kernel.Typespec, :translate_typespecs_for_module, 2, [file: ~c"lib/kernel/typespec.ex", line: 239]}, {:elixir_erl, :compile, 1, [file: ~c"src/elixir_erl.erl", line: 155]}], {:defmodule, [end_of_expression: [newlines: 1, line: 6, column: 4], do: [line: 1, column: 17], end: [line: 6, column: 1], line: 1, column: 1], [{:__aliases__, [last: [line: 1, column: 11], line: 1, column: 11], [:Piece]}, [do: {:__block__, [], [{:defstruct, [end_of_expression: [newlines: 2, line: 2, column: 46], line: 2, column: 3], [[name: nil, cells: [], cornres: []]]}, {:@, [end_of_expression: [newlines: 1, line: 4, column: 45], line: 4, column: 3], [{:type, [line: 4, column: 4], [{:"::", [line: 4, column: 20], [{:coordinate, [line: 4, column: 9], nil}, {{:integer, [closing: [line: 4, column: 32], line: 4, column: 24], []}, {:integer, [closing: [line: 4, column: 43], line: 4, column: 35], []}}]}]}]}, {:@, [end_of_expression: [newlines: 1, line: 5, column: 81], line: 5, column: 3], [{:type, [line: 5, column: 4], [{:"::", [line: 5, column: 11], [{:t, [line: 5, column: 9], nil}, {:%, [line: 5, column: 14], [{:__MODULE__, [line: 5, ...], nil}, {:%{}, [...], ...}]}]}]}]}]}]]}], [file: ~c"lib/engine/build/error.ex", line: 94]}, {XPEngine.Build.Document.Compilers.Quoted, :do_compile, 2, [file: ~c"lib/engine/build/document/compilers/quoted.ex", line: 49]}, {XPEngine.Build.Document.Compilers.Quoted, :compile, 3, [file: ~c"lib/engine/build/document/compilers/quoted.ex", line: 22]}, {XPEngine.Build.Isolation, :"-invoke/1-fun-0-", 2, [file: ~c"lib/engine/build/isolation.ex", line: 12]}], nil], [file: ~c"lib/engine/build/error.ex", line: 94]}, {XPEngine.Build.Document, :compile, 1, [file: ~c"lib/engine/build/document.ex", line: 18]}, {Mix.Project, :in_project, 4, [file: ~c"lib/mix/project.ex", line: 557]}, {File, :cd!, 2, [file: ~c"lib/file.ex", line: 2007]}, {XPEngine.Mix, :"-in_project/2-fun-0-", 3, [file: ~c"lib/engine/mix.ex", line: 27]}, {:global, :trans, 4, [file: ~c"global.erl", line: 703]}, {:timer, :tc, 2, [file: ~c"timer.erl", line: 599]}, {XPEngine.Build.State, :"-compile_file/2-fun-3-", 3, [file: ~c"lib/engine/build/state.ex", line: 137]}]}
16:33:42.868 [debug] sent notification server -> client textDocument/publishDiagnostics
16:33:44.818 [debug] handled notification client -> server textDocument/didChange in 952µs
16:33:44.821 [info] Completion for XpPos<<5, 61>>
16:33:44.851 [info] Local completions are: [function: (ceil)   macro: (case, cond)   typespec: (coordinate, char, charlist)   ]
16:33:44.852 [info] Emitting Completions: [25:coordinate() 25:char() 25:charlist() ]
16:33:44.853 [debug] handled request client -> server textDocument/completion in 33ms
16:33:44.884 [error] Invalid diagnostic: {:exception, {%FunctionClauseError{module: XPEngine.Build.Error, function: :error_to_diagnostic, arity: 4, kind: nil, args: [#XPForge.Document<path: "/home/travis/Documents/Courses/Term 4/COMP 4959 - Selected Applications of Programming Paradigms/Project/bloc_the_line/lib/bloc_the_line/game/piece.ex", version: 198, dirty?: true, lines: %Lines<"defmodule Piece do..."(6 lines)>, ...>, :function_clause, [{XPEngine.Build.Error, :error_to_diagnostic, [#XPForge.Document<path: "/home/travis/Documents/Courses/Term 4/COMP 4959 - Selected Applications of Programming Paradigms/Project/bloc_the_line/lib/bloc_the_line/game/piece.ex", version: 198, dirty?: true, lines: %Lines<"defmodule Piece do..."(6 lines)>, ...>, %Kernel.TypespecError{file: "/home/travis/Documents/Courses/Term 4/COMP 4959 - Selected Applications of Programming Paradigms/Project/bloc_the_line/lib/bloc_the_line/game/piece.ex", line: 5, description: "undefined field :corners on struct Piece"}, [{Kernel.Typespec, :compile_error, 2, [file: ~c"lib/kernel/typespec.ex", line: 992]}, {:lists, :foreach_1, 2, [file: ~c"lists.erl", line: 2641]}, {Kernel.Typespec, :typespec, 4, [file: ~c"lib/kernel/typespec.ex", line: 617]}, {Kernel.Typespec, :translate_type, 2, [file: ~c"lib/kernel/typespec.ex", line: 312]}, {:lists, :mapfoldl_1, 3, [file: ~c"lists.erl", line: 2673]}, {:lists, :mapfoldl_1, 3, [file: ~c"lists.erl", line: 2674]}, {Kernel.Typespec, :translate_typespecs_for_module, 2, [file: ~c"lib/kernel/typespec.ex", line: 239]}, {:elixir_erl, :compile, 1, [file: ~c"src/elixir_erl.erl", line: 155]}], {:defmodule, [end_of_expression: [newlines: 1, line: 6, column: 4], do: [line: 1, column: 17], end: [line: 6, column: 1], line: 1, column: 1], [{:__aliases__, [last: [line: 1, column: 11], line: 1, column: 11], [:Piece]}, [do: {:__block__, [], [{:defstruct, [end_of_expression: [newlines: 2, line: 2, column: 46], line: 2, column: 3], [[name: nil, cells: [], cornres: []]]}, {:@, [end_of_expression: [newlines: 1, line: 4, column: 45], line: 4, column: 3], [{:type, [line: 4, column: 4], [{:"::", [line: 4, column: 20], [{:coordinate, [line: 4, column: 9], nil}, {{:integer, [closing: [line: 4, column: 32], line: 4, column: 24], []}, {:integer, [closing: [line: 4, column: 43], line: 4, column: 35], []}}]}]}]}, {:@, [end_of_expression: [newlines: 1, line: 5, column: 82], line: 5, column: 3], [{:type, [line: 5, column: 4], [{:"::", [line: 5, column: 11], [{:t, [line: 5, column: 9], nil}, {:%, [line: 5, column: 14], [{:__MODULE__, [...], ...}, {:%{}, ...}]}]}]}]}]}]]}], [file: ~c"lib/engine/build/error.ex", line: 94]}, {XPEngine.Build.Document.Compilers.Quoted, :do_compile, 2, [file: ~c"lib/engine/build/document/compilers/quoted.ex", line: 49]}, {XPEngine.Build.Document.Compilers.Quoted, :compile, 3, [file: ~c"lib/engine/build/document/compilers/quoted.ex", line: 22]}, {XPEngine.Build.Isolation, :"-invoke/1-fun-0-", 2, [file: ~c"lib/engine/build/isolation.ex", line: 12]}], nil], clauses: nil}, [{XPEngine.Build.Error, :error_to_diagnostic, 4, [file: ~c"lib/engine/build/error.ex", line: 94]}, {XPEngine.Build.Document, :compile, 1, [file: ~c"lib/engine/build/document.ex", line: 18]}, {Mix.Project, :in_project, 4, [file: ~c"lib/mix/project.ex", line: 557]}, {File, :cd!, 2, [file: ~c"lib/file.ex", line: 2007]}, {XPEngine.Mix, :"-in_project/2-fun-0-", 3, [file: ~c"lib/engine/mix.ex", line: 27]}, {:global, :trans, 4, [file: ~c"global.erl", line: 703]}, {:timer, :tc, 2, [file: ~c"timer.erl", line: 599]}, {XPEngine.Build.State, :"-compile_file/2-fun-3-", 3, [file: ~c"lib/engine/build/state.ex", line: 137]}]}, [{XPEngine.Build.Error, :error_to_diagnostic, [#XPForge.Document<path: "/home/travis/Documents/Courses/Term 4/COMP 4959 - Selected Applications of Programming Paradigms/Project/bloc_the_line/lib/bloc_the_line/game/piece.ex", version: 198, dirty?: true, lines: %Lines<"defmodule Piece do..."(6 lines)>, ...>, :function_clause, [{XPEngine.Build.Error, :error_to_diagnostic, [#XPForge.Document<path: "/home/travis/Documents/Courses/Term 4/COMP 4959 - Selected Applications of Programming Paradigms/Project/bloc_the_line/lib/bloc_the_line/game/piece.ex", version: 198, dirty?: true, lines: %Lines<"defmodule Piece do..."(6 lines)>, ...>, %Kernel.TypespecError{file: "/home/travis/Documents/Courses/Term 4/COMP 4959 - Selected Applications of Programming Paradigms/Project/bloc_the_line/lib/bloc_the_line/game/piece.ex", line: 5, description: "undefined field :corners on struct Piece"}, [{Kernel.Typespec, :compile_error, 2, [file: ~c"lib/kernel/typespec.ex", line: 992]}, {:lists, :foreach_1, 2, [file: ~c"lists.erl", line: 2641]}, {Kernel.Typespec, :typespec, 4, [file: ~c"lib/kernel/typespec.ex", line: 617]}, {Kernel.Typespec, :translate_type, 2, [file: ~c"lib/kernel/typespec.ex", line: 312]}, {:lists, :mapfoldl_1, 3, [file: ~c"lists.erl", line: 2673]}, {:lists, :mapfoldl_1, 3, [file: ~c"lists.erl", line: 2674]}, {Kernel.Typespec, :translate_typespecs_for_module, 2, [file: ~c"lib/kernel/typespec.ex", line: 239]}, {:elixir_erl, :compile, 1, [file: ~c"src/elixir_erl.erl", line: 155]}], {:defmodule, [end_of_expression: [newlines: 1, line: 6, column: 4], do: [line: 1, column: 17], end: [line: 6, column: 1], line: 1, column: 1], [{:__aliases__, [last: [line: 1, column: 11], line: 1, column: 11], [:Piece]}, [do: {:__block__, [], [{:defstruct, [end_of_expression: [newlines: 2, line: 2, column: 46], line: 2, column: 3], [[name: nil, cells: [], cornres: []]]}, {:@, [end_of_expression: [newlines: 1, line: 4, column: 45], line: 4, column: 3], [{:type, [line: 4, column: 4], [{:"::", [line: 4, column: 20], [{:coordinate, [line: 4, column: 9], nil}, {{:integer, [closing: [line: 4, column: 32], line: 4, column: 24], []}, {:integer, [closing: [line: 4, column: 43], line: 4, column: 35], []}}]}]}]}, {:@, [end_of_expression: [newlines: 1, line: 5, column: 82], line: 5, column: 3], [{:type, [line: 5, column: 4], [{:"::", [line: 5, column: 11], [{:t, [line: 5, column: 9], nil}, {:%, [line: 5, column: 14], [{:__MODULE__, [line: 5, ...], nil}, {:%{}, [...], ...}]}]}]}]}]}]]}], [file: ~c"lib/engine/build/error.ex", line: 94]}, {XPEngine.Build.Document.Compilers.Quoted, :do_compile, 2, [file: ~c"lib/engine/build/document/compilers/quoted.ex", line: 49]}, {XPEngine.Build.Document.Compilers.Quoted, :compile, 3, [file: ~c"lib/engine/build/document/compilers/quoted.ex", line: 22]}, {XPEngine.Build.Isolation, :"-invoke/1-fun-0-", 2, [file: ~c"lib/engine/build/isolation.ex", line: 12]}], nil], [file: ~c"lib/engine/build/error.ex", line: 94]}, {XPEngine.Build.Document, :compile, 1, [file: ~c"lib/engine/build/document.ex", line: 18]}, {Mix.Project, :in_project, 4, [file: ~c"lib/mix/project.ex", line: 557]}, {File, :cd!, 2, [file: ~c"lib/file.ex", line: 2007]}, {XPEngine.Mix, :"-in_project/2-fun-0-", 3, [file: ~c"lib/engine/mix.ex", line: 27]}, {:global, :trans, 4, [file: ~c"global.erl", line: 703]}, {:timer, :tc, 2, [file: ~c"timer.erl", line: 599]}, {XPEngine.Build.State, :"-compile_file/2-fun-3-", 3, [file: ~c"lib/engine/build/state.ex", line: 137]}]}
16:33:44.885 [debug] sent notification server -> client textDocument/publishDiagnostics
16:33:44.967 [debug] handled notification client -> server textDocument/didChange in 770µs
16:33:45.036 [error] Invalid diagnostic: {:exception, {%FunctionClauseError{module: XPEngine.Build.Error, function: :error_to_diagnostic, arity: 4, kind: nil, args: [#XPForge.Document<path: "/home/travis/Documents/Courses/Term 4/COMP 4959 - Selected Applications of Programming Paradigms/Project/bloc_the_line/lib/bloc_the_line/game/piece.ex", version: 199, dirty?: true, lines: %Lines<"defmodule Piece do..."(6 lines)>, ...>, :function_clause, [{XPEngine.Build.Error, :error_to_diagnostic, [#XPForge.Document<path: "/home/travis/Documents/Courses/Term 4/COMP 4959 - Selected Applications of Programming Paradigms/Project/bloc_the_line/lib/bloc_the_line/game/piece.ex", version: 199, dirty?: true, lines: %Lines<"defmodule Piece do..."(6 lines)>, ...>, %Kernel.TypespecError{file: "/home/travis/Documents/Courses/Term 4/COMP 4959 - Selected Applications of Programming Paradigms/Project/bloc_the_line/lib/bloc_the_line/game/piece.ex", line: 5, description: "undefined field :corners on struct Piece"}, [{Kernel.Typespec, :compile_error, 2, [file: ~c"lib/kernel/typespec.ex", line: 992]}, {:lists, :foreach_1, 2, [file: ~c"lists.erl", line: 2641]}, {Kernel.Typespec, :typespec, 4, [file: ~c"lib/kernel/typespec.ex", line: 617]}, {Kernel.Typespec, :translate_type, 2, [file: ~c"lib/kernel/typespec.ex", line: 312]}, {:lists, :mapfoldl_1, 3, [file: ~c"lists.erl", line: 2673]}, {:lists, :mapfoldl_1, 3, [file: ~c"lists.erl", line: 2674]}, {Kernel.Typespec, :translate_typespecs_for_module, 2, [file: ~c"lib/kernel/typespec.ex", line: 239]}, {:elixir_erl, :compile, 1, [file: ~c"src/elixir_erl.erl", line: 155]}], {:defmodule, [end_of_expression: [newlines: 1, line: 6, column: 4], do: [line: 1, column: 17], end: [line: 6, column: 1], line: 1, column: 1], [{:__aliases__, [last: [line: 1, column: 11], line: 1, column: 11], [:Piece]}, [do: {:__block__, [], [{:defstruct, [end_of_expression: [newlines: 2, line: 2, column: 46], line: 2, column: 3], [[name: nil, cells: [], cornres: []]]}, {:@, [end_of_expression: [newlines: 1, line: 4, column: 45], line: 4, column: 3], [{:type, [line: 4, column: 4], [{:"::", [line: 4, column: 20], [{:coordinate, [line: 4, column: 9], nil}, {{:integer, [closing: [line: 4, column: 32], line: 4, column: 24], []}, {:integer, [closing: [line: 4, column: 43], line: 4, column: 35], []}}]}]}]}, {:@, [end_of_expression: [newlines: 1, line: 5, column: 83], line: 5, column: 3], [{:type, [line: 5, column: 4], [{:"::", [line: 5, column: 11], [{:t, [line: 5, column: 9], nil}, {:%, [line: 5, column: 14], [{:__MODULE__, [...], ...}, {:%{}, ...}]}]}]}]}]}]]}], [file: ~c"lib/engine/build/error.ex", line: 94]}, {XPEngine.Build.Document.Compilers.Quoted, :do_compile, 2, [file: ~c"lib/engine/build/document/compilers/quoted.ex", line: 49]}, {XPEngine.Build.Document.Compilers.Quoted, :compile, 3, [file: ~c"lib/engine/build/document/compilers/quoted.ex", line: 22]}, {XPEngine.Build.Isolation, :"-invoke/1-fun-0-", 2, [file: ~c"lib/engine/build/isolation.ex", line: 12]}], nil], clauses: nil}, [{XPEngine.Build.Error, :error_to_diagnostic, 4, [file: ~c"lib/engine/build/error.ex", line: 94]}, {XPEngine.Build.Document, :compile, 1, [file: ~c"lib/engine/build/document.ex", line: 18]}, {Mix.Project, :in_project, 4, [file: ~c"lib/mix/project.ex", line: 557]}, {File, :cd!, 2, [file: ~c"lib/file.ex", line: 2007]}, {XPEngine.Mix, :"-in_project/2-fun-0-", 3, [file: ~c"lib/engine/mix.ex", line: 27]}, {:global, :trans, 4, [file: ~c"global.erl", line: 703]}, {:timer, :tc, 2, [file: ~c"timer.erl", line: 599]}, {XPEngine.Build.State, :"-compile_file/2-fun-3-", 3, [file: ~c"lib/engine/build/state.ex", line: 137]}]}, [{XPEngine.Build.Error, :error_to_diagnostic, [#XPForge.Document<path: "/home/travis/Documents/Courses/Term 4/COMP 4959 - Selected Applications of Programming Paradigms/Project/bloc_the_line/lib/bloc_the_line/game/piece.ex", version: 199, dirty?: true, lines: %Lines<"defmodule Piece do..."(6 lines)>, ...>, :function_clause, [{XPEngine.Build.Error, :error_to_diagnostic, [#XPForge.Document<path: "/home/travis/Documents/Courses/Term 4/COMP 4959 - Selected Applications of Programming Paradigms/Project/bloc_the_line/lib/bloc_the_line/game/piece.ex", version: 199, dirty?: true, lines: %Lines<"defmodule Piece do..."(6 lines)>, ...>, %Kernel.TypespecError{file: "/home/travis/Documents/Courses/Term 4/COMP 4959 - Selected Applications of Programming Paradigms/Project/bloc_the_line/lib/bloc_the_line/game/piece.ex", line: 5, description: "undefined field :corners on struct Piece"}, [{Kernel.Typespec, :compile_error, 2, [file: ~c"lib/kernel/typespec.ex", line: 992]}, {:lists, :foreach_1, 2, [file: ~c"lists.erl", line: 2641]}, {Kernel.Typespec, :typespec, 4, [file: ~c"lib/kernel/typespec.ex", line: 617]}, {Kernel.Typespec, :translate_type, 2, [file: ~c"lib/kernel/typespec.ex", line: 312]}, {:lists, :mapfoldl_1, 3, [file: ~c"lists.erl", line: 2673]}, {:lists, :mapfoldl_1, 3, [file: ~c"lists.erl", line: 2674]}, {Kernel.Typespec, :translate_typespecs_for_module, 2, [file: ~c"lib/kernel/typespec.ex", line: 239]}, {:elixir_erl, :compile, 1, [file: ~c"src/elixir_erl.erl", line: 155]}], {:defmodule, [end_of_expression: [newlines: 1, line: 6, column: 4], do: [line: 1, column: 17], end: [line: 6, column: 1], line: 1, column: 1], [{:__aliases__, [last: [line: 1, column: 11], line: 1, column: 11], [:Piece]}, [do: {:__block__, [], [{:defstruct, [end_of_expression: [newlines: 2, line: 2, column: 46], line: 2, column: 3], [[name: nil, cells: [], cornres: []]]}, {:@, [end_of_expression: [newlines: 1, line: 4, column: 45], line: 4, column: 3], [{:type, [line: 4, column: 4], [{:"::", [line: 4, column: 20], [{:coordinate, [line: 4, column: 9], nil}, {{:integer, [closing: [line: 4, column: 32], line: 4, column: 24], []}, {:integer, [closing: [line: 4, column: 43], line: 4, column: 35], []}}]}]}]}, {:@, [end_of_expression: [newlines: 1, line: 5, column: 83], line: 5, column: 3], [{:type, [line: 5, column: 4], [{:"::", [line: 5, column: 11], [{:t, [line: 5, column: 9], nil}, {:%, [line: 5, column: 14], [{:__MODULE__, [line: 5, ...], nil}, {:%{}, [...], ...}]}]}]}]}]}]]}], [file: ~c"lib/engine/build/error.ex", line: 94]}, {XPEngine.Build.Document.Compilers.Quoted, :do_compile, 2, [file: ~c"lib/engine/build/document/compilers/quoted.ex", line: 49]}, {XPEngine.Build.Document.Compilers.Quoted, :compile, 3, [file: ~c"lib/engine/build/document/compilers/quoted.ex", line: 22]}, {XPEngine.Build.Isolation, :"-invoke/1-fun-0-", 2, [file: ~c"lib/engine/build/isolation.ex", line: 12]}], nil], [file: ~c"lib/engine/build/error.ex", line: 94]}, {XPEngine.Build.Document, :compile, 1, [file: ~c"lib/engine/build/document.ex", line: 18]}, {Mix.Project, :in_project, 4, [file: ~c"lib/mix/project.ex", line: 557]}, {File, :cd!, 2, [file: ~c"lib/file.ex", line: 2007]}, {XPEngine.Mix, :"-in_project/2-fun-0-", 3, [file: ~c"lib/engine/mix.ex", line: 27]}, {:global, :trans, 4, [file: ~c"global.erl", line: 703]}, {:timer, :tc, 2, [file: ~c"timer.erl", line: 599]}, {XPEngine.Build.State, :"-compile_file/2-fun-3-", 3, [file: ~c"lib/engine/build/state.ex", line: 137]}]}
16:33:45.037 [debug] sent notification server -> client textDocument/publishDiagnostics
16:33:45.121 [debug] handled notification client -> server textDocument/didChange in 1ms
16:33:45.186 [error] Invalid diagnostic: {:exception, {%FunctionClauseError{module: XPEngine.Build.Error, function: :error_to_diagnostic, arity: 4, kind: nil, args: [#XPForge.Document<path: "/home/travis/Documents/Courses/Term 4/COMP 4959 - Selected Applications of Programming Paradigms/Project/bloc_the_line/lib/bloc_the_line/game/piece.ex", version: 200, dirty?: true, lines: %Lines<"defmodule Piece do..."(6 lines)>, ...>, :function_clause, [{XPEngine.Build.Error, :error_to_diagnostic, [#XPForge.Document<path: "/home/travis/Documents/Courses/Term 4/COMP 4959 - Selected Applications of Programming Paradigms/Project/bloc_the_line/lib/bloc_the_line/game/piece.ex", version: 200, dirty?: true, lines: %Lines<"defmodule Piece do..."(6 lines)>, ...>, %Kernel.TypespecError{file: "/home/travis/Documents/Courses/Term 4/COMP 4959 - Selected Applications of Programming Paradigms/Project/bloc_the_line/lib/bloc_the_line/game/piece.ex", line: 5, description: "undefined field :corners on struct Piece"}, [{Kernel.Typespec, :compile_error, 2, [file: ~c"lib/kernel/typespec.ex", line: 992]}, {:lists, :foreach_1, 2, [file: ~c"lists.erl", line: 2641]}, {Kernel.Typespec, :typespec, 4, [file: ~c"lib/kernel/typespec.ex", line: 617]}, {Kernel.Typespec, :translate_type, 2, [file: ~c"lib/kernel/typespec.ex", line: 312]}, {:lists, :mapfoldl_1, 3, [file: ~c"lists.erl", line: 2673]}, {:lists, :mapfoldl_1, 3, [file: ~c"lists.erl", line: 2674]}, {Kernel.Typespec, :translate_typespecs_for_module, 2, [file: ~c"lib/kernel/typespec.ex", line: 239]}, {:elixir_erl, :compile, 1, [file: ~c"src/elixir_erl.erl", line: 155]}], {:defmodule, [end_of_expression: [newlines: 1, line: 6, column: 4], do: [line: 1, column: 17], end: [line: 6, column: 1], line: 1, column: 1], [{:__aliases__, [last: [line: 1, column: 11], line: 1, column: 11], [:Piece]}, [do: {:__block__, [], [{:defstruct, [end_of_expression: [newlines: 2, line: 2, column: 46], line: 2, column: 3], [[name: nil, cells: [], cornres: []]]}, {:@, [end_of_expression: [newlines: 1, line: 4, column: 45], line: 4, column: 3], [{:type, [line: 4, column: 4], [{:"::", [line: 4, column: 20], [{:coordinate, [line: 4, column: 9], nil}, {{:integer, [closing: [line: 4, column: 32], line: 4, column: 24], []}, {:integer, [closing: [line: 4, column: 43], line: 4, column: 35], []}}]}]}]}, {:@, [end_of_expression: [newlines: 1, line: 5, column: 84], line: 5, column: 3], [{:type, [line: 5, column: 4], [{:"::", [line: 5, column: 11], [{:t, [line: 5, column: 9], nil}, {:%, [line: 5, column: 14], [{:__MODULE__, [...], ...}, {:%{}, ...}]}]}]}]}]}]]}], [file: ~c"lib/engine/build/error.ex", line: 94]}, {XPEngine.Build.Document.Compilers.Quoted, :do_compile, 2, [file: ~c"lib/engine/build/document/compilers/quoted.ex", line: 49]}, {XPEngine.Build.Document.Compilers.Quoted, :compile, 3, [file: ~c"lib/engine/build/document/compilers/quoted.ex", line: 22]}, {XPEngine.Build.Isolation, :"-invoke/1-fun-0-", 2, [file: ~c"lib/engine/build/isolation.ex", line: 12]}], nil], clauses: nil}, [{XPEngine.Build.Error, :error_to_diagnostic, 4, [file: ~c"lib/engine/build/error.ex", line: 94]}, {XPEngine.Build.Document, :compile, 1, [file: ~c"lib/engine/build/document.ex", line: 18]}, {Mix.Project, :in_project, 4, [file: ~c"lib/mix/project.ex", line: 557]}, {File, :cd!, 2, [file: ~c"lib/file.ex", line: 2007]}, {XPEngine.Mix, :"-in_project/2-fun-0-", 3, [file: ~c"lib/engine/mix.ex", line: 27]}, {:global, :trans, 4, [file: ~c"global.erl", line: 703]}, {:timer, :tc, 2, [file: ~c"timer.erl", line: 599]}, {XPEngine.Build.State, :"-compile_file/2-fun-3-", 3, [file: ~c"lib/engine/build/state.ex", line: 137]}]}, [{XPEngine.Build.Error, :error_to_diagnostic, [#XPForge.Document<path: "/home/travis/Documents/Courses/Term 4/COMP 4959 - Selected Applications of Programming Paradigms/Project/bloc_the_line/lib/bloc_the_line/game/piece.ex", version: 200, dirty?: true, lines: %Lines<"defmodule Piece do..."(6 lines)>, ...>, :function_clause, [{XPEngine.Build.Error, :error_to_diagnostic, [#XPForge.Document<path: "/home/travis/Documents/Courses/Term 4/COMP 4959 - Selected Applications of Programming Paradigms/Project/bloc_the_line/lib/bloc_the_line/game/piece.ex", version: 200, dirty?: true, lines: %Lines<"defmodule Piece do..."(6 lines)>, ...>, %Kernel.TypespecError{file: "/home/travis/Documents/Courses/Term 4/COMP 4959 - Selected Applications of Programming Paradigms/Project/bloc_the_line/lib/bloc_the_line/game/piece.ex", line: 5, description: "undefined field :corners on struct Piece"}, [{Kernel.Typespec, :compile_error, 2, [file: ~c"lib/kernel/typespec.ex", line: 992]}, {:lists, :foreach_1, 2, [file: ~c"lists.erl", line: 2641]}, {Kernel.Typespec, :typespec, 4, [file: ~c"lib/kernel/typespec.ex", line: 617]}, {Kernel.Typespec, :translate_type, 2, [file: ~c"lib/kernel/typespec.ex", line: 312]}, {:lists, :mapfoldl_1, 3, [file: ~c"lists.erl", line: 2673]}, {:lists, :mapfoldl_1, 3, [file: ~c"lists.erl", line: 2674]}, {Kernel.Typespec, :translate_typespecs_for_module, 2, [file: ~c"lib/kernel/typespec.ex", line: 239]}, {:elixir_erl, :compile, 1, [file: ~c"src/elixir_erl.erl", line: 155]}], {:defmodule, [end_of_expression: [newlines: 1, line: 6, column: 4], do: [line: 1, column: 17], end: [line: 6, column: 1], line: 1, column: 1], [{:__aliases__, [last: [line: 1, column: 11], line: 1, column: 11], [:Piece]}, [do: {:__block__, [], [{:defstruct, [end_of_expression: [newlines: 2, line: 2, column: 46], line: 2, column: 3], [[name: nil, cells: [], cornres: []]]}, {:@, [end_of_expression: [newlines: 1, line: 4, column: 45], line: 4, column: 3], [{:type, [line: 4, column: 4], [{:"::", [line: 4, column: 20], [{:coordinate, [line: 4, column: 9], nil}, {{:integer, [closing: [line: 4, column: 32], line: 4, column: 24], []}, {:integer, [closing: [line: 4, column: 43], line: 4, column: 35], []}}]}]}]}, {:@, [end_of_expression: [newlines: 1, line: 5, column: 84], line: 5, column: 3], [{:type, [line: 5, column: 4], [{:"::", [line: 5, column: 11], [{:t, [line: 5, column: 9], nil}, {:%, [line: 5, column: 14], [{:__MODULE__, [line: 5, ...], nil}, {:%{}, [...], ...}]}]}]}]}]}]]}], [file: ~c"lib/engine/build/error.ex", line: 94]}, {XPEngine.Build.Document.Compilers.Quoted, :do_compile, 2, [file: ~c"lib/engine/build/document/compilers/quoted.ex", line: 49]}, {XPEngine.Build.Document.Compilers.Quoted, :compile, 3, [file: ~c"lib/engine/build/document/compilers/quoted.ex", line: 22]}, {XPEngine.Build.Isolation, :"-invoke/1-fun-0-", 2, [file: ~c"lib/engine/build/isolation.ex", line: 12]}], nil], [file: ~c"lib/engine/build/error.ex", line: 94]}, {XPEngine.Build.Document, :compile, 1, [file: ~c"lib/engine/build/document.ex", line: 18]}, {Mix.Project, :in_project, 4, [file: ~c"lib/mix/project.ex", line: 557]}, {File, :cd!, 2, [file: ~c"lib/file.ex", line: 2007]}, {XPEngine.Mix, :"-in_project/2-fun-0-", 3, [file: ~c"lib/engine/mix.ex", line: 27]}, {:global, :trans, 4, [file: ~c"global.erl", line: 703]}, {:timer, :tc, 2, [file: ~c"timer.erl", line: 599]}, {XPEngine.Build.State, :"-compile_file/2-fun-3-", 3, [file: ~c"lib/engine/build/state.ex", line: 137]}]}
16:33:45.186 [debug] sent notification server -> client textDocument/publishDiagnostics
16:33:45.270 [debug] handled notification client -> server textDocument/didChange in 794µs
16:33:45.338 [error] Invalid diagnostic: {:exception, {%FunctionClauseError{module: XPEngine.Build.Error, function: :error_to_diagnostic, arity: 4, kind: nil, args: [#XPForge.Document<path: "/home/travis/Documents/Courses/Term 4/COMP 4959 - Selected Applications of Programming Paradigms/Project/bloc_the_line/lib/bloc_the_line/game/piece.ex", version: 201, dirty?: true, lines: %Lines<"defmodule Piece do..."(6 lines)>, ...>, :function_clause, [{XPEngine.Build.Error, :error_to_diagnostic, [#XPForge.Document<path: "/home/travis/Documents/Courses/Term 4/COMP 4959 - Selected Applications of Programming Paradigms/Project/bloc_the_line/lib/bloc_the_line/game/piece.ex", version: 201, dirty?: true, lines: %Lines<"defmodule Piece do..."(6 lines)>, ...>, %Kernel.TypespecError{file: "/home/travis/Documents/Courses/Term 4/COMP 4959 - Selected Applications of Programming Paradigms/Project/bloc_the_line/lib/bloc_the_line/game/piece.ex", line: 5, description: "undefined field :corners on struct Piece"}, [{Kernel.Typespec, :compile_error, 2, [file: ~c"lib/kernel/typespec.ex", line: 992]}, {:lists, :foreach_1, 2, [file: ~c"lists.erl", line: 2641]}, {Kernel.Typespec, :typespec, 4, [file: ~c"lib/kernel/typespec.ex", line: 617]}, {Kernel.Typespec, :translate_type, 2, [file: ~c"lib/kernel/typespec.ex", line: 312]}, {:lists, :mapfoldl_1, 3, [file: ~c"lists.erl", line: 2673]}, {:lists, :mapfoldl_1, 3, [file: ~c"lists.erl", line: 2674]}, {Kernel.Typespec, :translate_typespecs_for_module, 2, [file: ~c"lib/kernel/typespec.ex", line: 239]}, {:elixir_erl, :compile, 1, [file: ~c"src/elixir_erl.erl", line: 155]}], {:defmodule, [end_of_expression: [newlines: 1, line: 6, column: 4], do: [line: 1, column: 17], end: [line: 6, column: 1], line: 1, column: 1], [{:__aliases__, [last: [line: 1, column: 11], line: 1, column: 11], [:Piece]}, [do: {:__block__, [], [{:defstruct, [end_of_expression: [newlines: 2, line: 2, column: 46], line: 2, column: 3], [[name: nil, cells: [], cornres: []]]}, {:@, [end_of_expression: [newlines: 1, line: 4, column: 45], line: 4, column: 3], [{:type, [line: 4, column: 4], [{:"::", [line: 4, column: 20], [{:coordinate, [line: 4, column: 9], nil}, {{:integer, [closing: [line: 4, column: 32], line: 4, column: 24], []}, {:integer, [closing: [line: 4, column: 43], line: 4, column: 35], []}}]}]}]}, {:@, [end_of_expression: [newlines: 1, line: 5, column: 85], line: 5, column: 3], [{:type, [line: 5, column: 4], [{:"::", [line: 5, column: 11], [{:t, [line: 5, column: 9], nil}, {:%, [line: 5, column: 14], [{:__MODULE__, [...], ...}, {:%{}, ...}]}]}]}]}]}]]}], [file: ~c"lib/engine/build/error.ex", line: 94]}, {XPEngine.Build.Document.Compilers.Quoted, :do_compile, 2, [file: ~c"lib/engine/build/document/compilers/quoted.ex", line: 49]}, {XPEngine.Build.Document.Compilers.Quoted, :compile, 3, [file: ~c"lib/engine/build/document/compilers/quoted.ex", line: 22]}, {XPEngine.Build.Isolation, :"-invoke/1-fun-0-", 2, [file: ~c"lib/engine/build/isolation.ex", line: 12]}], nil], clauses: nil}, [{XPEngine.Build.Error, :error_to_diagnostic, 4, [file: ~c"lib/engine/build/error.ex", line: 94]}, {XPEngine.Build.Document, :compile, 1, [file: ~c"lib/engine/build/document.ex", line: 18]}, {Mix.Project, :in_project, 4, [file: ~c"lib/mix/project.ex", line: 557]}, {File, :cd!, 2, [file: ~c"lib/file.ex", line: 2007]}, {XPEngine.Mix, :"-in_project/2-fun-0-", 3, [file: ~c"lib/engine/mix.ex", line: 27]}, {:global, :trans, 4, [file: ~c"global.erl", line: 703]}, {:timer, :tc, 2, [file: ~c"timer.erl", line: 599]}, {XPEngine.Build.State, :"-compile_file/2-fun-3-", 3, [file: ~c"lib/engine/build/state.ex", line: 137]}]}, [{XPEngine.Build.Error, :error_to_diagnostic, [#XPForge.Document<path: "/home/travis/Documents/Courses/Term 4/COMP 4959 - Selected Applications of Programming Paradigms/Project/bloc_the_line/lib/bloc_the_line/game/piece.ex", version: 201, dirty?: true, lines: %Lines<"defmodule Piece do..."(6 lines)>, ...>, :function_clause, [{XPEngine.Build.Error, :error_to_diagnostic, [#XPForge.Document<path: "/home/travis/Documents/Courses/Term 4/COMP 4959 - Selected Applications of Programming Paradigms/Project/bloc_the_line/lib/bloc_the_line/game/piece.ex", version: 201, dirty?: true, lines: %Lines<"defmodule Piece do..."(6 lines)>, ...>, %Kernel.TypespecError{file: "/home/travis/Documents/Courses/Term 4/COMP 4959 - Selected Applications of Programming Paradigms/Project/bloc_the_line/lib/bloc_the_line/game/piece.ex", line: 5, description: "undefined field :corners on struct Piece"}, [{Kernel.Typespec, :compile_error, 2, [file: ~c"lib/kernel/typespec.ex", line: 992]}, {:lists, :foreach_1, 2, [file: ~c"lists.erl", line: 2641]}, {Kernel.Typespec, :typespec, 4, [file: ~c"lib/kernel/typespec.ex", line: 617]}, {Kernel.Typespec, :translate_type, 2, [file: ~c"lib/kernel/typespec.ex", line: 312]}, {:lists, :mapfoldl_1, 3, [file: ~c"lists.erl", line: 2673]}, {:lists, :mapfoldl_1, 3, [file: ~c"lists.erl", line: 2674]}, {Kernel.Typespec, :translate_typespecs_for_module, 2, [file: ~c"lib/kernel/typespec.ex", line: 239]}, {:elixir_erl, :compile, 1, [file: ~c"src/elixir_erl.erl", line: 155]}], {:defmodule, [end_of_expression: [newlines: 1, line: 6, column: 4], do: [line: 1, column: 17], end: [line: 6, column: 1], line: 1, column: 1], [{:__aliases__, [last: [line: 1, column: 11], line: 1, column: 11], [:Piece]}, [do: {:__block__, [], [{:defstruct, [end_of_expression: [newlines: 2, line: 2, column: 46], line: 2, column: 3], [[name: nil, cells: [], cornres: []]]}, {:@, [end_of_expression: [newlines: 1, line: 4, column: 45], line: 4, column: 3], [{:type, [line: 4, column: 4], [{:"::", [line: 4, column: 20], [{:coordinate, [line: 4, column: 9], nil}, {{:integer, [closing: [line: 4, column: 32], line: 4, column: 24], []}, {:integer, [closing: [line: 4, column: 43], line: 4, column: 35], []}}]}]}]}, {:@, [end_of_expression: [newlines: 1, line: 5, column: 85], line: 5, column: 3], [{:type, [line: 5, column: 4], [{:"::", [line: 5, column: 11], [{:t, [line: 5, column: 9], nil}, {:%, [line: 5, column: 14], [{:__MODULE__, [line: 5, ...], nil}, {:%{}, [...], ...}]}]}]}]}]}]]}], [file: ~c"lib/engine/build/error.ex", line: 94]}, {XPEngine.Build.Document.Compilers.Quoted, :do_compile, 2, [file: ~c"lib/engine/build/document/compilers/quoted.ex", line: 49]}, {XPEngine.Build.Document.Compilers.Quoted, :compile, 3, [file: ~c"lib/engine/build/document/compilers/quoted.ex", line: 22]}, {XPEngine.Build.Isolation, :"-invoke/1-fun-0-", 2, [file: ~c"lib/engine/build/isolation.ex", line: 12]}], nil], [file: ~c"lib/engine/build/error.ex", line: 94]}, {XPEngine.Build.Document, :compile, 1, [file: ~c"lib/engine/build/document.ex", line: 18]}, {Mix.Project, :in_project, 4, [file: ~c"lib/mix/project.ex", line: 557]}, {File, :cd!, 2, [file: ~c"lib/file.ex", line: 2007]}, {XPEngine.Mix, :"-in_project/2-fun-0-", 3, [file: ~c"lib/engine/mix.ex", line: 27]}, {:global, :trans, 4, [file: ~c"global.erl", line: 703]}, {:timer, :tc, 2, [file: ~c"timer.erl", line: 599]}, {XPEngine.Build.State, :"-compile_file/2-fun-3-", 3, [file: ~c"lib/engine/build/state.ex", line: 137]}]}
16:33:45.338 [debug] sent notification server -> client textDocument/publishDiagnostics
16:33:45.420 [debug] handled notification client -> server textDocument/didChange in 819µs
16:33:45.485 [error] Invalid diagnostic: {:exception, {%FunctionClauseError{module: XPEngine.Build.Error, function: :error_to_diagnostic, arity: 4, kind: nil, args: [#XPForge.Document<path: "/home/travis/Documents/Courses/Term 4/COMP 4959 - Selected Applications of Programming Paradigms/Project/bloc_the_line/lib/bloc_the_line/game/piece.ex", version: 202, dirty?: true, lines: %Lines<"defmodule Piece do..."(6 lines)>, ...>, :function_clause, [{XPEngine.Build.Error, :error_to_diagnostic, [#XPForge.Document<path: "/home/travis/Documents/Courses/Term 4/COMP 4959 - Selected Applications of Programming Paradigms/Project/bloc_the_line/lib/bloc_the_line/game/piece.ex", version: 202, dirty?: true, lines: %Lines<"defmodule Piece do..."(6 lines)>, ...>, %Kernel.TypespecError{file: "/home/travis/Documents/Courses/Term 4/COMP 4959 - Selected Applications of Programming Paradigms/Project/bloc_the_line/lib/bloc_the_line/game/piece.ex", line: 5, description: "undefined field :corners on struct Piece"}, [{Kernel.Typespec, :compile_error, 2, [file: ~c"lib/kernel/typespec.ex", line: 992]}, {:lists, :foreach_1, 2, [file: ~c"lists.erl", line: 2641]}, {Kernel.Typespec, :typespec, 4, [file: ~c"lib/kernel/typespec.ex", line: 617]}, {Kernel.Typespec, :translate_type, 2, [file: ~c"lib/kernel/typespec.ex", line: 312]}, {:lists, :mapfoldl_1, 3, [file: ~c"lists.erl", line: 2673]}, {:lists, :mapfoldl_1, 3, [file: ~c"lists.erl", line: 2674]}, {Kernel.Typespec, :translate_typespecs_for_module, 2, [file: ~c"lib/kernel/typespec.ex", line: 239]}, {:elixir_erl, :compile, 1, [file: ~c"src/elixir_erl.erl", line: 155]}], {:defmodule, [end_of_expression: [newlines: 1, line: 6, column: 4], do: [line: 1, column: 17], end: [line: 6, column: 1], line: 1, column: 1], [{:__aliases__, [last: [line: 1, column: 11], line: 1, column: 11], [:Piece]}, [do: {:__block__, [], [{:defstruct, [end_of_expression: [newlines: 2, line: 2, column: 46], line: 2, column: 3], [[name: nil, cells: [], cornres: []]]}, {:@, [end_of_expression: [newlines: 1, line: 4, column: 45], line: 4, column: 3], [{:type, [line: 4, column: 4], [{:"::", [line: 4, column: 20], [{:coordinate, [line: 4, column: 9], nil}, {{:integer, [closing: [line: 4, column: 32], line: 4, column: 24], []}, {:integer, [closing: [line: 4, column: 43], line: 4, column: 35], []}}]}]}]}, {:@, [end_of_expression: [newlines: 1, line: 5, column: 86], line: 5, column: 3], [{:type, [line: 5, column: 4], [{:"::", [line: 5, column: 11], [{:t, [line: 5, column: 9], nil}, {:%, [line: 5, column: 14], [{:__MODULE__, [...], ...}, {:%{}, ...}]}]}]}]}]}]]}], [file: ~c"lib/engine/build/error.ex", line: 94]}, {XPEngine.Build.Document.Compilers.Quoted, :do_compile, 2, [file: ~c"lib/engine/build/document/compilers/quoted.ex", line: 49]}, {XPEngine.Build.Document.Compilers.Quoted, :compile, 3, [file: ~c"lib/engine/build/document/compilers/quoted.ex", line: 22]}, {XPEngine.Build.Isolation, :"-invoke/1-fun-0-", 2, [file: ~c"lib/engine/build/isolation.ex", line: 12]}], nil], clauses: nil}, [{XPEngine.Build.Error, :error_to_diagnostic, 4, [file: ~c"lib/engine/build/error.ex", line: 94]}, {XPEngine.Build.Document, :compile, 1, [file: ~c"lib/engine/build/document.ex", line: 18]}, {Mix.Project, :in_project, 4, [file: ~c"lib/mix/project.ex", line: 557]}, {File, :cd!, 2, [file: ~c"lib/file.ex", line: 2007]}, {XPEngine.Mix, :"-in_project/2-fun-0-", 3, [file: ~c"lib/engine/mix.ex", line: 27]}, {:global, :trans, 4, [file: ~c"global.erl", line: 703]}, {:timer, :tc, 2, [file: ~c"timer.erl", line: 599]}, {XPEngine.Build.State, :"-compile_file/2-fun-3-", 3, [file: ~c"lib/engine/build/state.ex", line: 137]}]}, [{XPEngine.Build.Error, :error_to_diagnostic, [#XPForge.Document<path: "/home/travis/Documents/Courses/Term 4/COMP 4959 - Selected Applications of Programming Paradigms/Project/bloc_the_line/lib/bloc_the_line/game/piece.ex", version: 202, dirty?: true, lines: %Lines<"defmodule Piece do..."(6 lines)>, ...>, :function_clause, [{XPEngine.Build.Error, :error_to_diagnostic, [#XPForge.Document<path: "/home/travis/Documents/Courses/Term 4/COMP 4959 - Selected Applications of Programming Paradigms/Project/bloc_the_line/lib/bloc_the_line/game/piece.ex", version: 202, dirty?: true, lines: %Lines<"defmodule Piece do..."(6 lines)>, ...>, %Kernel.TypespecError{file: "/home/travis/Documents/Courses/Term 4/COMP 4959 - Selected Applications of Programming Paradigms/Project/bloc_the_line/lib/bloc_the_line/game/piece.ex", line: 5, description: "undefined field :corners on struct Piece"}, [{Kernel.Typespec, :compile_error, 2, [file: ~c"lib/kernel/typespec.ex", line: 992]}, {:lists, :foreach_1, 2, [file: ~c"lists.erl", line: 2641]}, {Kernel.Typespec, :typespec, 4, [file: ~c"lib/kernel/typespec.ex", line: 617]}, {Kernel.Typespec, :translate_type, 2, [file: ~c"lib/kernel/typespec.ex", line: 312]}, {:lists, :mapfoldl_1, 3, [file: ~c"lists.erl", line: 2673]}, {:lists, :mapfoldl_1, 3, [file: ~c"lists.erl", line: 2674]}, {Kernel.Typespec, :translate_typespecs_for_module, 2, [file: ~c"lib/kernel/typespec.ex", line: 239]}, {:elixir_erl, :compile, 1, [file: ~c"src/elixir_erl.erl", line: 155]}], {:defmodule, [end_of_expression: [newlines: 1, line: 6, column: 4], do: [line: 1, column: 17], end: [line: 6, column: 1], line: 1, column: 1], [{:__aliases__, [last: [line: 1, column: 11], line: 1, column: 11], [:Piece]}, [do: {:__block__, [], [{:defstruct, [end_of_expression: [newlines: 2, line: 2, column: 46], line: 2, column: 3], [[name: nil, cells: [], cornres: []]]}, {:@, [end_of_expression: [newlines: 1, line: 4, column: 45], line: 4, column: 3], [{:type, [line: 4, column: 4], [{:"::", [line: 4, column: 20], [{:coordinate, [line: 4, column: 9], nil}, {{:integer, [closing: [line: 4, column: 32], line: 4, column: 24], []}, {:integer, [closing: [line: 4, column: 43], line: 4, column: 35], []}}]}]}]}, {:@, [end_of_expression: [newlines: 1, line: 5, column: 86], line: 5, column: 3], [{:type, [line: 5, column: 4], [{:"::", [line: 5, column: 11], [{:t, [line: 5, column: 9], nil}, {:%, [line: 5, column: 14], [{:__MODULE__, [line: 5, ...], nil}, {:%{}, [...], ...}]}]}]}]}]}]]}], [file: ~c"lib/engine/build/error.ex", line: 94]}, {XPEngine.Build.Document.Compilers.Quoted, :do_compile, 2, [file: ~c"lib/engine/build/document/compilers/quoted.ex", line: 49]}, {XPEngine.Build.Document.Compilers.Quoted, :compile, 3, [file: ~c"lib/engine/build/document/compilers/quoted.ex", line: 22]}, {XPEngine.Build.Isolation, :"-invoke/1-fun-0-", 2, [file: ~c"lib/engine/build/isolation.ex", line: 12]}], nil], [file: ~c"lib/engine/build/error.ex", line: 94]}, {XPEngine.Build.Document, :compile, 1, [file: ~c"lib/engine/build/document.ex", line: 18]}, {Mix.Project, :in_project, 4, [file: ~c"lib/mix/project.ex", line: 557]}, {File, :cd!, 2, [file: ~c"lib/file.ex", line: 2007]}, {XPEngine.Mix, :"-in_project/2-fun-0-", 3, [file: ~c"lib/engine/mix.ex", line: 27]}, {:global, :trans, 4, [file: ~c"global.erl", line: 703]}, {:timer, :tc, 2, [file: ~c"timer.erl", line: 599]}, {XPEngine.Build.State, :"-compile_file/2-fun-3-", 3, [file: ~c"lib/engine/build/state.ex", line: 137]}]}
16:33:45.485 [debug] sent notification server -> client textDocument/publishDiagnostics
16:33:45.570 [debug] handled notification client -> server textDocument/didChange in 916µs
16:33:45.641 [error] Invalid diagnostic: {:exception, {%FunctionClauseError{module: XPEngine.Build.Error, function: :error_to_diagnostic, arity: 4, kind: nil, args: [#XPForge.Document<path: "/home/travis/Documents/Courses/Term 4/COMP 4959 - Selected Applications of Programming Paradigms/Project/bloc_the_line/lib/bloc_the_line/game/piece.ex", version: 204, dirty?: true, lines: %Lines<"defmodule Piece do..."(6 lines)>, ...>, :function_clause, [{XPEngine.Build.Error, :error_to_diagnostic, [#XPForge.Document<path: "/home/travis/Documents/Courses/Term 4/COMP 4959 - Selected Applications of Programming Paradigms/Project/bloc_the_line/lib/bloc_the_line/game/piece.ex", version: 204, dirty?: true, lines: %Lines<"defmodule Piece do..."(6 lines)>, ...>, %Kernel.TypespecError{file: "/home/travis/Documents/Courses/Term 4/COMP 4959 - Selected Applications of Programming Paradigms/Project/bloc_the_line/lib/bloc_the_line/game/piece.ex", line: 5, description: "undefined field :corners on struct Piece"}, [{Kernel.Typespec, :compile_error, 2, [file: ~c"lib/kernel/typespec.ex", line: 992]}, {:lists, :foreach_1, 2, [file: ~c"lists.erl", line: 2641]}, {Kernel.Typespec, :typespec, 4, [file: ~c"lib/kernel/typespec.ex", line: 617]}, {Kernel.Typespec, :translate_type, 2, [file: ~c"lib/kernel/typespec.ex", line: 312]}, {:lists, :mapfoldl_1, 3, [file: ~c"lists.erl", line: 2673]}, {:lists, :mapfoldl_1, 3, [file: ~c"lists.erl", line: 2674]}, {Kernel.Typespec, :translate_typespecs_for_module, 2, [file: ~c"lib/kernel/typespec.ex", line: 239]}, {:elixir_erl, :compile, 1, [file: ~c"src/elixir_erl.erl", line: 155]}], {:defmodule, [end_of_expression: [newlines: 1, line: 6, column: 4], do: [line: 1, column: 17], end: [line: 6, column: 1], line: 1, column: 1], [{:__aliases__, [last: [line: 1, column: 11], line: 1, column: 11], [:Piece]}, [do: {:__block__, [], [{:defstruct, [end_of_expression: [newlines: 2, line: 2, column: 46], line: 2, column: 3], [[name: nil, cells: [], cornres: []]]}, {:@, [end_of_expression: [newlines: 1, line: 4, column: 45], line: 4, column: 3], [{:type, [line: 4, column: 4], [{:"::", [line: 4, column: 20], [{:coordinate, [line: 4, column: 9], nil}, {{:integer, [closing: [line: 4, column: 32], line: 4, column: 24], []}, {:integer, [closing: [line: 4, column: 43], line: 4, column: 35], []}}]}]}]}, {:@, [end_of_expression: [newlines: 1, line: 5, column: 88], line: 5, column: 3], [{:type, [line: 5, column: 4], [{:"::", [line: 5, column: 11], [{:t, [line: 5, column: 9], nil}, {:%, [line: 5, column: 14], [{:__MODULE__, [...], ...}, {:%{}, ...}]}]}]}]}]}]]}], [file: ~c"lib/engine/build/error.ex", line: 94]}, {XPEngine.Build.Document.Compilers.Quoted, :do_compile, 2, [file: ~c"lib/engine/build/document/compilers/quoted.ex", line: 49]}, {XPEngine.Build.Document.Compilers.Quoted, :compile, 3, [file: ~c"lib/engine/build/document/compilers/quoted.ex", line: 22]}, {XPEngine.Build.Isolation, :"-invoke/1-fun-0-", 2, [file: ~c"lib/engine/build/isolation.ex", line: 12]}], nil], clauses: nil}, [{XPEngine.Build.Error, :error_to_diagnostic, 4, [file: ~c"lib/engine/build/error.ex", line: 94]}, {XPEngine.Build.Document, :compile, 1, [file: ~c"lib/engine/build/document.ex", line: 18]}, {Mix.Project, :in_project, 4, [file: ~c"lib/mix/project.ex", line: 557]}, {File, :cd!, 2, [file: ~c"lib/file.ex", line: 2007]}, {XPEngine.Mix, :"-in_project/2-fun-0-", 3, [file: ~c"lib/engine/mix.ex", line: 27]}, {:global, :trans, 4, [file: ~c"global.erl", line: 703]}, {:timer, :tc, 2, [file: ~c"timer.erl", line: 599]}, {XPEngine.Build.State, :"-compile_file/2-fun-3-", 3, [file: ~c"lib/engine/build/state.ex", line: 137]}]}, [{XPEngine.Build.Error, :error_to_diagnostic, [#XPForge.Document<path: "/home/travis/Documents/Courses/Term 4/COMP 4959 - Selected Applications of Programming Paradigms/Project/bloc_the_line/lib/bloc_the_line/game/piece.ex", version: 204, dirty?: true, lines: %Lines<"defmodule Piece do..."(6 lines)>, ...>, :function_clause, [{XPEngine.Build.Error, :error_to_diagnostic, [#XPForge.Document<path: "/home/travis/Documents/Courses/Term 4/COMP 4959 - Selected Applications of Programming Paradigms/Project/bloc_the_line/lib/bloc_the_line/game/piece.ex", version: 204, dirty?: true, lines: %Lines<"defmodule Piece do..."(6 lines)>, ...>, %Kernel.TypespecError{file: "/home/travis/Documents/Courses/Term 4/COMP 4959 - Selected Applications of Programming Paradigms/Project/bloc_the_line/lib/bloc_the_line/game/piece.ex", line: 5, description: "undefined field :corners on struct Piece"}, [{Kernel.Typespec, :compile_error, 2, [file: ~c"lib/kernel/typespec.ex", line: 992]}, {:lists, :foreach_1, 2, [file: ~c"lists.erl", line: 2641]}, {Kernel.Typespec, :typespec, 4, [file: ~c"lib/kernel/typespec.ex", line: 617]}, {Kernel.Typespec, :translate_type, 2, [file: ~c"lib/kernel/typespec.ex", line: 312]}, {:lists, :mapfoldl_1, 3, [file: ~c"lists.erl", line: 2673]}, {:lists, :mapfoldl_1, 3, [file: ~c"lists.erl", line: 2674]}, {Kernel.Typespec, :translate_typespecs_for_module, 2, [file: ~c"lib/kernel/typespec.ex", line: 239]}, {:elixir_erl, :compile, 1, [file: ~c"src/elixir_erl.erl", line: 155]}], {:defmodule, [end_of_expression: [newlines: 1, line: 6, column: 4], do: [line: 1, column: 17], end: [line: 6, column: 1], line: 1, column: 1], [{:__aliases__, [last: [line: 1, column: 11], line: 1, column: 11], [:Piece]}, [do: {:__block__, [], [{:defstruct, [end_of_expression: [newlines: 2, line: 2, column: 46], line: 2, column: 3], [[name: nil, cells: [], cornres: []]]}, {:@, [end_of_expression: [newlines: 1, line: 4, column: 45], line: 4, column: 3], [{:type, [line: 4, column: 4], [{:"::", [line: 4, column: 20], [{:coordinate, [line: 4, column: 9], nil}, {{:integer, [closing: [line: 4, column: 32], line: 4, column: 24], []}, {:integer, [closing: [line: 4, column: 43], line: 4, column: 35], []}}]}]}]}, {:@, [end_of_expression: [newlines: 1, line: 5, column: 88], line: 5, column: 3], [{:type, [line: 5, column: 4], [{:"::", [line: 5, column: 11], [{:t, [line: 5, column: 9], nil}, {:%, [line: 5, column: 14], [{:__MODULE__, [line: 5, ...], nil}, {:%{}, [...], ...}]}]}]}]}]}]]}], [file: ~c"lib/engine/build/error.ex", line: 94]}, {XPEngine.Build.Document.Compilers.Quoted, :do_compile, 2, [file: ~c"lib/engine/build/document/compilers/quoted.ex", line: 49]}, {XPEngine.Build.Document.Compilers.Quoted, :compile, 3, [file: ~c"lib/engine/build/document/compilers/quoted.ex", line: 22]}, {XPEngine.Build.Isolation, :"-invoke/1-fun-0-", 2, [file: ~c"lib/engine/build/isolation.ex", line: 12]}], nil], [file: ~c"lib/engine/build/error.ex", line: 94]}, {XPEngine.Build.Document, :compile, 1, [file: ~c"lib/engine/build/document.ex", line: 18]}, {Mix.Project, :in_project, 4, [file: ~c"lib/mix/project.ex", line: 557]}, {File, :cd!, 2, [file: ~c"lib/file.ex", line: 2007]}, {XPEngine.Mix, :"-in_project/2-fun-0-", 3, [file: ~c"lib/engine/mix.ex", line: 27]}, {:global, :trans, 4, [file: ~c"global.erl", line: 703]}, {:timer, :tc, 2, [file: ~c"timer.erl", line: 599]}, {XPEngine.Build.State, :"-compile_file/2-fun-3-", 3, [file: ~c"lib/engine/build/state.ex", line: 137]}]}
16:33:45.641 [debug] sent notification server -> client textDocument/publishDiagnostics
16:33:45.720 [debug] handled notification client -> server textDocument/didChange in 976µs
16:33:45.791 [error] Invalid diagnostic: {:exception, {%FunctionClauseError{module: XPEngine.Build.Error, function: :error_to_diagnostic, arity: 4, kind: nil, args: [#XPForge.Document<path: "/home/travis/Documents/Courses/Term 4/COMP 4959 - Selected Applications of Programming Paradigms/Project/bloc_the_line/lib/bloc_the_line/game/piece.ex", version: 206, dirty?: true, lines: %Lines<"defmodule Piece do..."(6 lines)>, ...>, :function_clause, [{XPEngine.Build.Error, :error_to_diagnostic, [#XPForge.Document<path: "/home/travis/Documents/Courses/Term 4/COMP 4959 - Selected Applications of Programming Paradigms/Project/bloc_the_line/lib/bloc_the_line/game/piece.ex", version: 206, dirty?: true, lines: %Lines<"defmodule Piece do..."(6 lines)>, ...>, %Kernel.TypespecError{file: "/home/travis/Documents/Courses/Term 4/COMP 4959 - Selected Applications of Programming Paradigms/Project/bloc_the_line/lib/bloc_the_line/game/piece.ex", line: 5, description: "undefined field :corners on struct Piece"}, [{Kernel.Typespec, :compile_error, 2, [file: ~c"lib/kernel/typespec.ex", line: 992]}, {:lists, :foreach_1, 2, [file: ~c"lists.erl", line: 2641]}, {Kernel.Typespec, :typespec, 4, [file: ~c"lib/kernel/typespec.ex", line: 617]}, {Kernel.Typespec, :translate_type, 2, [file: ~c"lib/kernel/typespec.ex", line: 312]}, {:lists, :mapfoldl_1, 3, [file: ~c"lists.erl", line: 2673]}, {:lists, :mapfoldl_1, 3, [file: ~c"lists.erl", line: 2674]}, {Kernel.Typespec, :translate_typespecs_for_module, 2, [file: ~c"lib/kernel/typespec.ex", line: 239]}, {:elixir_erl, :compile, 1, [file: ~c"src/elixir_erl.erl", line: 155]}], {:defmodule, [end_of_expression: [newlines: 1, line: 6, column: 4], do: [line: 1, column: 17], end: [line: 6, column: 1], line: 1, column: 1], [{:__aliases__, [last: [line: 1, column: 11], line: 1, column: 11], [:Piece]}, [do: {:__block__, [], [{:defstruct, [end_of_expression: [newlines: 2, line: 2, column: 46], line: 2, column: 3], [[name: nil, cells: [], cornres: []]]}, {:@, [end_of_expression: [newlines: 1, line: 4, column: 45], line: 4, column: 3], [{:type, [line: 4, column: 4], [{:"::", [line: 4, column: 20], [{:coordinate, [line: 4, column: 9], nil}, {{:integer, [closing: [line: 4, column: 32], line: 4, column: 24], []}, {:integer, [closing: [line: 4, column: 43], line: 4, column: 35], []}}]}]}]}, {:@, [end_of_expression: [newlines: 1, line: 5, column: 90], line: 5, column: 3], [{:type, [line: 5, column: 4], [{:"::", [line: 5, column: 11], [{:t, [line: 5, column: 9], nil}, {:%, [line: 5, column: 14], [{:__MODULE__, [...], ...}, {:%{}, ...}]}]}]}]}]}]]}], [file: ~c"lib/engine/build/error.ex", line: 94]}, {XPEngine.Build.Document.Compilers.Quoted, :do_compile, 2, [file: ~c"lib/engine/build/document/compilers/quoted.ex", line: 49]}, {XPEngine.Build.Document.Compilers.Quoted, :compile, 3, [file: ~c"lib/engine/build/document/compilers/quoted.ex", line: 22]}, {XPEngine.Build.Isolation, :"-invoke/1-fun-0-", 2, [file: ~c"lib/engine/build/isolation.ex", line: 12]}], nil], clauses: nil}, [{XPEngine.Build.Error, :error_to_diagnostic, 4, [file: ~c"lib/engine/build/error.ex", line: 94]}, {XPEngine.Build.Document, :compile, 1, [file: ~c"lib/engine/build/document.ex", line: 18]}, {Mix.Project, :in_project, 4, [file: ~c"lib/mix/project.ex", line: 557]}, {File, :cd!, 2, [file: ~c"lib/file.ex", line: 2007]}, {XPEngine.Mix, :"-in_project/2-fun-0-", 3, [file: ~c"lib/engine/mix.ex", line: 27]}, {:global, :trans, 4, [file: ~c"global.erl", line: 703]}, {:timer, :tc, 2, [file: ~c"timer.erl", line: 599]}, {XPEngine.Build.State, :"-compile_file/2-fun-3-", 3, [file: ~c"lib/engine/build/state.ex", line: 137]}]}, [{XPEngine.Build.Error, :error_to_diagnostic, [#XPForge.Document<path: "/home/travis/Documents/Courses/Term 4/COMP 4959 - Selected Applications of Programming Paradigms/Project/bloc_the_line/lib/bloc_the_line/game/piece.ex", version: 206, dirty?: true, lines: %Lines<"defmodule Piece do..."(6 lines)>, ...>, :function_clause, [{XPEngine.Build.Error, :error_to_diagnostic, [#XPForge.Document<path: "/home/travis/Documents/Courses/Term 4/COMP 4959 - Selected Applications of Programming Paradigms/Project/bloc_the_line/lib/bloc_the_line/game/piece.ex", version: 206, dirty?: true, lines: %Lines<"defmodule Piece do..."(6 lines)>, ...>, %Kernel.TypespecError{file: "/home/travis/Documents/Courses/Term 4/COMP 4959 - Selected Applications of Programming Paradigms/Project/bloc_the_line/lib/bloc_the_line/game/piece.ex", line: 5, description: "undefined field :corners on struct Piece"}, [{Kernel.Typespec, :compile_error, 2, [file: ~c"lib/kernel/typespec.ex", line: 992]}, {:lists, :foreach_1, 2, [file: ~c"lists.erl", line: 2641]}, {Kernel.Typespec, :typespec, 4, [file: ~c"lib/kernel/typespec.ex", line: 617]}, {Kernel.Typespec, :translate_type, 2, [file: ~c"lib/kernel/typespec.ex", line: 312]}, {:lists, :mapfoldl_1, 3, [file: ~c"lists.erl", line: 2673]}, {:lists, :mapfoldl_1, 3, [file: ~c"lists.erl", line: 2674]}, {Kernel.Typespec, :translate_typespecs_for_module, 2, [file: ~c"lib/kernel/typespec.ex", line: 239]}, {:elixir_erl, :compile, 1, [file: ~c"src/elixir_erl.erl", line: 155]}], {:defmodule, [end_of_expression: [newlines: 1, line: 6, column: 4], do: [line: 1, column: 17], end: [line: 6, column: 1], line: 1, column: 1], [{:__aliases__, [last: [line: 1, column: 11], line: 1, column: 11], [:Piece]}, [do: {:__block__, [], [{:defstruct, [end_of_expression: [newlines: 2, line: 2, column: 46], line: 2, column: 3], [[name: nil, cells: [], cornres: []]]}, {:@, [end_of_expression: [newlines: 1, line: 4, column: 45], line: 4, column: 3], [{:type, [line: 4, column: 4], [{:"::", [line: 4, column: 20], [{:coordinate, [line: 4, column: 9], nil}, {{:integer, [closing: [line: 4, column: 32], line: 4, column: 24], []}, {:integer, [closing: [line: 4, column: 43], line: 4, column: 35], []}}]}]}]}, {:@, [end_of_expression: [newlines: 1, line: 5, column: 90], line: 5, column: 3], [{:type, [line: 5, column: 4], [{:"::", [line: 5, column: 11], [{:t, [line: 5, column: 9], nil}, {:%, [line: 5, column: 14], [{:__MODULE__, [line: 5, ...], nil}, {:%{}, [...], ...}]}]}]}]}]}]]}], [file: ~c"lib/engine/build/error.ex", line: 94]}, {XPEngine.Build.Document.Compilers.Quoted, :do_compile, 2, [file: ~c"lib/engine/build/document/compilers/quoted.ex", line: 49]}, {XPEngine.Build.Document.Compilers.Quoted, :compile, 3, [file: ~c"lib/engine/build/document/compilers/quoted.ex", line: 22]}, {XPEngine.Build.Isolation, :"-invoke/1-fun-0-", 2, [file: ~c"lib/engine/build/isolation.ex", line: 12]}], nil], [file: ~c"lib/engine/build/error.ex", line: 94]}, {XPEngine.Build.Document, :compile, 1, [file: ~c"lib/engine/build/document.ex", line: 18]}, {Mix.Project, :in_project, 4, [file: ~c"lib/mix/project.ex", line: 557]}, {File, :cd!, 2, [file: ~c"lib/file.ex", line: 2007]}, {XPEngine.Mix, :"-in_project/2-fun-0-", 3, [file: ~c"lib/engine/mix.ex", line: 27]}, {:global, :trans, 4, [file: ~c"global.erl", line: 703]}, {:timer, :tc, 2, [file: ~c"timer.erl", line: 599]}, {XPEngine.Build.State, :"-compile_file/2-fun-3-", 3, [file: ~c"lib/engine/build/state.ex", line: 137]}]}
16:33:45.791 [debug] sent notification server -> client textDocument/publishDiagnostics
16:33:45.869 [debug] handled notification client -> server textDocument/didChange in 903µs
16:33:45.937 [error] Invalid diagnostic: {:exception, {%FunctionClauseError{module: XPEngine.Build.Error, function: :error_to_diagnostic, arity: 4, kind: nil, args: [#XPForge.Document<path: "/home/travis/Documents/Courses/Term 4/COMP 4959 - Selected Applications of Programming Paradigms/Project/bloc_the_line/lib/bloc_the_line/game/piece.ex", version: 207, dirty?: true, lines: %Lines<"defmodule Piece do..."(6 lines)>, ...>, :function_clause, [{XPEngine.Build.Error, :error_to_diagnostic, [#XPForge.Document<path: "/home/travis/Documents/Courses/Term 4/COMP 4959 - Selected Applications of Programming Paradigms/Project/bloc_the_line/lib/bloc_the_line/game/piece.ex", version: 207, dirty?: true, lines: %Lines<"defmodule Piece do..."(6 lines)>, ...>, %Kernel.TypespecError{file: "/home/travis/Documents/Courses/Term 4/COMP 4959 - Selected Applications of Programming Paradigms/Project/bloc_the_line/lib/bloc_the_line/game/piece.ex", line: 5, description: "undefined field :corners on struct Piece"}, [{Kernel.Typespec, :compile_error, 2, [file: ~c"lib/kernel/typespec.ex", line: 992]}, {:lists, :foreach_1, 2, [file: ~c"lists.erl", line: 2641]}, {Kernel.Typespec, :typespec, 4, [file: ~c"lib/kernel/typespec.ex", line: 617]}, {Kernel.Typespec, :translate_type, 2, [file: ~c"lib/kernel/typespec.ex", line: 312]}, {:lists, :mapfoldl_1, 3, [file: ~c"lists.erl", line: 2673]}, {:lists, :mapfoldl_1, 3, [file: ~c"lists.erl", line: 2674]}, {Kernel.Typespec, :translate_typespecs_for_module, 2, [file: ~c"lib/kernel/typespec.ex", line: 239]}, {:elixir_erl, :compile, 1, [file: ~c"src/elixir_erl.erl", line: 155]}], {:defmodule, [end_of_expression: [newlines: 1, line: 6, column: 4], do: [line: 1, column: 17], end: [line: 6, column: 1], line: 1, column: 1], [{:__aliases__, [last: [line: 1, column: 11], line: 1, column: 11], [:Piece]}, [do: {:__block__, [], [{:defstruct, [end_of_expression: [newlines: 2, line: 2, column: 46], line: 2, column: 3], [[name: nil, cells: [], cornres: []]]}, {:@, [end_of_expression: [newlines: 1, line: 4, column: 45], line: 4, column: 3], [{:type, [line: 4, column: 4], [{:"::", [line: 4, column: 20], [{:coordinate, [line: 4, column: 9], nil}, {{:integer, [closing: [line: 4, column: 32], line: 4, column: 24], []}, {:integer, [closing: [line: 4, column: 43], line: 4, column: 35], []}}]}]}]}, {:@, [end_of_expression: [newlines: 1, line: 5, column: 91], line: 5, column: 3], [{:type, [line: 5, column: 4], [{:"::", [line: 5, column: 11], [{:t, [line: 5, column: 9], nil}, {:%, [line: 5, column: 14], [{:__MODULE__, [...], ...}, {:%{}, ...}]}]}]}]}]}]]}], [file: ~c"lib/engine/build/error.ex", line: 94]}, {XPEngine.Build.Document.Compilers.Quoted, :do_compile, 2, [file: ~c"lib/engine/build/document/compilers/quoted.ex", line: 49]}, {XPEngine.Build.Document.Compilers.Quoted, :compile, 3, [file: ~c"lib/engine/build/document/compilers/quoted.ex", line: 22]}, {XPEngine.Build.Isolation, :"-invoke/1-fun-0-", 2, [file: ~c"lib/engine/build/isolation.ex", line: 12]}], nil], clauses: nil}, [{XPEngine.Build.Error, :error_to_diagnostic, 4, [file: ~c"lib/engine/build/error.ex", line: 94]}, {XPEngine.Build.Document, :compile, 1, [file: ~c"lib/engine/build/document.ex", line: 18]}, {Mix.Project, :in_project, 4, [file: ~c"lib/mix/project.ex", line: 557]}, {File, :cd!, 2, [file: ~c"lib/file.ex", line: 2007]}, {XPEngine.Mix, :"-in_project/2-fun-0-", 3, [file: ~c"lib/engine/mix.ex", line: 27]}, {:global, :trans, 4, [file: ~c"global.erl", line: 703]}, {:timer, :tc, 2, [file: ~c"timer.erl", line: 599]}, {XPEngine.Build.State, :"-compile_file/2-fun-3-", 3, [file: ~c"lib/engine/build/state.ex", line: 137]}]}, [{XPEngine.Build.Error, :error_to_diagnostic, [#XPForge.Document<path: "/home/travis/Documents/Courses/Term 4/COMP 4959 - Selected Applications of Programming Paradigms/Project/bloc_the_line/lib/bloc_the_line/game/piece.ex", version: 207, dirty?: true, lines: %Lines<"defmodule Piece do..."(6 lines)>, ...>, :function_clause, [{XPEngine.Build.Error, :error_to_diagnostic, [#XPForge.Document<path: "/home/travis/Documents/Courses/Term 4/COMP 4959 - Selected Applications of Programming Paradigms/Project/bloc_the_line/lib/bloc_the_line/game/piece.ex", version: 207, dirty?: true, lines: %Lines<"defmodule Piece do..."(6 lines)>, ...>, %Kernel.TypespecError{file: "/home/travis/Documents/Courses/Term 4/COMP 4959 - Selected Applications of Programming Paradigms/Project/bloc_the_line/lib/bloc_the_line/game/piece.ex", line: 5, description: "undefined field :corners on struct Piece"}, [{Kernel.Typespec, :compile_error, 2, [file: ~c"lib/kernel/typespec.ex", line: 992]}, {:lists, :foreach_1, 2, [file: ~c"lists.erl", line: 2641]}, {Kernel.Typespec, :typespec, 4, [file: ~c"lib/kernel/typespec.ex", line: 617]}, {Kernel.Typespec, :translate_type, 2, [file: ~c"lib/kernel/typespec.ex", line: 312]}, {:lists, :mapfoldl_1, 3, [file: ~c"lists.erl", line: 2673]}, {:lists, :mapfoldl_1, 3, [file: ~c"lists.erl", line: 2674]}, {Kernel.Typespec, :translate_typespecs_for_module, 2, [file: ~c"lib/kernel/typespec.ex", line: 239]}, {:elixir_erl, :compile, 1, [file: ~c"src/elixir_erl.erl", line: 155]}], {:defmodule, [end_of_expression: [newlines: 1, line: 6, column: 4], do: [line: 1, column: 17], end: [line: 6, column: 1], line: 1, column: 1], [{:__aliases__, [last: [line: 1, column: 11], line: 1, column: 11], [:Piece]}, [do: {:__block__, [], [{:defstruct, [end_of_expression: [newlines: 2, line: 2, column: 46], line: 2, column: 3], [[name: nil, cells: [], cornres: []]]}, {:@, [end_of_expression: [newlines: 1, line: 4, column: 45], line: 4, column: 3], [{:type, [line: 4, column: 4], [{:"::", [line: 4, column: 20], [{:coordinate, [line: 4, column: 9], nil}, {{:integer, [closing: [line: 4, column: 32], line: 4, column: 24], []}, {:integer, [closing: [line: 4, column: 43], line: 4, column: 35], []}}]}]}]}, {:@, [end_of_expression: [newlines: 1, line: 5, column: 91], line: 5, column: 3], [{:type, [line: 5, column: 4], [{:"::", [line: 5, column: 11], [{:t, [line: 5, column: 9], nil}, {:%, [line: 5, column: 14], [{:__MODULE__, [line: 5, ...], nil}, {:%{}, [...], ...}]}]}]}]}]}]]}], [file: ~c"lib/engine/build/error.ex", line: 94]}, {XPEngine.Build.Document.Compilers.Quoted, :do_compile, 2, [file: ~c"lib/engine/build/document/compilers/quoted.ex", line: 49]}, {XPEngine.Build.Document.Compilers.Quoted, :compile, 3, [file: ~c"lib/engine/build/document/compilers/quoted.ex", line: 22]}, {XPEngine.Build.Isolation, :"-invoke/1-fun-0-", 2, [file: ~c"lib/engine/build/isolation.ex", line: 12]}], nil], [file: ~c"lib/engine/build/error.ex", line: 94]}, {XPEngine.Build.Document, :compile, 1, [file: ~c"lib/engine/build/document.ex", line: 18]}, {Mix.Project, :in_project, 4, [file: ~c"lib/mix/project.ex", line: 557]}, {File, :cd!, 2, [file: ~c"lib/file.ex", line: 2007]}, {XPEngine.Mix, :"-in_project/2-fun-0-", 3, [file: ~c"lib/engine/mix.ex", line: 27]}, {:global, :trans, 4, [file: ~c"global.erl", line: 703]}, {:timer, :tc, 2, [file: ~c"timer.erl", line: 599]}, {XPEngine.Build.State, :"-compile_file/2-fun-3-", 3, [file: ~c"lib/engine/build/state.ex", line: 137]}]}
16:33:45.937 [debug] sent notification server -> client textDocument/publishDiagnostics
16:33:46.038 [debug] handled notification client -> server textDocument/didChange in 953µs
16:33:46.089 [debug] sent notification server -> client textDocument/publishDiagnostics
16:33:46.186 [debug] handled notification client -> server textDocument/didChange in 1ms
16:33:46.261 [error] Invalid diagnostic: {:exception, {%FunctionClauseError{module: XPEngine.Build.Error, function: :error_to_diagnostic, arity: 4, kind: nil, args: [#XPForge.Document<path: "/home/travis/Documents/Courses/Term 4/COMP 4959 - Selected Applications of Programming Paradigms/Project/bloc_the_line/lib/bloc_the_line/game/piece.ex", version: 209, dirty?: true, lines: %Lines<"defmodule Piece do..."(6 lines)>, ...>, :function_clause, [{XPEngine.Build.Error, :error_to_diagnostic, [#XPForge.Document<path: "/home/travis/Documents/Courses/Term 4/COMP 4959 - Selected Applications of Programming Paradigms/Project/bloc_the_line/lib/bloc_the_line/game/piece.ex", version: 209, dirty?: true, lines: %Lines<"defmodule Piece do..."(6 lines)>, ...>, %Kernel.TypespecError{file: "/home/travis/Documents/Courses/Term 4/COMP 4959 - Selected Applications of Programming Paradigms/Project/bloc_the_line/lib/bloc_the_line/game/piece.ex", line: 5, description: "undefined field :corners on struct Piece"}, [{Kernel.Typespec, :compile_error, 2, [file: ~c"lib/kernel/typespec.ex", line: 992]}, {:lists, :foreach_1, 2, [file: ~c"lists.erl", line: 2641]}, {Kernel.Typespec, :typespec, 4, [file: ~c"lib/kernel/typespec.ex", line: 617]}, {Kernel.Typespec, :translate_type, 2, [file: ~c"lib/kernel/typespec.ex", line: 312]}, {:lists, :mapfoldl_1, 3, [file: ~c"lists.erl", line: 2673]}, {:lists, :mapfoldl_1, 3, [file: ~c"lists.erl", line: 2674]}, {Kernel.Typespec, :translate_typespecs_for_module, 2, [file: ~c"lib/kernel/typespec.ex", line: 239]}, {:elixir_erl, :compile, 1, [file: ~c"src/elixir_erl.erl", line: 155]}], {:defmodule, [end_of_expression: [newlines: 1, line: 6, column: 4], do: [line: 1, column: 17], end: [line: 6, column: 1], line: 1, column: 1], [{:__aliases__, [last: [line: 1, column: 11], line: 1, column: 11], [:Piece]}, [do: {:__block__, [], [{:defstruct, [end_of_expression: [newlines: 2, line: 2, column: 46], line: 2, column: 3], [[name: nil, cells: [], cornres: []]]}, {:@, [end_of_expression: [newlines: 1, line: 4, column: 45], line: 4, column: 3], [{:type, [line: 4, column: 4], [{:"::", [line: 4, column: 20], [{:coordinate, [line: 4, column: 9], nil}, {{:integer, [closing: [line: 4, column: 32], line: 4, column: 24], []}, {:integer, [closing: [line: 4, column: 43], line: 4, column: 35], []}}]}]}]}, {:@, [end_of_expression: [newlines: 1, line: 5, column: 93], line: 5, column: 3], [{:type, [line: 5, column: 4], [{:"::", [line: 5, column: 11], [{:t, [line: 5, column: 9], nil}, {:%, [line: 5, column: 14], [{:__MODULE__, [...], ...}, {:%{}, ...}]}]}]}]}]}]]}], [file: ~c"lib/engine/build/error.ex", line: 94]}, {XPEngine.Build.Document.Compilers.Quoted, :do_compile, 2, [file: ~c"lib/engine/build/document/compilers/quoted.ex", line: 49]}, {XPEngine.Build.Document.Compilers.Quoted, :compile, 3, [file: ~c"lib/engine/build/document/compilers/quoted.ex", line: 22]}, {XPEngine.Build.Isolation, :"-invoke/1-fun-0-", 2, [file: ~c"lib/engine/build/isolation.ex", line: 12]}], nil], clauses: nil}, [{XPEngine.Build.Error, :error_to_diagnostic, 4, [file: ~c"lib/engine/build/error.ex", line: 94]}, {XPEngine.Build.Document, :compile, 1, [file: ~c"lib/engine/build/document.ex", line: 18]}, {Mix.Project, :in_project, 4, [file: ~c"lib/mix/project.ex", line: 557]}, {File, :cd!, 2, [file: ~c"lib/file.ex", line: 2007]}, {XPEngine.Mix, :"-in_project/2-fun-0-", 3, [file: ~c"lib/engine/mix.ex", line: 27]}, {:global, :trans, 4, [file: ~c"global.erl", line: 703]}, {:timer, :tc, 2, [file: ~c"timer.erl", line: 599]}, {XPEngine.Build.State, :"-compile_file/2-fun-3-", 3, [file: ~c"lib/engine/build/state.ex", line: 137]}]}, [{XPEngine.Build.Error, :error_to_diagnostic, [#XPForge.Document<path: "/home/travis/Documents/Courses/Term 4/COMP 4959 - Selected Applications of Programming Paradigms/Project/bloc_the_line/lib/bloc_the_line/game/piece.ex", version: 209, dirty?: true, lines: %Lines<"defmodule Piece do..."(6 lines)>, ...>, :function_clause, [{XPEngine.Build.Error, :error_to_diagnostic, [#XPForge.Document<path: "/home/travis/Documents/Courses/Term 4/COMP 4959 - Selected Applications of Programming Paradigms/Project/bloc_the_line/lib/bloc_the_line/game/piece.ex", version: 209, dirty?: true, lines: %Lines<"defmodule Piece do..."(6 lines)>, ...>, %Kernel.TypespecError{file: "/home/travis/Documents/Courses/Term 4/COMP 4959 - Selected Applications of Programming Paradigms/Project/bloc_the_line/lib/bloc_the_line/game/piece.ex", line: 5, description: "undefined field :corners on struct Piece"}, [{Kernel.Typespec, :compile_error, 2, [file: ~c"lib/kernel/typespec.ex", line: 992]}, {:lists, :foreach_1, 2, [file: ~c"lists.erl", line: 2641]}, {Kernel.Typespec, :typespec, 4, [file: ~c"lib/kernel/typespec.ex", line: 617]}, {Kernel.Typespec, :translate_type, 2, [file: ~c"lib/kernel/typespec.ex", line: 312]}, {:lists, :mapfoldl_1, 3, [file: ~c"lists.erl", line: 2673]}, {:lists, :mapfoldl_1, 3, [file: ~c"lists.erl", line: 2674]}, {Kernel.Typespec, :translate_typespecs_for_module, 2, [file: ~c"lib/kernel/typespec.ex", line: 239]}, {:elixir_erl, :compile, 1, [file: ~c"src/elixir_erl.erl", line: 155]}], {:defmodule, [end_of_expression: [newlines: 1, line: 6, column: 4], do: [line: 1, column: 17], end: [line: 6, column: 1], line: 1, column: 1], [{:__aliases__, [last: [line: 1, column: 11], line: 1, column: 11], [:Piece]}, [do: {:__block__, [], [{:defstruct, [end_of_expression: [newlines: 2, line: 2, column: 46], line: 2, column: 3], [[name: nil, cells: [], cornres: []]]}, {:@, [end_of_expression: [newlines: 1, line: 4, column: 45], line: 4, column: 3], [{:type, [line: 4, column: 4], [{:"::", [line: 4, column: 20], [{:coordinate, [line: 4, column: 9], nil}, {{:integer, [closing: [line: 4, column: 32], line: 4, column: 24], []}, {:integer, [closing: [line: 4, column: 43], line: 4, column: 35], []}}]}]}]}, {:@, [end_of_expression: [newlines: 1, line: 5, column: 93], line: 5, column: 3], [{:type, [line: 5, column: 4], [{:"::", [line: 5, column: 11], [{:t, [line: 5, column: 9], nil}, {:%, [line: 5, column: 14], [{:__MODULE__, [line: 5, ...], nil}, {:%{}, [...], ...}]}]}]}]}]}]]}], [file: ~c"lib/engine/build/error.ex", line: 94]}, {XPEngine.Build.Document.Compilers.Quoted, :do_compile, 2, [file: ~c"lib/engine/build/document/compilers/quoted.ex", line: 49]}, {XPEngine.Build.Document.Compilers.Quoted, :compile, 3, [file: ~c"lib/engine/build/document/compilers/quoted.ex", line: 22]}, {XPEngine.Build.Isolation, :"-invoke/1-fun-0-", 2, [file: ~c"lib/engine/build/isolation.ex", line: 12]}], nil], [file: ~c"lib/engine/build/error.ex", line: 94]}, {XPEngine.Build.Document, :compile, 1, [file: ~c"lib/engine/build/document.ex", line: 18]}, {Mix.Project, :in_project, 4, [file: ~c"lib/mix/project.ex", line: 557]}, {File, :cd!, 2, [file: ~c"lib/file.ex", line: 2007]}, {XPEngine.Mix, :"-in_project/2-fun-0-", 3, [file: ~c"lib/engine/mix.ex", line: 27]}, {:global, :trans, 4, [file: ~c"global.erl", line: 703]}, {:timer, :tc, 2, [file: ~c"timer.erl", line: 599]}, {XPEngine.Build.State, :"-compile_file/2-fun-3-", 3, [file: ~c"lib/engine/build/state.ex", line: 137]}]}
16:33:46.261 [debug] sent notification server -> client textDocument/publishDiagnostics
16:33:48.139 [debug] handled notification client -> server textDocument/didChange in 2ms
16:33:48.190 [debug] sent notification server -> client textDocument/publishDiagnostics
16:33:48.429 [debug] handled notification client -> server textDocument/didChange in 930µs
16:33:48.431 [info] Completion for XpPos<<5, 85>>
16:33:48.461 [info] Local completions are: [behaviour: (Module)   exception: (MatchError, MismatchedDelimiterError, MissingApplicationsError)   module: (MIME, Macro, Map, Mint, Mix)   struct: (MapSet)   ]
16:33:48.463 [info] Emitting Completions: [9:MIME 9:Macro 9:Map 9:Mint 9:Mix ]
16:33:48.463 [debug] handled request client -> server textDocument/completion in 33ms
16:33:48.494 [error] Invalid diagnostic: {:exception, {%FunctionClauseError{module: XPEngine.Build.Error, function: :error_to_diagnostic, arity: 4, kind: nil, args: [#XPForge.Document<path: "/home/travis/Documents/Courses/Term 4/COMP 4959 - Selected Applications of Programming Paradigms/Project/bloc_the_line/lib/bloc_the_line/game/piece.ex", version: 211, dirty?: true, lines: %Lines<"defmodule Piece do..."(6 lines)>, ...>, :function_clause, [{XPEngine.Build.Error, :error_to_diagnostic, [#XPForge.Document<path: "/home/travis/Documents/Courses/Term 4/COMP 4959 - Selected Applications of Programming Paradigms/Project/bloc_the_line/lib/bloc_the_line/game/piece.ex", version: 211, dirty?: true, lines: %Lines<"defmodule Piece do..."(6 lines)>, ...>, %Kernel.TypespecError{file: "/home/travis/Documents/Courses/Term 4/COMP 4959 - Selected Applications of Programming Paradigms/Project/bloc_the_line/lib/bloc_the_line/game/piece.ex", line: 5, description: "undefined field :corners on struct Piece"}, [{Kernel.Typespec, :compile_error, 2, [file: ~c"lib/kernel/typespec.ex", line: 992]}, {:lists, :foreach_1, 2, [file: ~c"lists.erl", line: 2641]}, {Kernel.Typespec, :typespec, 4, [file: ~c"lib/kernel/typespec.ex", line: 617]}, {Kernel.Typespec, :translate_type, 2, [file: ~c"lib/kernel/typespec.ex", line: 312]}, {:lists, :mapfoldl_1, 3, [file: ~c"lists.erl", line: 2673]}, {:lists, :mapfoldl_1, 3, [file: ~c"lists.erl", line: 2674]}, {Kernel.Typespec, :translate_typespecs_for_module, 2, [file: ~c"lib/kernel/typespec.ex", line: 239]}, {:elixir_erl, :compile, 1, [file: ~c"src/elixir_erl.erl", line: 155]}], {:defmodule, [end_of_expression: [newlines: 1, line: 6, column: 4], do: [line: 1, column: 17], end: [line: 6, column: 1], line: 1, column: 1], [{:__aliases__, [last: [line: 1, column: 11], line: 1, column: 11], [:Piece]}, [do: {:__block__, [], [{:defstruct, [end_of_expression: [newlines: 2, line: 2, column: 46], line: 2, column: 3], [[name: nil, cells: [], cornres: []]]}, {:@, [end_of_expression: [newlines: 1, line: 4, column: 45], line: 4, column: 3], [{:type, [line: 4, column: 4], [{:"::", [line: 4, column: 20], [{:coordinate, [line: 4, column: 9], nil}, {{:integer, [closing: [line: 4, column: 32], line: 4, column: 24], []}, {:integer, [closing: [line: 4, column: 43], line: 4, column: 35], []}}]}]}]}, {:@, [end_of_expression: [newlines: 1, line: 5, column: 90], line: 5, column: 3], [{:type, [line: 5, column: 4], [{:"::", [line: 5, column: 11], [{:t, [line: 5, column: 9], nil}, {:%, [line: 5, column: 14], [{:__MODULE__, [...], ...}, {:%{}, ...}]}]}]}]}]}]]}], [file: ~c"lib/engine/build/error.ex", line: 94]}, {XPEngine.Build.Document.Compilers.Quoted, :do_compile, 2, [file: ~c"lib/engine/build/document/compilers/quoted.ex", line: 49]}, {XPEngine.Build.Document.Compilers.Quoted, :compile, 3, [file: ~c"lib/engine/build/document/compilers/quoted.ex", line: 22]}, {XPEngine.Build.Isolation, :"-invoke/1-fun-0-", 2, [file: ~c"lib/engine/build/isolation.ex", line: 12]}], nil], clauses: nil}, [{XPEngine.Build.Error, :error_to_diagnostic, 4, [file: ~c"lib/engine/build/error.ex", line: 94]}, {XPEngine.Build.Document, :compile, 1, [file: ~c"lib/engine/build/document.ex", line: 18]}, {Mix.Project, :in_project, 4, [file: ~c"lib/mix/project.ex", line: 557]}, {File, :cd!, 2, [file: ~c"lib/file.ex", line: 2007]}, {XPEngine.Mix, :"-in_project/2-fun-0-", 3, [file: ~c"lib/engine/mix.ex", line: 27]}, {:global, :trans, 4, [file: ~c"global.erl", line: 703]}, {:timer, :tc, 2, [file: ~c"timer.erl", line: 599]}, {XPEngine.Build.State, :"-compile_file/2-fun-3-", 3, [file: ~c"lib/engine/build/state.ex", line: 137]}]}, [{XPEngine.Build.Error, :error_to_diagnostic, [#XPForge.Document<path: "/home/travis/Documents/Courses/Term 4/COMP 4959 - Selected Applications of Programming Paradigms/Project/bloc_the_line/lib/bloc_the_line/game/piece.ex", version: 211, dirty?: true, lines: %Lines<"defmodule Piece do..."(6 lines)>, ...>, :function_clause, [{XPEngine.Build.Error, :error_to_diagnostic, [#XPForge.Document<path: "/home/travis/Documents/Courses/Term 4/COMP 4959 - Selected Applications of Programming Paradigms/Project/bloc_the_line/lib/bloc_the_line/game/piece.ex", version: 211, dirty?: true, lines: %Lines<"defmodule Piece do..."(6 lines)>, ...>, %Kernel.TypespecError{file: "/home/travis/Documents/Courses/Term 4/COMP 4959 - Selected Applications of Programming Paradigms/Project/bloc_the_line/lib/bloc_the_line/game/piece.ex", line: 5, description: "undefined field :corners on struct Piece"}, [{Kernel.Typespec, :compile_error, 2, [file: ~c"lib/kernel/typespec.ex", line: 992]}, {:lists, :foreach_1, 2, [file: ~c"lists.erl", line: 2641]}, {Kernel.Typespec, :typespec, 4, [file: ~c"lib/kernel/typespec.ex", line: 617]}, {Kernel.Typespec, :translate_type, 2, [file: ~c"lib/kernel/typespec.ex", line: 312]}, {:lists, :mapfoldl_1, 3, [file: ~c"lists.erl", line: 2673]}, {:lists, :mapfoldl_1, 3, [file: ~c"lists.erl", line: 2674]}, {Kernel.Typespec, :translate_typespecs_for_module, 2, [file: ~c"lib/kernel/typespec.ex", line: 239]}, {:elixir_erl, :compile, 1, [file: ~c"src/elixir_erl.erl", line: 155]}], {:defmodule, [end_of_expression: [newlines: 1, line: 6, column: 4], do: [line: 1, column: 17], end: [line: 6, column: 1], line: 1, column: 1], [{:__aliases__, [last: [line: 1, column: 11], line: 1, column: 11], [:Piece]}, [do: {:__block__, [], [{:defstruct, [end_of_expression: [newlines: 2, line: 2, column: 46], line: 2, column: 3], [[name: nil, cells: [], cornres: []]]}, {:@, [end_of_expression: [newlines: 1, line: 4, column: 45], line: 4, column: 3], [{:type, [line: 4, column: 4], [{:"::", [line: 4, column: 20], [{:coordinate, [line: 4, column: 9], nil}, {{:integer, [closing: [line: 4, column: 32], line: 4, column: 24], []}, {:integer, [closing: [line: 4, column: 43], line: 4, column: 35], []}}]}]}]}, {:@, [end_of_expression: [newlines: 1, line: 5, column: 90], line: 5, column: 3], [{:type, [line: 5, column: 4], [{:"::", [line: 5, column: 11], [{:t, [line: 5, column: 9], nil}, {:%, [line: 5, column: 14], [{:__MODULE__, [line: 5, ...], nil}, {:%{}, [...], ...}]}]}]}]}]}]]}], [file: ~c"lib/engine/build/error.ex", line: 94]}, {XPEngine.Build.Document.Compilers.Quoted, :do_compile, 2, [file: ~c"lib/engine/build/document/compilers/quoted.ex", line: 49]}, {XPEngine.Build.Document.Compilers.Quoted, :compile, 3, [file: ~c"lib/engine/build/document/compilers/quoted.ex", line: 22]}, {XPEngine.Build.Isolation, :"-invoke/1-fun-0-", 2, [file: ~c"lib/engine/build/isolation.ex", line: 12]}], nil], [file: ~c"lib/engine/build/error.ex", line: 94]}, {XPEngine.Build.Document, :compile, 1, [file: ~c"lib/engine/build/document.ex", line: 18]}, {Mix.Project, :in_project, 4, [file: ~c"lib/mix/project.ex", line: 557]}, {File, :cd!, 2, [file: ~c"lib/file.ex", line: 2007]}, {XPEngine.Mix, :"-in_project/2-fun-0-", 3, [file: ~c"lib/engine/mix.ex", line: 27]}, {:global, :trans, 4, [file: ~c"global.erl", line: 703]}, {:timer, :tc, 2, [file: ~c"timer.erl", line: 599]}, {XPEngine.Build.State, :"-compile_file/2-fun-3-", 3, [file: ~c"lib/engine/build/state.ex", line: 137]}]}
16:33:48.494 [debug] sent notification server -> client textDocument/publishDiagnostics
16:33:48.655 [debug] handled notification client -> server textDocument/didChange in 981µs
16:33:48.725 [error] Invalid diagnostic: {:exception, {%FunctionClauseError{module: XPEngine.Build.Error, function: :error_to_diagnostic, arity: 4, kind: nil, args: [#XPForge.Document<path: "/home/travis/Documents/Courses/Term 4/COMP 4959 - Selected Applications of Programming Paradigms/Project/bloc_the_line/lib/bloc_the_line/game/piece.ex", version: 212, dirty?: true, lines: %Lines<"defmodule Piece do..."(6 lines)>, ...>, :function_clause, [{XPEngine.Build.Error, :error_to_diagnostic, [#XPForge.Document<path: "/home/travis/Documents/Courses/Term 4/COMP 4959 - Selected Applications of Programming Paradigms/Project/bloc_the_line/lib/bloc_the_line/game/piece.ex", version: 212, dirty?: true, lines: %Lines<"defmodule Piece do..."(6 lines)>, ...>, %Kernel.TypespecError{file: "/home/travis/Documents/Courses/Term 4/COMP 4959 - Selected Applications of Programming Paradigms/Project/bloc_the_line/lib/bloc_the_line/game/piece.ex", line: 5, description: "undefined field :corners on struct Piece"}, [{Kernel.Typespec, :compile_error, 2, [file: ~c"lib/kernel/typespec.ex", line: 992]}, {:lists, :foreach_1, 2, [file: ~c"lists.erl", line: 2641]}, {Kernel.Typespec, :typespec, 4, [file: ~c"lib/kernel/typespec.ex", line: 617]}, {Kernel.Typespec, :translate_type, 2, [file: ~c"lib/kernel/typespec.ex", line: 312]}, {:lists, :mapfoldl_1, 3, [file: ~c"lists.erl", line: 2673]}, {:lists, :mapfoldl_1, 3, [file: ~c"lists.erl", line: 2674]}, {Kernel.Typespec, :translate_typespecs_for_module, 2, [file: ~c"lib/kernel/typespec.ex", line: 239]}, {:elixir_erl, :compile, 1, [file: ~c"src/elixir_erl.erl", line: 155]}], {:defmodule, [end_of_expression: [newlines: 1, line: 6, column: 4], do: [line: 1, column: 17], end: [line: 6, column: 1], line: 1, column: 1], [{:__aliases__, [last: [line: 1, column: 11], line: 1, column: 11], [:Piece]}, [do: {:__block__, [], [{:defstruct, [end_of_expression: [newlines: 2, line: 2, column: 46], line: 2, column: 3], [[name: nil, cells: [], cornres: []]]}, {:@, [end_of_expression: [newlines: 1, line: 4, column: 45], line: 4, column: 3], [{:type, [line: 4, column: 4], [{:"::", [line: 4, column: 20], [{:coordinate, [line: 4, column: 9], nil}, {{:integer, [closing: [line: 4, column: 32], line: 4, column: 24], []}, {:integer, [closing: [line: 4, column: 43], line: 4, column: 35], []}}]}]}]}, {:@, [end_of_expression: [newlines: 1, line: 5, column: 91], line: 5, column: 3], [{:type, [line: 5, column: 4], [{:"::", [line: 5, column: 11], [{:t, [line: 5, column: 9], nil}, {:%, [line: 5, column: 14], [{:__MODULE__, [...], ...}, {:%{}, ...}]}]}]}]}]}]]}], [file: ~c"lib/engine/build/error.ex", line: 94]}, {XPEngine.Build.Document.Compilers.Quoted, :do_compile, 2, [file: ~c"lib/engine/build/document/compilers/quoted.ex", line: 49]}, {XPEngine.Build.Document.Compilers.Quoted, :compile, 3, [file: ~c"lib/engine/build/document/compilers/quoted.ex", line: 22]}, {XPEngine.Build.Isolation, :"-invoke/1-fun-0-", 2, [file: ~c"lib/engine/build/isolation.ex", line: 12]}], nil], clauses: nil}, [{XPEngine.Build.Error, :error_to_diagnostic, 4, [file: ~c"lib/engine/build/error.ex", line: 94]}, {XPEngine.Build.Document, :compile, 1, [file: ~c"lib/engine/build/document.ex", line: 18]}, {Mix.Project, :in_project, 4, [file: ~c"lib/mix/project.ex", line: 557]}, {File, :cd!, 2, [file: ~c"lib/file.ex", line: 2007]}, {XPEngine.Mix, :"-in_project/2-fun-0-", 3, [file: ~c"lib/engine/mix.ex", line: 27]}, {:global, :trans, 4, [file: ~c"global.erl", line: 703]}, {:timer, :tc, 2, [file: ~c"timer.erl", line: 599]}, {XPEngine.Build.State, :"-compile_file/2-fun-3-", 3, [file: ~c"lib/engine/build/state.ex", line: 137]}]}, [{XPEngine.Build.Error, :error_to_diagnostic, [#XPForge.Document<path: "/home/travis/Documents/Courses/Term 4/COMP 4959 - Selected Applications of Programming Paradigms/Project/bloc_the_line/lib/bloc_the_line/game/piece.ex", version: 212, dirty?: true, lines: %Lines<"defmodule Piece do..."(6 lines)>, ...>, :function_clause, [{XPEngine.Build.Error, :error_to_diagnostic, [#XPForge.Document<path: "/home/travis/Documents/Courses/Term 4/COMP 4959 - Selected Applications of Programming Paradigms/Project/bloc_the_line/lib/bloc_the_line/game/piece.ex", version: 212, dirty?: true, lines: %Lines<"defmodule Piece do..."(6 lines)>, ...>, %Kernel.TypespecError{file: "/home/travis/Documents/Courses/Term 4/COMP 4959 - Selected Applications of Programming Paradigms/Project/bloc_the_line/lib/bloc_the_line/game/piece.ex", line: 5, description: "undefined field :corners on struct Piece"}, [{Kernel.Typespec, :compile_error, 2, [file: ~c"lib/kernel/typespec.ex", line: 992]}, {:lists, :foreach_1, 2, [file: ~c"lists.erl", line: 2641]}, {Kernel.Typespec, :typespec, 4, [file: ~c"lib/kernel/typespec.ex", line: 617]}, {Kernel.Typespec, :translate_type, 2, [file: ~c"lib/kernel/typespec.ex", line: 312]}, {:lists, :mapfoldl_1, 3, [file: ~c"lists.erl", line: 2673]}, {:lists, :mapfoldl_1, 3, [file: ~c"lists.erl", line: 2674]}, {Kernel.Typespec, :translate_typespecs_for_module, 2, [file: ~c"lib/kernel/typespec.ex", line: 239]}, {:elixir_erl, :compile, 1, [file: ~c"src/elixir_erl.erl", line: 155]}], {:defmodule, [end_of_expression: [newlines: 1, line: 6, column: 4], do: [line: 1, column: 17], end: [line: 6, column: 1], line: 1, column: 1], [{:__aliases__, [last: [line: 1, column: 11], line: 1, column: 11], [:Piece]}, [do: {:__block__, [], [{:defstruct, [end_of_expression: [newlines: 2, line: 2, column: 46], line: 2, column: 3], [[name: nil, cells: [], cornres: []]]}, {:@, [end_of_expression: [newlines: 1, line: 4, column: 45], line: 4, column: 3], [{:type, [line: 4, column: 4], [{:"::", [line: 4, column: 20], [{:coordinate, [line: 4, column: 9], nil}, {{:integer, [closing: [line: 4, column: 32], line: 4, column: 24], []}, {:integer, [closing: [line: 4, column: 43], line: 4, column: 35], []}}]}]}]}, {:@, [end_of_expression: [newlines: 1, line: 5, column: 91], line: 5, column: 3], [{:type, [line: 5, column: 4], [{:"::", [line: 5, column: 11], [{:t, [line: 5, column: 9], nil}, {:%, [line: 5, column: 14], [{:__MODULE__, [line: 5, ...], nil}, {:%{}, [...], ...}]}]}]}]}]}]]}], [file: ~c"lib/engine/build/error.ex", line: 94]}, {XPEngine.Build.Document.Compilers.Quoted, :do_compile, 2, [file: ~c"lib/engine/build/document/compilers/quoted.ex", line: 49]}, {XPEngine.Build.Document.Compilers.Quoted, :compile, 3, [file: ~c"lib/engine/build/document/compilers/quoted.ex", line: 22]}, {XPEngine.Build.Isolation, :"-invoke/1-fun-0-", 2, [file: ~c"lib/engine/build/isolation.ex", line: 12]}], nil], [file: ~c"lib/engine/build/error.ex", line: 94]}, {XPEngine.Build.Document, :compile, 1, [file: ~c"lib/engine/build/document.ex", line: 18]}, {Mix.Project, :in_project, 4, [file: ~c"lib/mix/project.ex", line: 557]}, {File, :cd!, 2, [file: ~c"lib/file.ex", line: 2007]}, {XPEngine.Mix, :"-in_project/2-fun-0-", 3, [file: ~c"lib/engine/mix.ex", line: 27]}, {:global, :trans, 4, [file: ~c"global.erl", line: 703]}, {:timer, :tc, 2, [file: ~c"timer.erl", line: 599]}, {XPEngine.Build.State, :"-compile_file/2-fun-3-", 3, [file: ~c"lib/engine/build/state.ex", line: 137]}]}
16:33:48.726 [debug] sent notification server -> client textDocument/publishDiagnostics
16:33:48.804 [debug] handled notification client -> server textDocument/didChange in 761µs
16:33:48.879 [error] Invalid diagnostic: {:exception, {%FunctionClauseError{module: XPEngine.Build.Error, function: :error_to_diagnostic, arity: 4, kind: nil, args: [#XPForge.Document<path: "/home/travis/Documents/Courses/Term 4/COMP 4959 - Selected Applications of Programming Paradigms/Project/bloc_the_line/lib/bloc_the_line/game/piece.ex", version: 213, dirty?: true, lines: %Lines<"defmodule Piece do..."(6 lines)>, ...>, :function_clause, [{XPEngine.Build.Error, :error_to_diagnostic, [#XPForge.Document<path: "/home/travis/Documents/Courses/Term 4/COMP 4959 - Selected Applications of Programming Paradigms/Project/bloc_the_line/lib/bloc_the_line/game/piece.ex", version: 213, dirty?: true, lines: %Lines<"defmodule Piece do..."(6 lines)>, ...>, %Kernel.TypespecError{file: "/home/travis/Documents/Courses/Term 4/COMP 4959 - Selected Applications of Programming Paradigms/Project/bloc_the_line/lib/bloc_the_line/game/piece.ex", line: 5, description: "undefined field :corners on struct Piece"}, [{Kernel.Typespec, :compile_error, 2, [file: ~c"lib/kernel/typespec.ex", line: 992]}, {:lists, :foreach_1, 2, [file: ~c"lists.erl", line: 2641]}, {Kernel.Typespec, :typespec, 4, [file: ~c"lib/kernel/typespec.ex", line: 617]}, {Kernel.Typespec, :translate_type, 2, [file: ~c"lib/kernel/typespec.ex", line: 312]}, {:lists, :mapfoldl_1, 3, [file: ~c"lists.erl", line: 2673]}, {:lists, :mapfoldl_1, 3, [file: ~c"lists.erl", line: 2674]}, {Kernel.Typespec, :translate_typespecs_for_module, 2, [file: ~c"lib/kernel/typespec.ex", line: 239]}, {:elixir_erl, :compile, 1, [file: ~c"src/elixir_erl.erl", line: 155]}], {:defmodule, [end_of_expression: [newlines: 1, line: 6, column: 4], do: [line: 1, column: 17], end: [line: 6, column: 1], line: 1, column: 1], [{:__aliases__, [last: [line: 1, column: 11], line: 1, column: 11], [:Piece]}, [do: {:__block__, [], [{:defstruct, [end_of_expression: [newlines: 2, line: 2, column: 46], line: 2, column: 3], [[name: nil, cells: [], cornres: []]]}, {:@, [end_of_expression: [newlines: 1, line: 4, column: 45], line: 4, column: 3], [{:type, [line: 4, column: 4], [{:"::", [line: 4, column: 20], [{:coordinate, [line: 4, column: 9], nil}, {{:integer, [closing: [line: 4, column: 32], line: 4, column: 24], []}, {:integer, [closing: [line: 4, column: 43], line: 4, column: 35], []}}]}]}]}, {:@, [end_of_expression: [newlines: 1, line: 5, column: 92], line: 5, column: 3], [{:type, [line: 5, column: 4], [{:"::", [line: 5, column: 11], [{:t, [line: 5, column: 9], nil}, {:%, [line: 5, column: 14], [{:__MODULE__, [...], ...}, {:%{}, ...}]}]}]}]}]}]]}], [file: ~c"lib/engine/build/error.ex", line: 94]}, {XPEngine.Build.Document.Compilers.Quoted, :do_compile, 2, [file: ~c"lib/engine/build/document/compilers/quoted.ex", line: 49]}, {XPEngine.Build.Document.Compilers.Quoted, :compile, 3, [file: ~c"lib/engine/build/document/compilers/quoted.ex", line: 22]}, {XPEngine.Build.Isolation, :"-invoke/1-fun-0-", 2, [file: ~c"lib/engine/build/isolation.ex", line: 12]}], nil], clauses: nil}, [{XPEngine.Build.Error, :error_to_diagnostic, 4, [file: ~c"lib/engine/build/error.ex", line: 94]}, {XPEngine.Build.Document, :compile, 1, [file: ~c"lib/engine/build/document.ex", line: 18]}, {Mix.Project, :in_project, 4, [file: ~c"lib/mix/project.ex", line: 557]}, {File, :cd!, 2, [file: ~c"lib/file.ex", line: 2007]}, {XPEngine.Mix, :"-in_project/2-fun-0-", 3, [file: ~c"lib/engine/mix.ex", line: 27]}, {:global, :trans, 4, [file: ~c"global.erl", line: 703]}, {:timer, :tc, 2, [file: ~c"timer.erl", line: 599]}, {XPEngine.Build.State, :"-compile_file/2-fun-3-", 3, [file: ~c"lib/engine/build/state.ex", line: 137]}]}, [{XPEngine.Build.Error, :error_to_diagnostic, [#XPForge.Document<path: "/home/travis/Documents/Courses/Term 4/COMP 4959 - Selected Applications of Programming Paradigms/Project/bloc_the_line/lib/bloc_the_line/game/piece.ex", version: 213, dirty?: true, lines: %Lines<"defmodule Piece do..."(6 lines)>, ...>, :function_clause, [{XPEngine.Build.Error, :error_to_diagnostic, [#XPForge.Document<path: "/home/travis/Documents/Courses/Term 4/COMP 4959 - Selected Applications of Programming Paradigms/Project/bloc_the_line/lib/bloc_the_line/game/piece.ex", version: 213, dirty?: true, lines: %Lines<"defmodule Piece do..."(6 lines)>, ...>, %Kernel.TypespecError{file: "/home/travis/Documents/Courses/Term 4/COMP 4959 - Selected Applications of Programming Paradigms/Project/bloc_the_line/lib/bloc_the_line/game/piece.ex", line: 5, description: "undefined field :corners on struct Piece"}, [{Kernel.Typespec, :compile_error, 2, [file: ~c"lib/kernel/typespec.ex", line: 992]}, {:lists, :foreach_1, 2, [file: ~c"lists.erl", line: 2641]}, {Kernel.Typespec, :typespec, 4, [file: ~c"lib/kernel/typespec.ex", line: 617]}, {Kernel.Typespec, :translate_type, 2, [file: ~c"lib/kernel/typespec.ex", line: 312]}, {:lists, :mapfoldl_1, 3, [file: ~c"lists.erl", line: 2673]}, {:lists, :mapfoldl_1, 3, [file: ~c"lists.erl", line: 2674]}, {Kernel.Typespec, :translate_typespecs_for_module, 2, [file: ~c"lib/kernel/typespec.ex", line: 239]}, {:elixir_erl, :compile, 1, [file: ~c"src/elixir_erl.erl", line: 155]}], {:defmodule, [end_of_expression: [newlines: 1, line: 6, column: 4], do: [line: 1, column: 17], end: [line: 6, column: 1], line: 1, column: 1], [{:__aliases__, [last: [line: 1, column: 11], line: 1, column: 11], [:Piece]}, [do: {:__block__, [], [{:defstruct, [end_of_expression: [newlines: 2, line: 2, column: 46], line: 2, column: 3], [[name: nil, cells: [], cornres: []]]}, {:@, [end_of_expression: [newlines: 1, line: 4, column: 45], line: 4, column: 3], [{:type, [line: 4, column: 4], [{:"::", [line: 4, column: 20], [{:coordinate, [line: 4, column: 9], nil}, {{:integer, [closing: [line: 4, column: 32], line: 4, column: 24], []}, {:integer, [closing: [line: 4, column: 43], line: 4, column: 35], []}}]}]}]}, {:@, [end_of_expression: [newlines: 1, line: 5, column: 92], line: 5, column: 3], [{:type, [line: 5, column: 4], [{:"::", [line: 5, column: 11], [{:t, [line: 5, column: 9], nil}, {:%, [line: 5, column: 14], [{:__MODULE__, [line: 5, ...], nil}, {:%{}, [...], ...}]}]}]}]}]}]]}], [file: ~c"lib/engine/build/error.ex", line: 94]}, {XPEngine.Build.Document.Compilers.Quoted, :do_compile, 2, [file: ~c"lib/engine/build/document/compilers/quoted.ex", line: 49]}, {XPEngine.Build.Document.Compilers.Quoted, :compile, 3, [file: ~c"lib/engine/build/document/compilers/quoted.ex", line: 22]}, {XPEngine.Build.Isolation, :"-invoke/1-fun-0-", 2, [file: ~c"lib/engine/build/isolation.ex", line: 12]}], nil], [file: ~c"lib/engine/build/error.ex", line: 94]}, {XPEngine.Build.Document, :compile, 1, [file: ~c"lib/engine/build/document.ex", line: 18]}, {Mix.Project, :in_project, 4, [file: ~c"lib/mix/project.ex", line: 557]}, {File, :cd!, 2, [file: ~c"lib/file.ex", line: 2007]}, {XPEngine.Mix, :"-in_project/2-fun-0-", 3, [file: ~c"lib/engine/mix.ex", line: 27]}, {:global, :trans, 4, [file: ~c"global.erl", line: 703]}, {:timer, :tc, 2, [file: ~c"timer.erl", line: 599]}, {XPEngine.Build.State, :"-compile_file/2-fun-3-", 3, [file: ~c"lib/engine/build/state.ex", line: 137]}]}
16:33:48.879 [debug] sent notification server -> client textDocument/publishDiagnostics
16:33:49.227 [debug] handled notification client -> server textDocument/didChange in 753µs
16:33:49.293 [error] Invalid diagnostic: {:exception, {%FunctionClauseError{module: XPEngine.Build.Error, function: :error_to_diagnostic, arity: 4, kind: nil, args: [#XPForge.Document<path: "/home/travis/Documents/Courses/Term 4/COMP 4959 - Selected Applications of Programming Paradigms/Project/bloc_the_line/lib/bloc_the_line/game/piece.ex", version: 214, dirty?: true, lines: %Lines<"defmodule Piece do..."(6 lines)>, ...>, :function_clause, [{XPEngine.Build.Error, :error_to_diagnostic, [#XPForge.Document<path: "/home/travis/Documents/Courses/Term 4/COMP 4959 - Selected Applications of Programming Paradigms/Project/bloc_the_line/lib/bloc_the_line/game/piece.ex", version: 214, dirty?: true, lines: %Lines<"defmodule Piece do..."(6 lines)>, ...>, %Kernel.TypespecError{file: "/home/travis/Documents/Courses/Term 4/COMP 4959 - Selected Applications of Programming Paradigms/Project/bloc_the_line/lib/bloc_the_line/game/piece.ex", line: 5, description: "undefined field :corners on struct Piece"}, [{Kernel.Typespec, :compile_error, 2, [file: ~c"lib/kernel/typespec.ex", line: 992]}, {:lists, :foreach_1, 2, [file: ~c"lists.erl", line: 2641]}, {Kernel.Typespec, :typespec, 4, [file: ~c"lib/kernel/typespec.ex", line: 617]}, {Kernel.Typespec, :translate_type, 2, [file: ~c"lib/kernel/typespec.ex", line: 312]}, {:lists, :mapfoldl_1, 3, [file: ~c"lists.erl", line: 2673]}, {:lists, :mapfoldl_1, 3, [file: ~c"lists.erl", line: 2674]}, {Kernel.Typespec, :translate_typespecs_for_module, 2, [file: ~c"lib/kernel/typespec.ex", line: 239]}, {:elixir_erl, :compile, 1, [file: ~c"src/elixir_erl.erl", line: 155]}], {:defmodule, [end_of_expression: [newlines: 1, line: 6, column: 4], do: [line: 1, column: 17], end: [line: 6, column: 1], line: 1, column: 1], [{:__aliases__, [last: [line: 1, column: 11], line: 1, column: 11], [:Piece]}, [do: {:__block__, [], [{:defstruct, [end_of_expression: [newlines: 2, line: 2, column: 46], line: 2, column: 3], [[name: nil, cells: [], cornres: []]]}, {:@, [end_of_expression: [newlines: 1, line: 4, column: 45], line: 4, column: 3], [{:type, [line: 4, column: 4], [{:"::", [line: 4, column: 20], [{:coordinate, [line: 4, column: 9], nil}, {{:integer, [closing: [line: 4, column: 32], line: 4, column: 24], []}, {:integer, [closing: [line: 4, column: 43], line: 4, column: 35], []}}]}]}]}, {:@, [end_of_expression: [newlines: 1, line: 5, column: 93], line: 5, column: 3], [{:type, [line: 5, column: 4], [{:"::", [line: 5, column: 11], [{:t, [line: 5, column: 9], nil}, {:%, [line: 5, column: 14], [{:__MODULE__, [...], ...}, {:%{}, ...}]}]}]}]}]}]]}], [file: ~c"lib/engine/build/error.ex", line: 94]}, {XPEngine.Build.Document.Compilers.Quoted, :do_compile, 2, [file: ~c"lib/engine/build/document/compilers/quoted.ex", line: 49]}, {XPEngine.Build.Document.Compilers.Quoted, :compile, 3, [file: ~c"lib/engine/build/document/compilers/quoted.ex", line: 22]}, {XPEngine.Build.Isolation, :"-invoke/1-fun-0-", 2, [file: ~c"lib/engine/build/isolation.ex", line: 12]}], nil], clauses: nil}, [{XPEngine.Build.Error, :error_to_diagnostic, 4, [file: ~c"lib/engine/build/error.ex", line: 94]}, {XPEngine.Build.Document, :compile, 1, [file: ~c"lib/engine/build/document.ex", line: 18]}, {Mix.Project, :in_project, 4, [file: ~c"lib/mix/project.ex", line: 557]}, {File, :cd!, 2, [file: ~c"lib/file.ex", line: 2007]}, {XPEngine.Mix, :"-in_project/2-fun-0-", 3, [file: ~c"lib/engine/mix.ex", line: 27]}, {:global, :trans, 4, [file: ~c"global.erl", line: 703]}, {:timer, :tc, 2, [file: ~c"timer.erl", line: 599]}, {XPEngine.Build.State, :"-compile_file/2-fun-3-", 3, [file: ~c"lib/engine/build/state.ex", line: 137]}]}, [{XPEngine.Build.Error, :error_to_diagnostic, [#XPForge.Document<path: "/home/travis/Documents/Courses/Term 4/COMP 4959 - Selected Applications of Programming Paradigms/Project/bloc_the_line/lib/bloc_the_line/game/piece.ex", version: 214, dirty?: true, lines: %Lines<"defmodule Piece do..."(6 lines)>, ...>, :function_clause, [{XPEngine.Build.Error, :error_to_diagnostic, [#XPForge.Document<path: "/home/travis/Documents/Courses/Term 4/COMP 4959 - Selected Applications of Programming Paradigms/Project/bloc_the_line/lib/bloc_the_line/game/piece.ex", version: 214, dirty?: true, lines: %Lines<"defmodule Piece do..."(6 lines)>, ...>, %Kernel.TypespecError{file: "/home/travis/Documents/Courses/Term 4/COMP 4959 - Selected Applications of Programming Paradigms/Project/bloc_the_line/lib/bloc_the_line/game/piece.ex", line: 5, description: "undefined field :corners on struct Piece"}, [{Kernel.Typespec, :compile_error, 2, [file: ~c"lib/kernel/typespec.ex", line: 992]}, {:lists, :foreach_1, 2, [file: ~c"lists.erl", line: 2641]}, {Kernel.Typespec, :typespec, 4, [file: ~c"lib/kernel/typespec.ex", line: 617]}, {Kernel.Typespec, :translate_type, 2, [file: ~c"lib/kernel/typespec.ex", line: 312]}, {:lists, :mapfoldl_1, 3, [file: ~c"lists.erl", line: 2673]}, {:lists, :mapfoldl_1, 3, [file: ~c"lists.erl", line: 2674]}, {Kernel.Typespec, :translate_typespecs_for_module, 2, [file: ~c"lib/kernel/typespec.ex", line: 239]}, {:elixir_erl, :compile, 1, [file: ~c"src/elixir_erl.erl", line: 155]}], {:defmodule, [end_of_expression: [newlines: 1, line: 6, column: 4], do: [line: 1, column: 17], end: [line: 6, column: 1], line: 1, column: 1], [{:__aliases__, [last: [line: 1, column: 11], line: 1, column: 11], [:Piece]}, [do: {:__block__, [], [{:defstruct, [end_of_expression: [newlines: 2, line: 2, column: 46], line: 2, column: 3], [[name: nil, cells: [], cornres: []]]}, {:@, [end_of_expression: [newlines: 1, line: 4, column: 45], line: 4, column: 3], [{:type, [line: 4, column: 4], [{:"::", [line: 4, column: 20], [{:coordinate, [line: 4, column: 9], nil}, {{:integer, [closing: [line: 4, column: 32], line: 4, column: 24], []}, {:integer, [closing: [line: 4, column: 43], line: 4, column: 35], []}}]}]}]}, {:@, [end_of_expression: [newlines: 1, line: 5, column: 93], line: 5, column: 3], [{:type, [line: 5, column: 4], [{:"::", [line: 5, column: 11], [{:t, [line: 5, column: 9], nil}, {:%, [line: 5, column: 14], [{:__MODULE__, [line: 5, ...], nil}, {:%{}, [...], ...}]}]}]}]}]}]]}], [file: ~c"lib/engine/build/error.ex", line: 94]}, {XPEngine.Build.Document.Compilers.Quoted, :do_compile, 2, [file: ~c"lib/engine/build/document/compilers/quoted.ex", line: 49]}, {XPEngine.Build.Document.Compilers.Quoted, :compile, 3, [file: ~c"lib/engine/build/document/compilers/quoted.ex", line: 22]}, {XPEngine.Build.Isolation, :"-invoke/1-fun-0-", 2, [file: ~c"lib/engine/build/isolation.ex", line: 12]}], nil], [file: ~c"lib/engine/build/error.ex", line: 94]}, {XPEngine.Build.Document, :compile, 1, [file: ~c"lib/engine/build/document.ex", line: 18]}, {Mix.Project, :in_project, 4, [file: ~c"lib/mix/project.ex", line: 557]}, {File, :cd!, 2, [file: ~c"lib/file.ex", line: 2007]}, {XPEngine.Mix, :"-in_project/2-fun-0-", 3, [file: ~c"lib/engine/mix.ex", line: 27]}, {:global, :trans, 4, [file: ~c"global.erl", line: 703]}, {:timer, :tc, 2, [file: ~c"timer.erl", line: 599]}, {XPEngine.Build.State, :"-compile_file/2-fun-3-", 3, [file: ~c"lib/engine/build/state.ex", line: 137]}]}
16:33:49.293 [debug] sent notification server -> client textDocument/publishDiagnostics
16:33:49.438 [debug] handled notification client -> server textDocument/didChange in 829µs
16:33:49.504 [error] Invalid diagnostic: {:exception, {%FunctionClauseError{module: XPEngine.Build.Error, function: :error_to_diagnostic, arity: 4, kind: nil, args: [#XPForge.Document<path: "/home/travis/Documents/Courses/Term 4/COMP 4959 - Selected Applications of Programming Paradigms/Project/bloc_the_line/lib/bloc_the_line/game/piece.ex", version: 215, dirty?: true, lines: %Lines<"defmodule Piece do..."(6 lines)>, ...>, :function_clause, [{XPEngine.Build.Error, :error_to_diagnostic, [#XPForge.Document<path: "/home/travis/Documents/Courses/Term 4/COMP 4959 - Selected Applications of Programming Paradigms/Project/bloc_the_line/lib/bloc_the_line/game/piece.ex", version: 215, dirty?: true, lines: %Lines<"defmodule Piece do..."(6 lines)>, ...>, %Kernel.TypespecError{file: "/home/travis/Documents/Courses/Term 4/COMP 4959 - Selected Applications of Programming Paradigms/Project/bloc_the_line/lib/bloc_the_line/game/piece.ex", line: 5, description: "undefined field :corners on struct Piece"}, [{Kernel.Typespec, :compile_error, 2, [file: ~c"lib/kernel/typespec.ex", line: 992]}, {:lists, :foreach_1, 2, [file: ~c"lists.erl", line: 2641]}, {Kernel.Typespec, :typespec, 4, [file: ~c"lib/kernel/typespec.ex", line: 617]}, {Kernel.Typespec, :translate_type, 2, [file: ~c"lib/kernel/typespec.ex", line: 312]}, {:lists, :mapfoldl_1, 3, [file: ~c"lists.erl", line: 2673]}, {:lists, :mapfoldl_1, 3, [file: ~c"lists.erl", line: 2674]}, {Kernel.Typespec, :translate_typespecs_for_module, 2, [file: ~c"lib/kernel/typespec.ex", line: 239]}, {:elixir_erl, :compile, 1, [file: ~c"src/elixir_erl.erl", line: 155]}], {:defmodule, [end_of_expression: [newlines: 1, line: 6, column: 4], do: [line: 1, column: 17], end: [line: 6, column: 1], line: 1, column: 1], [{:__aliases__, [last: [line: 1, column: 11], line: 1, column: 11], [:Piece]}, [do: {:__block__, [], [{:defstruct, [end_of_expression: [newlines: 2, line: 2, column: 46], line: 2, column: 3], [[name: nil, cells: [], cornres: []]]}, {:@, [end_of_expression: [newlines: 1, line: 4, column: 45], line: 4, column: 3], [{:type, [line: 4, column: 4], [{:"::", [line: 4, column: 20], [{:coordinate, [line: 4, column: 9], nil}, {{:integer, [closing: [line: 4, column: 32], line: 4, column: 24], []}, {:integer, [closing: [line: 4, column: 43], line: 4, column: 35], []}}]}]}]}, {:@, [end_of_expression: [newlines: 1, line: 5, column: 94], line: 5, column: 3], [{:type, [line: 5, column: 4], [{:"::", [line: 5, column: 11], [{:t, [line: 5, column: 9], nil}, {:%, [line: 5, column: 14], [{:__MODULE__, [...], ...}, {:%{}, ...}]}]}]}]}]}]]}], [file: ~c"lib/engine/build/error.ex", line: 94]}, {XPEngine.Build.Document.Compilers.Quoted, :do_compile, 2, [file: ~c"lib/engine/build/document/compilers/quoted.ex", line: 49]}, {XPEngine.Build.Document.Compilers.Quoted, :compile, 3, [file: ~c"lib/engine/build/document/compilers/quoted.ex", line: 22]}, {XPEngine.Build.Isolation, :"-invoke/1-fun-0-", 2, [file: ~c"lib/engine/build/isolation.ex", line: 12]}], nil], clauses: nil}, [{XPEngine.Build.Error, :error_to_diagnostic, 4, [file: ~c"lib/engine/build/error.ex", line: 94]}, {XPEngine.Build.Document, :compile, 1, [file: ~c"lib/engine/build/document.ex", line: 18]}, {Mix.Project, :in_project, 4, [file: ~c"lib/mix/project.ex", line: 557]}, {File, :cd!, 2, [file: ~c"lib/file.ex", line: 2007]}, {XPEngine.Mix, :"-in_project/2-fun-0-", 3, [file: ~c"lib/engine/mix.ex", line: 27]}, {:global, :trans, 4, [file: ~c"global.erl", line: 703]}, {:timer, :tc, 2, [file: ~c"timer.erl", line: 599]}, {XPEngine.Build.State, :"-compile_file/2-fun-3-", 3, [file: ~c"lib/engine/build/state.ex", line: 137]}]}, [{XPEngine.Build.Error, :error_to_diagnostic, [#XPForge.Document<path: "/home/travis/Documents/Courses/Term 4/COMP 4959 - Selected Applications of Programming Paradigms/Project/bloc_the_line/lib/bloc_the_line/game/piece.ex", version: 215, dirty?: true, lines: %Lines<"defmodule Piece do..."(6 lines)>, ...>, :function_clause, [{XPEngine.Build.Error, :error_to_diagnostic, [#XPForge.Document<path: "/home/travis/Documents/Courses/Term 4/COMP 4959 - Selected Applications of Programming Paradigms/Project/bloc_the_line/lib/bloc_the_line/game/piece.ex", version: 215, dirty?: true, lines: %Lines<"defmodule Piece do..."(6 lines)>, ...>, %Kernel.TypespecError{file: "/home/travis/Documents/Courses/Term 4/COMP 4959 - Selected Applications of Programming Paradigms/Project/bloc_the_line/lib/bloc_the_line/game/piece.ex", line: 5, description: "undefined field :corners on struct Piece"}, [{Kernel.Typespec, :compile_error, 2, [file: ~c"lib/kernel/typespec.ex", line: 992]}, {:lists, :foreach_1, 2, [file: ~c"lists.erl", line: 2641]}, {Kernel.Typespec, :typespec, 4, [file: ~c"lib/kernel/typespec.ex", line: 617]}, {Kernel.Typespec, :translate_type, 2, [file: ~c"lib/kernel/typespec.ex", line: 312]}, {:lists, :mapfoldl_1, 3, [file: ~c"lists.erl", line: 2673]}, {:lists, :mapfoldl_1, 3, [file: ~c"lists.erl", line: 2674]}, {Kernel.Typespec, :translate_typespecs_for_module, 2, [file: ~c"lib/kernel/typespec.ex", line: 239]}, {:elixir_erl, :compile, 1, [file: ~c"src/elixir_erl.erl", line: 155]}], {:defmodule, [end_of_expression: [newlines: 1, line: 6, column: 4], do: [line: 1, column: 17], end: [line: 6, column: 1], line: 1, column: 1], [{:__aliases__, [last: [line: 1, column: 11], line: 1, column: 11], [:Piece]}, [do: {:__block__, [], [{:defstruct, [end_of_expression: [newlines: 2, line: 2, column: 46], line: 2, column: 3], [[name: nil, cells: [], cornres: []]]}, {:@, [end_of_expression: [newlines: 1, line: 4, column: 45], line: 4, column: 3], [{:type, [line: 4, column: 4], [{:"::", [line: 4, column: 20], [{:coordinate, [line: 4, column: 9], nil}, {{:integer, [closing: [line: 4, column: 32], line: 4, column: 24], []}, {:integer, [closing: [line: 4, column: 43], line: 4, column: 35], []}}]}]}]}, {:@, [end_of_expression: [newlines: 1, line: 5, column: 94], line: 5, column: 3], [{:type, [line: 5, column: 4], [{:"::", [line: 5, column: 11], [{:t, [line: 5, column: 9], nil}, {:%, [line: 5, column: 14], [{:__MODULE__, [line: 5, ...], nil}, {:%{}, [...], ...}]}]}]}]}]}]]}], [file: ~c"lib/engine/build/error.ex", line: 94]}, {XPEngine.Build.Document.Compilers.Quoted, :do_compile, 2, [file: ~c"lib/engine/build/document/compilers/quoted.ex", line: 49]}, {XPEngine.Build.Document.Compilers.Quoted, :compile, 3, [file: ~c"lib/engine/build/document/compilers/quoted.ex", line: 22]}, {XPEngine.Build.Isolation, :"-invoke/1-fun-0-", 2, [file: ~c"lib/engine/build/isolation.ex", line: 12]}], nil], [file: ~c"lib/engine/build/error.ex", line: 94]}, {XPEngine.Build.Document, :compile, 1, [file: ~c"lib/engine/build/document.ex", line: 18]}, {Mix.Project, :in_project, 4, [file: ~c"lib/mix/project.ex", line: 557]}, {File, :cd!, 2, [file: ~c"lib/file.ex", line: 2007]}, {XPEngine.Mix, :"-in_project/2-fun-0-", 3, [file: ~c"lib/engine/mix.ex", line: 27]}, {:global, :trans, 4, [file: ~c"global.erl", line: 703]}, {:timer, :tc, 2, [file: ~c"timer.erl", line: 599]}, {XPEngine.Build.State, :"-compile_file/2-fun-3-", 3, [file: ~c"lib/engine/build/state.ex", line: 137]}]}
16:33:49.504 [debug] sent notification server -> client textDocument/publishDiagnostics
16:33:49.587 [debug] handled notification client -> server textDocument/didChange in 822µs
16:33:49.660 [error] Invalid diagnostic: {:exception, {%FunctionClauseError{module: XPEngine.Build.Error, function: :error_to_diagnostic, arity: 4, kind: nil, args: [#XPForge.Document<path: "/home/travis/Documents/Courses/Term 4/COMP 4959 - Selected Applications of Programming Paradigms/Project/bloc_the_line/lib/bloc_the_line/game/piece.ex", version: 216, dirty?: true, lines: %Lines<"defmodule Piece do..."(6 lines)>, ...>, :function_clause, [{XPEngine.Build.Error, :error_to_diagnostic, [#XPForge.Document<path: "/home/travis/Documents/Courses/Term 4/COMP 4959 - Selected Applications of Programming Paradigms/Project/bloc_the_line/lib/bloc_the_line/game/piece.ex", version: 216, dirty?: true, lines: %Lines<"defmodule Piece do..."(6 lines)>, ...>, %Kernel.TypespecError{file: "/home/travis/Documents/Courses/Term 4/COMP 4959 - Selected Applications of Programming Paradigms/Project/bloc_the_line/lib/bloc_the_line/game/piece.ex", line: 5, description: "undefined field :corners on struct Piece"}, [{Kernel.Typespec, :compile_error, 2, [file: ~c"lib/kernel/typespec.ex", line: 992]}, {:lists, :foreach_1, 2, [file: ~c"lists.erl", line: 2641]}, {Kernel.Typespec, :typespec, 4, [file: ~c"lib/kernel/typespec.ex", line: 617]}, {Kernel.Typespec, :translate_type, 2, [file: ~c"lib/kernel/typespec.ex", line: 312]}, {:lists, :mapfoldl_1, 3, [file: ~c"lists.erl", line: 2673]}, {:lists, :mapfoldl_1, 3, [file: ~c"lists.erl", line: 2674]}, {Kernel.Typespec, :translate_typespecs_for_module, 2, [file: ~c"lib/kernel/typespec.ex", line: 239]}, {:elixir_erl, :compile, 1, [file: ~c"src/elixir_erl.erl", line: 155]}], {:defmodule, [end_of_expression: [newlines: 1, line: 6, column: 4], do: [line: 1, column: 17], end: [line: 6, column: 1], line: 1, column: 1], [{:__aliases__, [last: [line: 1, column: 11], line: 1, column: 11], [:Piece]}, [do: {:__block__, [], [{:defstruct, [end_of_expression: [newlines: 2, line: 2, column: 46], line: 2, column: 3], [[name: nil, cells: [], cornres: []]]}, {:@, [end_of_expression: [newlines: 1, line: 4, column: 45], line: 4, column: 3], [{:type, [line: 4, column: 4], [{:"::", [line: 4, column: 20], [{:coordinate, [line: 4, column: 9], nil}, {{:integer, [closing: [line: 4, column: 32], line: 4, column: 24], []}, {:integer, [closing: [line: 4, column: 43], line: 4, column: 35], []}}]}]}]}, {:@, [end_of_expression: [newlines: 1, line: 5, column: 95], line: 5, column: 3], [{:type, [line: 5, column: 4], [{:"::", [line: 5, column: 11], [{:t, [line: 5, column: 9], nil}, {:%, [line: 5, column: 14], [{:__MODULE__, [...], ...}, {:%{}, ...}]}]}]}]}]}]]}], [file: ~c"lib/engine/build/error.ex", line: 94]}, {XPEngine.Build.Document.Compilers.Quoted, :do_compile, 2, [file: ~c"lib/engine/build/document/compilers/quoted.ex", line: 49]}, {XPEngine.Build.Document.Compilers.Quoted, :compile, 3, [file: ~c"lib/engine/build/document/compilers/quoted.ex", line: 22]}, {XPEngine.Build.Isolation, :"-invoke/1-fun-0-", 2, [file: ~c"lib/engine/build/isolation.ex", line: 12]}], nil], clauses: nil}, [{XPEngine.Build.Error, :error_to_diagnostic, 4, [file: ~c"lib/engine/build/error.ex", line: 94]}, {XPEngine.Build.Document, :compile, 1, [file: ~c"lib/engine/build/document.ex", line: 18]}, {Mix.Project, :in_project, 4, [file: ~c"lib/mix/project.ex", line: 557]}, {File, :cd!, 2, [file: ~c"lib/file.ex", line: 2007]}, {XPEngine.Mix, :"-in_project/2-fun-0-", 3, [file: ~c"lib/engine/mix.ex", line: 27]}, {:global, :trans, 4, [file: ~c"global.erl", line: 703]}, {:timer, :tc, 2, [file: ~c"timer.erl", line: 599]}, {XPEngine.Build.State, :"-compile_file/2-fun-3-", 3, [file: ~c"lib/engine/build/state.ex", line: 137]}]}, [{XPEngine.Build.Error, :error_to_diagnostic, [#XPForge.Document<path: "/home/travis/Documents/Courses/Term 4/COMP 4959 - Selected Applications of Programming Paradigms/Project/bloc_the_line/lib/bloc_the_line/game/piece.ex", version: 216, dirty?: true, lines: %Lines<"defmodule Piece do..."(6 lines)>, ...>, :function_clause, [{XPEngine.Build.Error, :error_to_diagnostic, [#XPForge.Document<path: "/home/travis/Documents/Courses/Term 4/COMP 4959 - Selected Applications of Programming Paradigms/Project/bloc_the_line/lib/bloc_the_line/game/piece.ex", version: 216, dirty?: true, lines: %Lines<"defmodule Piece do..."(6 lines)>, ...>, %Kernel.TypespecError{file: "/home/travis/Documents/Courses/Term 4/COMP 4959 - Selected Applications of Programming Paradigms/Project/bloc_the_line/lib/bloc_the_line/game/piece.ex", line: 5, description: "undefined field :corners on struct Piece"}, [{Kernel.Typespec, :compile_error, 2, [file: ~c"lib/kernel/typespec.ex", line: 992]}, {:lists, :foreach_1, 2, [file: ~c"lists.erl", line: 2641]}, {Kernel.Typespec, :typespec, 4, [file: ~c"lib/kernel/typespec.ex", line: 617]}, {Kernel.Typespec, :translate_type, 2, [file: ~c"lib/kernel/typespec.ex", line: 312]}, {:lists, :mapfoldl_1, 3, [file: ~c"lists.erl", line: 2673]}, {:lists, :mapfoldl_1, 3, [file: ~c"lists.erl", line: 2674]}, {Kernel.Typespec, :translate_typespecs_for_module, 2, [file: ~c"lib/kernel/typespec.ex", line: 239]}, {:elixir_erl, :compile, 1, [file: ~c"src/elixir_erl.erl", line: 155]}], {:defmodule, [end_of_expression: [newlines: 1, line: 6, column: 4], do: [line: 1, column: 17], end: [line: 6, column: 1], line: 1, column: 1], [{:__aliases__, [last: [line: 1, column: 11], line: 1, column: 11], [:Piece]}, [do: {:__block__, [], [{:defstruct, [end_of_expression: [newlines: 2, line: 2, column: 46], line: 2, column: 3], [[name: nil, cells: [], cornres: []]]}, {:@, [end_of_expression: [newlines: 1, line: 4, column: 45], line: 4, column: 3], [{:type, [line: 4, column: 4], [{:"::", [line: 4, column: 20], [{:coordinate, [line: 4, column: 9], nil}, {{:integer, [closing: [line: 4, column: 32], line: 4, column: 24], []}, {:integer, [closing: [line: 4, column: 43], line: 4, column: 35], []}}]}]}]}, {:@, [end_of_expression: [newlines: 1, line: 5, column: 95], line: 5, column: 3], [{:type, [line: 5, column: 4], [{:"::", [line: 5, column: 11], [{:t, [line: 5, column: 9], nil}, {:%, [line: 5, column: 14], [{:__MODULE__, [line: 5, ...], nil}, {:%{}, [...], ...}]}]}]}]}]}]]}], [file: ~c"lib/engine/build/error.ex", line: 94]}, {XPEngine.Build.Document.Compilers.Quoted, :do_compile, 2, [file: ~c"lib/engine/build/document/compilers/quoted.ex", line: 49]}, {XPEngine.Build.Document.Compilers.Quoted, :compile, 3, [file: ~c"lib/engine/build/document/compilers/quoted.ex", line: 22]}, {XPEngine.Build.Isolation, :"-invoke/1-fun-0-", 2, [file: ~c"lib/engine/build/isolation.ex", line: 12]}], nil], [file: ~c"lib/engine/build/error.ex", line: 94]}, {XPEngine.Build.Document, :compile, 1, [file: ~c"lib/engine/build/document.ex", line: 18]}, {Mix.Project, :in_project, 4, [file: ~c"lib/mix/project.ex", line: 557]}, {File, :cd!, 2, [file: ~c"lib/file.ex", line: 2007]}, {XPEngine.Mix, :"-in_project/2-fun-0-", 3, [file: ~c"lib/engine/mix.ex", line: 27]}, {:global, :trans, 4, [file: ~c"global.erl", line: 703]}, {:timer, :tc, 2, [file: ~c"timer.erl", line: 599]}, {XPEngine.Build.State, :"-compile_file/2-fun-3-", 3, [file: ~c"lib/engine/build/state.ex", line: 137]}]}
16:33:49.661 [debug] sent notification server -> client textDocument/publishDiagnostics
16:33:49.699 [debug] handled notification client -> server textDocument/didChange in 1ms
16:33:49.700 [info] Completion for XpPos<<5, 91>>
16:33:49.730 [info] Local completions are: [function: (__info__, __struct__, __struct__, delete, difference, disjoint?, equal?, filter, intersection, member?, module_info, module_info, new, new, new, put, reject, size, split_with, subset?, symmetric_difference, to_list, union)   typespec: (internal, t, t, value)   ]
16:33:49.734 [info] Emitting Completions: [25:internal(value) 25:t() 25:t(value) 25:value() ]
16:33:49.734 [debug] handled request client -> server textDocument/completion in 36ms
16:33:49.772 [error] Invalid diagnostic: {:exception, {%FunctionClauseError{module: XPEngine.Build.Error, function: :error_to_diagnostic, arity: 4, kind: nil, args: [#XPForge.Document<path: "/home/travis/Documents/Courses/Term 4/COMP 4959 - Selected Applications of Programming Paradigms/Project/bloc_the_line/lib/bloc_the_line/game/piece.ex", version: 217, dirty?: true, lines: %Lines<"defmodule Piece do..."(6 lines)>, ...>, :function_clause, [{XPEngine.Build.Error, :error_to_diagnostic, [#XPForge.Document<path: "/home/travis/Documents/Courses/Term 4/COMP 4959 - Selected Applications of Programming Paradigms/Project/bloc_the_line/lib/bloc_the_line/game/piece.ex", version: 217, dirty?: true, lines: %Lines<"defmodule Piece do..."(6 lines)>, ...>, %Kernel.TypespecError{file: "/home/travis/Documents/Courses/Term 4/COMP 4959 - Selected Applications of Programming Paradigms/Project/bloc_the_line/lib/bloc_the_line/game/piece.ex", line: 5, description: "undefined field :corners on struct Piece"}, [{Kernel.Typespec, :compile_error, 2, [file: ~c"lib/kernel/typespec.ex", line: 992]}, {:lists, :foreach_1, 2, [file: ~c"lists.erl", line: 2641]}, {Kernel.Typespec, :typespec, 4, [file: ~c"lib/kernel/typespec.ex", line: 617]}, {Kernel.Typespec, :translate_type, 2, [file: ~c"lib/kernel/typespec.ex", line: 312]}, {:lists, :mapfoldl_1, 3, [file: ~c"lists.erl", line: 2673]}, {:lists, :mapfoldl_1, 3, [file: ~c"lists.erl", line: 2674]}, {Kernel.Typespec, :translate_typespecs_for_module, 2, [file: ~c"lib/kernel/typespec.ex", line: 239]}, {:elixir_erl, :compile, 1, [file: ~c"src/elixir_erl.erl", line: 155]}], {:defmodule, [end_of_expression: [newlines: 1, line: 6, column: 4], do: [line: 1, column: 17], end: [line: 6, column: 1], line: 1, column: 1], [{:__aliases__, [last: [line: 1, column: 11], line: 1, column: 11], [:Piece]}, [do: {:__block__, [], [{:defstruct, [end_of_expression: [newlines: 2, line: 2, column: 46], line: 2, column: 3], [[name: nil, cells: [], cornres: []]]}, {:@, [end_of_expression: [newlines: 1, line: 4, column: 45], line: 4, column: 3], [{:type, [line: 4, column: 4], [{:"::", [line: 4, column: 20], [{:coordinate, [line: 4, column: 9], nil}, {{:integer, [closing: [line: 4, column: 32], line: 4, column: 24], []}, {:integer, [closing: [line: 4, column: 43], line: 4, column: 35], []}}]}]}]}, {:@, [end_of_expression: [newlines: 1, line: 5, column: 96], line: 5, column: 3], [{:type, [line: 5, column: 4], [{:"::", [line: 5, column: 11], [{:t, [line: 5, column: 9], nil}, {:%, [line: 5, column: 14], [{:__MODULE__, [...], ...}, {:%{}, ...}]}]}]}]}]}]]}], [file: ~c"lib/engine/build/error.ex", line: 94]}, {XPEngine.Build.Document.Compilers.Quoted, :do_compile, 2, [file: ~c"lib/engine/build/document/compilers/quoted.ex", line: 49]}, {XPEngine.Build.Document.Compilers.Quoted, :compile, 3, [file: ~c"lib/engine/build/document/compilers/quoted.ex", line: 22]}, {XPEngine.Build.Isolation, :"-invoke/1-fun-0-", 2, [file: ~c"lib/engine/build/isolation.ex", line: 12]}], nil], clauses: nil}, [{XPEngine.Build.Error, :error_to_diagnostic, 4, [file: ~c"lib/engine/build/error.ex", line: 94]}, {XPEngine.Build.Document, :compile, 1, [file: ~c"lib/engine/build/document.ex", line: 18]}, {Mix.Project, :in_project, 4, [file: ~c"lib/mix/project.ex", line: 557]}, {File, :cd!, 2, [file: ~c"lib/file.ex", line: 2007]}, {XPEngine.Mix, :"-in_project/2-fun-0-", 3, [file: ~c"lib/engine/mix.ex", line: 27]}, {:global, :trans, 4, [file: ~c"global.erl", line: 703]}, {:timer, :tc, 2, [file: ~c"timer.erl", line: 599]}, {XPEngine.Build.State, :"-compile_file/2-fun-3-", 3, [file: ~c"lib/engine/build/state.ex", line: 137]}]}, [{XPEngine.Build.Error, :error_to_diagnostic, [#XPForge.Document<path: "/home/travis/Documents/Courses/Term 4/COMP 4959 - Selected Applications of Programming Paradigms/Project/bloc_the_line/lib/bloc_the_line/game/piece.ex", version: 217, dirty?: true, lines: %Lines<"defmodule Piece do..."(6 lines)>, ...>, :function_clause, [{XPEngine.Build.Error, :error_to_diagnostic, [#XPForge.Document<path: "/home/travis/Documents/Courses/Term 4/COMP 4959 - Selected Applications of Programming Paradigms/Project/bloc_the_line/lib/bloc_the_line/game/piece.ex", version: 217, dirty?: true, lines: %Lines<"defmodule Piece do..."(6 lines)>, ...>, %Kernel.TypespecError{file: "/home/travis/Documents/Courses/Term 4/COMP 4959 - Selected Applications of Programming Paradigms/Project/bloc_the_line/lib/bloc_the_line/game/piece.ex", line: 5, description: "undefined field :corners on struct Piece"}, [{Kernel.Typespec, :compile_error, 2, [file: ~c"lib/kernel/typespec.ex", line: 992]}, {:lists, :foreach_1, 2, [file: ~c"lists.erl", line: 2641]}, {Kernel.Typespec, :typespec, 4, [file: ~c"lib/kernel/typespec.ex", line: 617]}, {Kernel.Typespec, :translate_type, 2, [file: ~c"lib/kernel/typespec.ex", line: 312]}, {:lists, :mapfoldl_1, 3, [file: ~c"lists.erl", line: 2673]}, {:lists, :mapfoldl_1, 3, [file: ~c"lists.erl", line: 2674]}, {Kernel.Typespec, :translate_typespecs_for_module, 2, [file: ~c"lib/kernel/typespec.ex", line: 239]}, {:elixir_erl, :compile, 1, [file: ~c"src/elixir_erl.erl", line: 155]}], {:defmodule, [end_of_expression: [newlines: 1, line: 6, column: 4], do: [line: 1, column: 17], end: [line: 6, column: 1], line: 1, column: 1], [{:__aliases__, [last: [line: 1, column: 11], line: 1, column: 11], [:Piece]}, [do: {:__block__, [], [{:defstruct, [end_of_expression: [newlines: 2, line: 2, column: 46], line: 2, column: 3], [[name: nil, cells: [], cornres: []]]}, {:@, [end_of_expression: [newlines: 1, line: 4, column: 45], line: 4, column: 3], [{:type, [line: 4, column: 4], [{:"::", [line: 4, column: 20], [{:coordinate, [line: 4, column: 9], nil}, {{:integer, [closing: [line: 4, column: 32], line: 4, column: 24], []}, {:integer, [closing: [line: 4, column: 43], line: 4, column: 35], []}}]}]}]}, {:@, [end_of_expression: [newlines: 1, line: 5, column: 96], line: 5, column: 3], [{:type, [line: 5, column: 4], [{:"::", [line: 5, column: 11], [{:t, [line: 5, column: 9], nil}, {:%, [line: 5, column: 14], [{:__MODULE__, [line: 5, ...], nil}, {:%{}, [...], ...}]}]}]}]}]}]]}], [file: ~c"lib/engine/build/error.ex", line: 94]}, {XPEngine.Build.Document.Compilers.Quoted, :do_compile, 2, [file: ~c"lib/engine/build/document/compilers/quoted.ex", line: 49]}, {XPEngine.Build.Document.Compilers.Quoted, :compile, 3, [file: ~c"lib/engine/build/document/compilers/quoted.ex", line: 22]}, {XPEngine.Build.Isolation, :"-invoke/1-fun-0-", 2, [file: ~c"lib/engine/build/isolation.ex", line: 12]}], nil], [file: ~c"lib/engine/build/error.ex", line: 94]}, {XPEngine.Build.Document, :compile, 1, [file: ~c"lib/engine/build/document.ex", line: 18]}, {Mix.Project, :in_project, 4, [file: ~c"lib/mix/project.ex", line: 557]}, {File, :cd!, 2, [file: ~c"lib/file.ex", line: 2007]}, {XPEngine.Mix, :"-in_project/2-fun-0-", 3, [file: ~c"lib/engine/mix.ex", line: 27]}, {:global, :trans, 4, [file: ~c"global.erl", line: 703]}, {:timer, :tc, 2, [file: ~c"timer.erl", line: 599]}, {XPEngine.Build.State, :"-compile_file/2-fun-3-", 3, [file: ~c"lib/engine/build/state.ex", line: 137]}]}
16:33:49.772 [debug] sent notification server -> client textDocument/publishDiagnostics
16:33:50.147 [debug] handled notification client -> server textDocument/didChange in 976µs
16:33:50.211 [error] Invalid diagnostic: {:exception, {%FunctionClauseError{module: XPEngine.Build.Error, function: :error_to_diagnostic, arity: 4, kind: nil, args: [#XPForge.Document<path: "/home/travis/Documents/Courses/Term 4/COMP 4959 - Selected Applications of Programming Paradigms/Project/bloc_the_line/lib/bloc_the_line/game/piece.ex", version: 218, dirty?: true, lines: %Lines<"defmodule Piece do..."(6 lines)>, ...>, :function_clause, [{XPEngine.Build.Error, :error_to_diagnostic, [#XPForge.Document<path: "/home/travis/Documents/Courses/Term 4/COMP 4959 - Selected Applications of Programming Paradigms/Project/bloc_the_line/lib/bloc_the_line/game/piece.ex", version: 218, dirty?: true, lines: %Lines<"defmodule Piece do..."(6 lines)>, ...>, %Kernel.TypespecError{file: "/home/travis/Documents/Courses/Term 4/COMP 4959 - Selected Applications of Programming Paradigms/Project/bloc_the_line/lib/bloc_the_line/game/piece.ex", line: 5, description: "undefined field :corners on struct Piece"}, [{Kernel.Typespec, :compile_error, 2, [file: ~c"lib/kernel/typespec.ex", line: 992]}, {:lists, :foreach_1, 2, [file: ~c"lists.erl", line: 2641]}, {Kernel.Typespec, :typespec, 4, [file: ~c"lib/kernel/typespec.ex", line: 617]}, {Kernel.Typespec, :translate_type, 2, [file: ~c"lib/kernel/typespec.ex", line: 312]}, {:lists, :mapfoldl_1, 3, [file: ~c"lists.erl", line: 2673]}, {:lists, :mapfoldl_1, 3, [file: ~c"lists.erl", line: 2674]}, {Kernel.Typespec, :translate_typespecs_for_module, 2, [file: ~c"lib/kernel/typespec.ex", line: 239]}, {:elixir_erl, :compile, 1, [file: ~c"src/elixir_erl.erl", line: 155]}], {:defmodule, [end_of_expression: [newlines: 1, line: 6, column: 4], do: [line: 1, column: 17], end: [line: 6, column: 1], line: 1, column: 1], [{:__aliases__, [last: [line: 1, column: 11], line: 1, column: 11], [:Piece]}, [do: {:__block__, [], [{:defstruct, [end_of_expression: [newlines: 2, line: 2, column: 46], line: 2, column: 3], [[name: nil, cells: [], cornres: []]]}, {:@, [end_of_expression: [newlines: 1, line: 4, column: 45], line: 4, column: 3], [{:type, [line: 4, column: 4], [{:"::", [line: 4, column: 20], [{:coordinate, [line: 4, column: 9], nil}, {{:integer, [closing: [line: 4, column: 32], line: 4, column: 24], []}, {:integer, [closing: [line: 4, column: 43], line: 4, column: 35], []}}]}]}]}, {:@, [end_of_expression: [newlines: 1, line: 5, column: 95], line: 5, column: 3], [{:type, [line: 5, column: 4], [{:"::", [line: 5, column: 11], [{:t, [line: 5, column: 9], nil}, {:%, [line: 5, column: 14], [{:__MODULE__, [...], ...}, {:%{}, ...}]}]}]}]}]}]]}], [file: ~c"lib/engine/build/error.ex", line: 94]}, {XPEngine.Build.Document.Compilers.Quoted, :do_compile, 2, [file: ~c"lib/engine/build/document/compilers/quoted.ex", line: 49]}, {XPEngine.Build.Document.Compilers.Quoted, :compile, 3, [file: ~c"lib/engine/build/document/compilers/quoted.ex", line: 22]}, {XPEngine.Build.Isolation, :"-invoke/1-fun-0-", 2, [file: ~c"lib/engine/build/isolation.ex", line: 12]}], nil], clauses: nil}, [{XPEngine.Build.Error, :error_to_diagnostic, 4, [file: ~c"lib/engine/build/error.ex", line: 94]}, {XPEngine.Build.Document, :compile, 1, [file: ~c"lib/engine/build/document.ex", line: 18]}, {Mix.Project, :in_project, 4, [file: ~c"lib/mix/project.ex", line: 557]}, {File, :cd!, 2, [file: ~c"lib/file.ex", line: 2007]}, {XPEngine.Mix, :"-in_project/2-fun-0-", 3, [file: ~c"lib/engine/mix.ex", line: 27]}, {:global, :trans, 4, [file: ~c"global.erl", line: 703]}, {:timer, :tc, 2, [file: ~c"timer.erl", line: 599]}, {XPEngine.Build.State, :"-compile_file/2-fun-3-", 3, [file: ~c"lib/engine/build/state.ex", line: 137]}]}, [{XPEngine.Build.Error, :error_to_diagnostic, [#XPForge.Document<path: "/home/travis/Documents/Courses/Term 4/COMP 4959 - Selected Applications of Programming Paradigms/Project/bloc_the_line/lib/bloc_the_line/game/piece.ex", version: 218, dirty?: true, lines: %Lines<"defmodule Piece do..."(6 lines)>, ...>, :function_clause, [{XPEngine.Build.Error, :error_to_diagnostic, [#XPForge.Document<path: "/home/travis/Documents/Courses/Term 4/COMP 4959 - Selected Applications of Programming Paradigms/Project/bloc_the_line/lib/bloc_the_line/game/piece.ex", version: 218, dirty?: true, lines: %Lines<"defmodule Piece do..."(6 lines)>, ...>, %Kernel.TypespecError{file: "/home/travis/Documents/Courses/Term 4/COMP 4959 - Selected Applications of Programming Paradigms/Project/bloc_the_line/lib/bloc_the_line/game/piece.ex", line: 5, description: "undefined field :corners on struct Piece"}, [{Kernel.Typespec, :compile_error, 2, [file: ~c"lib/kernel/typespec.ex", line: 992]}, {:lists, :foreach_1, 2, [file: ~c"lists.erl", line: 2641]}, {Kernel.Typespec, :typespec, 4, [file: ~c"lib/kernel/typespec.ex", line: 617]}, {Kernel.Typespec, :translate_type, 2, [file: ~c"lib/kernel/typespec.ex", line: 312]}, {:lists, :mapfoldl_1, 3, [file: ~c"lists.erl", line: 2673]}, {:lists, :mapfoldl_1, 3, [file: ~c"lists.erl", line: 2674]}, {Kernel.Typespec, :translate_typespecs_for_module, 2, [file: ~c"lib/kernel/typespec.ex", line: 239]}, {:elixir_erl, :compile, 1, [file: ~c"src/elixir_erl.erl", line: 155]}], {:defmodule, [end_of_expression: [newlines: 1, line: 6, column: 4], do: [line: 1, column: 17], end: [line: 6, column: 1], line: 1, column: 1], [{:__aliases__, [last: [line: 1, column: 11], line: 1, column: 11], [:Piece]}, [do: {:__block__, [], [{:defstruct, [end_of_expression: [newlines: 2, line: 2, column: 46], line: 2, column: 3], [[name: nil, cells: [], cornres: []]]}, {:@, [end_of_expression: [newlines: 1, line: 4, column: 45], line: 4, column: 3], [{:type, [line: 4, column: 4], [{:"::", [line: 4, column: 20], [{:coordinate, [line: 4, column: 9], nil}, {{:integer, [closing: [line: 4, column: 32], line: 4, column: 24], []}, {:integer, [closing: [line: 4, column: 43], line: 4, column: 35], []}}]}]}]}, {:@, [end_of_expression: [newlines: 1, line: 5, column: 95], line: 5, column: 3], [{:type, [line: 5, column: 4], [{:"::", [line: 5, column: 11], [{:t, [line: 5, column: 9], nil}, {:%, [line: 5, column: 14], [{:__MODULE__, [line: 5, ...], nil}, {:%{}, [...], ...}]}]}]}]}]}]]}], [file: ~c"lib/engine/build/error.ex", line: 94]}, {XPEngine.Build.Document.Compilers.Quoted, :do_compile, 2, [file: ~c"lib/engine/build/document/compilers/quoted.ex", line: 49]}, {XPEngine.Build.Document.Compilers.Quoted, :compile, 3, [file: ~c"lib/engine/build/document/compilers/quoted.ex", line: 22]}, {XPEngine.Build.Isolation, :"-invoke/1-fun-0-", 2, [file: ~c"lib/engine/build/isolation.ex", line: 12]}], nil], [file: ~c"lib/engine/build/error.ex", line: 94]}, {XPEngine.Build.Document, :compile, 1, [file: ~c"lib/engine/build/document.ex", line: 18]}, {Mix.Project, :in_project, 4, [file: ~c"lib/mix/project.ex", line: 557]}, {File, :cd!, 2, [file: ~c"lib/file.ex", line: 2007]}, {XPEngine.Mix, :"-in_project/2-fun-0-", 3, [file: ~c"lib/engine/mix.ex", line: 27]}, {:global, :trans, 4, [file: ~c"global.erl", line: 703]}, {:timer, :tc, 2, [file: ~c"timer.erl", line: 599]}, {XPEngine.Build.State, :"-compile_file/2-fun-3-", 3, [file: ~c"lib/engine/build/state.ex", line: 137]}]}
16:33:50.211 [debug] sent notification server -> client textDocument/publishDiagnostics
16:33:51.362 [debug] handled notification client -> server textDocument/didChange in 1ms
16:33:51.365 [info] Completion for XpPos<<5, 94>>
16:33:51.393 [info] Local completions are: [function: (ceil)   macro: (case, cond)   typespec: (coordinate, char, charlist)   ]
16:33:51.394 [info] Emitting Completions: [25:coordinate() 25:char() 25:charlist() ]
16:33:51.394 [debug] handled request client -> server textDocument/completion in 30ms
16:33:51.427 [error] Invalid diagnostic: {:exception, {%FunctionClauseError{module: XPEngine.Build.Error, function: :error_to_diagnostic, arity: 4, kind: nil, args: [#XPForge.Document<path: "/home/travis/Documents/Courses/Term 4/COMP 4959 - Selected Applications of Programming Paradigms/Project/bloc_the_line/lib/bloc_the_line/game/piece.ex", version: 219, dirty?: true, lines: %Lines<"defmodule Piece do..."(6 lines)>, ...>, :function_clause, [{XPEngine.Build.Error, :error_to_diagnostic, [#XPForge.Document<path: "/home/travis/Documents/Courses/Term 4/COMP 4959 - Selected Applications of Programming Paradigms/Project/bloc_the_line/lib/bloc_the_line/game/piece.ex", version: 219, dirty?: true, lines: %Lines<"defmodule Piece do..."(6 lines)>, ...>, %Kernel.TypespecError{file: "/home/travis/Documents/Courses/Term 4/COMP 4959 - Selected Applications of Programming Paradigms/Project/bloc_the_line/lib/bloc_the_line/game/piece.ex", line: 5, description: "undefined field :corners on struct Piece"}, [{Kernel.Typespec, :compile_error, 2, [file: ~c"lib/kernel/typespec.ex", line: 992]}, {:lists, :foreach_1, 2, [file: ~c"lists.erl", line: 2641]}, {Kernel.Typespec, :typespec, 4, [file: ~c"lib/kernel/typespec.ex", line: 617]}, {Kernel.Typespec, :translate_type, 2, [file: ~c"lib/kernel/typespec.ex", line: 312]}, {:lists, :mapfoldl_1, 3, [file: ~c"lists.erl", line: 2673]}, {:lists, :mapfoldl_1, 3, [file: ~c"lists.erl", line: 2674]}, {Kernel.Typespec, :translate_typespecs_for_module, 2, [file: ~c"lib/kernel/typespec.ex", line: 239]}, {:elixir_erl, :compile, 1, [file: ~c"src/elixir_erl.erl", line: 155]}], {:defmodule, [end_of_expression: [newlines: 1, line: 6, column: 4], do: [line: 1, column: 17], end: [line: 6, column: 1], line: 1, column: 1], [{:__aliases__, [last: [line: 1, column: 11], line: 1, column: 11], [:Piece]}, [do: {:__block__, [], [{:defstruct, [end_of_expression: [newlines: 2, line: 2, column: 46], line: 2, column: 3], [[name: nil, cells: [], cornres: []]]}, {:@, [end_of_expression: [newlines: 1, line: 4, column: 45], line: 4, column: 3], [{:type, [line: 4, column: 4], [{:"::", [line: 4, column: 20], [{:coordinate, [line: 4, column: 9], nil}, {{:integer, [closing: [line: 4, column: 32], line: 4, column: 24], []}, {:integer, [closing: [line: 4, column: 43], line: 4, column: 35], []}}]}]}]}, {:@, [end_of_expression: [newlines: 1, line: 5, column: 96], line: 5, column: 3], [{:type, [line: 5, column: 4], [{:"::", [line: 5, column: 11], [{:t, [line: 5, column: 9], nil}, {:%, [line: 5, column: 14], [{:__MODULE__, [...], ...}, {:%{}, ...}]}]}]}]}]}]]}], [file: ~c"lib/engine/build/error.ex", line: 94]}, {XPEngine.Build.Document.Compilers.Quoted, :do_compile, 2, [file: ~c"lib/engine/build/document/compilers/quoted.ex", line: 49]}, {XPEngine.Build.Document.Compilers.Quoted, :compile, 3, [file: ~c"lib/engine/build/document/compilers/quoted.ex", line: 22]}, {XPEngine.Build.Isolation, :"-invoke/1-fun-0-", 2, [file: ~c"lib/engine/build/isolation.ex", line: 12]}], nil], clauses: nil}, [{XPEngine.Build.Error, :error_to_diagnostic, 4, [file: ~c"lib/engine/build/error.ex", line: 94]}, {XPEngine.Build.Document, :compile, 1, [file: ~c"lib/engine/build/document.ex", line: 18]}, {Mix.Project, :in_project, 4, [file: ~c"lib/mix/project.ex", line: 557]}, {File, :cd!, 2, [file: ~c"lib/file.ex", line: 2007]}, {XPEngine.Mix, :"-in_project/2-fun-0-", 3, [file: ~c"lib/engine/mix.ex", line: 27]}, {:global, :trans, 4, [file: ~c"global.erl", line: 703]}, {:timer, :tc, 2, [file: ~c"timer.erl", line: 599]}, {XPEngine.Build.State, :"-compile_file/2-fun-3-", 3, [file: ~c"lib/engine/build/state.ex", line: 137]}]}, [{XPEngine.Build.Error, :error_to_diagnostic, [#XPForge.Document<path: "/home/travis/Documents/Courses/Term 4/COMP 4959 - Selected Applications of Programming Paradigms/Project/bloc_the_line/lib/bloc_the_line/game/piece.ex", version: 219, dirty?: true, lines: %Lines<"defmodule Piece do..."(6 lines)>, ...>, :function_clause, [{XPEngine.Build.Error, :error_to_diagnostic, [#XPForge.Document<path: "/home/travis/Documents/Courses/Term 4/COMP 4959 - Selected Applications of Programming Paradigms/Project/bloc_the_line/lib/bloc_the_line/game/piece.ex", version: 219, dirty?: true, lines: %Lines<"defmodule Piece do..."(6 lines)>, ...>, %Kernel.TypespecError{file: "/home/travis/Documents/Courses/Term 4/COMP 4959 - Selected Applications of Programming Paradigms/Project/bloc_the_line/lib/bloc_the_line/game/piece.ex", line: 5, description: "undefined field :corners on struct Piece"}, [{Kernel.Typespec, :compile_error, 2, [file: ~c"lib/kernel/typespec.ex", line: 992]}, {:lists, :foreach_1, 2, [file: ~c"lists.erl", line: 2641]}, {Kernel.Typespec, :typespec, 4, [file: ~c"lib/kernel/typespec.ex", line: 617]}, {Kernel.Typespec, :translate_type, 2, [file: ~c"lib/kernel/typespec.ex", line: 312]}, {:lists, :mapfoldl_1, 3, [file: ~c"lists.erl", line: 2673]}, {:lists, :mapfoldl_1, 3, [file: ~c"lists.erl", line: 2674]}, {Kernel.Typespec, :translate_typespecs_for_module, 2, [file: ~c"lib/kernel/typespec.ex", line: 239]}, {:elixir_erl, :compile, 1, [file: ~c"src/elixir_erl.erl", line: 155]}], {:defmodule, [end_of_expression: [newlines: 1, line: 6, column: 4], do: [line: 1, column: 17], end: [line: 6, column: 1], line: 1, column: 1], [{:__aliases__, [last: [line: 1, column: 11], line: 1, column: 11], [:Piece]}, [do: {:__block__, [], [{:defstruct, [end_of_expression: [newlines: 2, line: 2, column: 46], line: 2, column: 3], [[name: nil, cells: [], cornres: []]]}, {:@, [end_of_expression: [newlines: 1, line: 4, column: 45], line: 4, column: 3], [{:type, [line: 4, column: 4], [{:"::", [line: 4, column: 20], [{:coordinate, [line: 4, column: 9], nil}, {{:integer, [closing: [line: 4, column: 32], line: 4, column: 24], []}, {:integer, [closing: [line: 4, column: 43], line: 4, column: 35], []}}]}]}]}, {:@, [end_of_expression: [newlines: 1, line: 5, column: 96], line: 5, column: 3], [{:type, [line: 5, column: 4], [{:"::", [line: 5, column: 11], [{:t, [line: 5, column: 9], nil}, {:%, [line: 5, column: 14], [{:__MODULE__, [line: 5, ...], nil}, {:%{}, [...], ...}]}]}]}]}]}]]}], [file: ~c"lib/engine/build/error.ex", line: 94]}, {XPEngine.Build.Document.Compilers.Quoted, :do_compile, 2, [file: ~c"lib/engine/build/document/compilers/quoted.ex", line: 49]}, {XPEngine.Build.Document.Compilers.Quoted, :compile, 3, [file: ~c"lib/engine/build/document/compilers/quoted.ex", line: 22]}, {XPEngine.Build.Isolation, :"-invoke/1-fun-0-", 2, [file: ~c"lib/engine/build/isolation.ex", line: 12]}], nil], [file: ~c"lib/engine/build/error.ex", line: 94]}, {XPEngine.Build.Document, :compile, 1, [file: ~c"lib/engine/build/document.ex", line: 18]}, {Mix.Project, :in_project, 4, [file: ~c"lib/mix/project.ex", line: 557]}, {File, :cd!, 2, [file: ~c"lib/file.ex", line: 2007]}, {XPEngine.Mix, :"-in_project/2-fun-0-", 3, [file: ~c"lib/engine/mix.ex", line: 27]}, {:global, :trans, 4, [file: ~c"global.erl", line: 703]}, {:timer, :tc, 2, [file: ~c"timer.erl", line: 599]}, {XPEngine.Build.State, :"-compile_file/2-fun-3-", 3, [file: ~c"lib/engine/build/state.ex", line: 137]}]}
16:33:51.427 [debug] sent notification server -> client textDocument/publishDiagnostics
16:33:51.513 [debug] handled notification client -> server textDocument/didChange in 1ms
16:33:51.585 [error] Invalid diagnostic: {:exception, {%FunctionClauseError{module: XPEngine.Build.Error, function: :error_to_diagnostic, arity: 4, kind: nil, args: [#XPForge.Document<path: "/home/travis/Documents/Courses/Term 4/COMP 4959 - Selected Applications of Programming Paradigms/Project/bloc_the_line/lib/bloc_the_line/game/piece.ex", version: 220, dirty?: true, lines: %Lines<"defmodule Piece do..."(6 lines)>, ...>, :function_clause, [{XPEngine.Build.Error, :error_to_diagnostic, [#XPForge.Document<path: "/home/travis/Documents/Courses/Term 4/COMP 4959 - Selected Applications of Programming Paradigms/Project/bloc_the_line/lib/bloc_the_line/game/piece.ex", version: 220, dirty?: true, lines: %Lines<"defmodule Piece do..."(6 lines)>, ...>, %Kernel.TypespecError{file: "/home/travis/Documents/Courses/Term 4/COMP 4959 - Selected Applications of Programming Paradigms/Project/bloc_the_line/lib/bloc_the_line/game/piece.ex", line: 5, description: "undefined field :corners on struct Piece"}, [{Kernel.Typespec, :compile_error, 2, [file: ~c"lib/kernel/typespec.ex", line: 992]}, {:lists, :foreach_1, 2, [file: ~c"lists.erl", line: 2641]}, {Kernel.Typespec, :typespec, 4, [file: ~c"lib/kernel/typespec.ex", line: 617]}, {Kernel.Typespec, :translate_type, 2, [file: ~c"lib/kernel/typespec.ex", line: 312]}, {:lists, :mapfoldl_1, 3, [file: ~c"lists.erl", line: 2673]}, {:lists, :mapfoldl_1, 3, [file: ~c"lists.erl", line: 2674]}, {Kernel.Typespec, :translate_typespecs_for_module, 2, [file: ~c"lib/kernel/typespec.ex", line: 239]}, {:elixir_erl, :compile, 1, [file: ~c"src/elixir_erl.erl", line: 155]}], {:defmodule, [end_of_expression: [newlines: 1, line: 6, column: 4], do: [line: 1, column: 17], end: [line: 6, column: 1], line: 1, column: 1], [{:__aliases__, [last: [line: 1, column: 11], line: 1, column: 11], [:Piece]}, [do: {:__block__, [], [{:defstruct, [end_of_expression: [newlines: 2, line: 2, column: 46], line: 2, column: 3], [[name: nil, cells: [], cornres: []]]}, {:@, [end_of_expression: [newlines: 1, line: 4, column: 45], line: 4, column: 3], [{:type, [line: 4, column: 4], [{:"::", [line: 4, column: 20], [{:coordinate, [line: 4, column: 9], nil}, {{:integer, [closing: [line: 4, column: 32], line: 4, column: 24], []}, {:integer, [closing: [line: 4, column: 43], line: 4, column: 35], []}}]}]}]}, {:@, [end_of_expression: [newlines: 1, line: 5, column: 97], line: 5, column: 3], [{:type, [line: 5, column: 4], [{:"::", [line: 5, column: 11], [{:t, [line: 5, column: 9], nil}, {:%, [line: 5, column: 14], [{:__MODULE__, [...], ...}, {:%{}, ...}]}]}]}]}]}]]}], [file: ~c"lib/engine/build/error.ex", line: 94]}, {XPEngine.Build.Document.Compilers.Quoted, :do_compile, 2, [file: ~c"lib/engine/build/document/compilers/quoted.ex", line: 49]}, {XPEngine.Build.Document.Compilers.Quoted, :compile, 3, [file: ~c"lib/engine/build/document/compilers/quoted.ex", line: 22]}, {XPEngine.Build.Isolation, :"-invoke/1-fun-0-", 2, [file: ~c"lib/engine/build/isolation.ex", line: 12]}], nil], clauses: nil}, [{XPEngine.Build.Error, :error_to_diagnostic, 4, [file: ~c"lib/engine/build/error.ex", line: 94]}, {XPEngine.Build.Document, :compile, 1, [file: ~c"lib/engine/build/document.ex", line: 18]}, {Mix.Project, :in_project, 4, [file: ~c"lib/mix/project.ex", line: 557]}, {File, :cd!, 2, [file: ~c"lib/file.ex", line: 2007]}, {XPEngine.Mix, :"-in_project/2-fun-0-", 3, [file: ~c"lib/engine/mix.ex", line: 27]}, {:global, :trans, 4, [file: ~c"global.erl", line: 703]}, {:timer, :tc, 2, [file: ~c"timer.erl", line: 599]}, {XPEngine.Build.State, :"-compile_file/2-fun-3-", 3, [file: ~c"lib/engine/build/state.ex", line: 137]}]}, [{XPEngine.Build.Error, :error_to_diagnostic, [#XPForge.Document<path: "/home/travis/Documents/Courses/Term 4/COMP 4959 - Selected Applications of Programming Paradigms/Project/bloc_the_line/lib/bloc_the_line/game/piece.ex", version: 220, dirty?: true, lines: %Lines<"defmodule Piece do..."(6 lines)>, ...>, :function_clause, [{XPEngine.Build.Error, :error_to_diagnostic, [#XPForge.Document<path: "/home/travis/Documents/Courses/Term 4/COMP 4959 - Selected Applications of Programming Paradigms/Project/bloc_the_line/lib/bloc_the_line/game/piece.ex", version: 220, dirty?: true, lines: %Lines<"defmodule Piece do..."(6 lines)>, ...>, %Kernel.TypespecError{file: "/home/travis/Documents/Courses/Term 4/COMP 4959 - Selected Applications of Programming Paradigms/Project/bloc_the_line/lib/bloc_the_line/game/piece.ex", line: 5, description: "undefined field :corners on struct Piece"}, [{Kernel.Typespec, :compile_error, 2, [file: ~c"lib/kernel/typespec.ex", line: 992]}, {:lists, :foreach_1, 2, [file: ~c"lists.erl", line: 2641]}, {Kernel.Typespec, :typespec, 4, [file: ~c"lib/kernel/typespec.ex", line: 617]}, {Kernel.Typespec, :translate_type, 2, [file: ~c"lib/kernel/typespec.ex", line: 312]}, {:lists, :mapfoldl_1, 3, [file: ~c"lists.erl", line: 2673]}, {:lists, :mapfoldl_1, 3, [file: ~c"lists.erl", line: 2674]}, {Kernel.Typespec, :translate_typespecs_for_module, 2, [file: ~c"lib/kernel/typespec.ex", line: 239]}, {:elixir_erl, :compile, 1, [file: ~c"src/elixir_erl.erl", line: 155]}], {:defmodule, [end_of_expression: [newlines: 1, line: 6, column: 4], do: [line: 1, column: 17], end: [line: 6, column: 1], line: 1, column: 1], [{:__aliases__, [last: [line: 1, column: 11], line: 1, column: 11], [:Piece]}, [do: {:__block__, [], [{:defstruct, [end_of_expression: [newlines: 2, line: 2, column: 46], line: 2, column: 3], [[name: nil, cells: [], cornres: []]]}, {:@, [end_of_expression: [newlines: 1, line: 4, column: 45], line: 4, column: 3], [{:type, [line: 4, column: 4], [{:"::", [line: 4, column: 20], [{:coordinate, [line: 4, column: 9], nil}, {{:integer, [closing: [line: 4, column: 32], line: 4, column: 24], []}, {:integer, [closing: [line: 4, column: 43], line: 4, column: 35], []}}]}]}]}, {:@, [end_of_expression: [newlines: 1, line: 5, column: 97], line: 5, column: 3], [{:type, [line: 5, column: 4], [{:"::", [line: 5, column: 11], [{:t, [line: 5, column: 9], nil}, {:%, [line: 5, column: 14], [{:__MODULE__, [line: 5, ...], nil}, {:%{}, [...], ...}]}]}]}]}]}]]}], [file: ~c"lib/engine/build/error.ex", line: 94]}, {XPEngine.Build.Document.Compilers.Quoted, :do_compile, 2, [file: ~c"lib/engine/build/document/compilers/quoted.ex", line: 49]}, {XPEngine.Build.Document.Compilers.Quoted, :compile, 3, [file: ~c"lib/engine/build/document/compilers/quoted.ex", line: 22]}, {XPEngine.Build.Isolation, :"-invoke/1-fun-0-", 2, [file: ~c"lib/engine/build/isolation.ex", line: 12]}], nil], [file: ~c"lib/engine/build/error.ex", line: 94]}, {XPEngine.Build.Document, :compile, 1, [file: ~c"lib/engine/build/document.ex", line: 18]}, {Mix.Project, :in_project, 4, [file: ~c"lib/mix/project.ex", line: 557]}, {File, :cd!, 2, [file: ~c"lib/file.ex", line: 2007]}, {XPEngine.Mix, :"-in_project/2-fun-0-", 3, [file: ~c"lib/engine/mix.ex", line: 27]}, {:global, :trans, 4, [file: ~c"global.erl", line: 703]}, {:timer, :tc, 2, [file: ~c"timer.erl", line: 599]}, {XPEngine.Build.State, :"-compile_file/2-fun-3-", 3, [file: ~c"lib/engine/build/state.ex", line: 137]}]}
16:33:51.585 [debug] sent notification server -> client textDocument/publishDiagnostics
16:33:51.662 [debug] handled notification client -> server textDocument/didChange in 795µs
16:33:51.732 [error] Invalid diagnostic: {:exception, {%FunctionClauseError{module: XPEngine.Build.Error, function: :error_to_diagnostic, arity: 4, kind: nil, args: [#XPForge.Document<path: "/home/travis/Documents/Courses/Term 4/COMP 4959 - Selected Applications of Programming Paradigms/Project/bloc_the_line/lib/bloc_the_line/game/piece.ex", version: 221, dirty?: true, lines: %Lines<"defmodule Piece do..."(6 lines)>, ...>, :function_clause, [{XPEngine.Build.Error, :error_to_diagnostic, [#XPForge.Document<path: "/home/travis/Documents/Courses/Term 4/COMP 4959 - Selected Applications of Programming Paradigms/Project/bloc_the_line/lib/bloc_the_line/game/piece.ex", version: 221, dirty?: true, lines: %Lines<"defmodule Piece do..."(6 lines)>, ...>, %Kernel.TypespecError{file: "/home/travis/Documents/Courses/Term 4/COMP 4959 - Selected Applications of Programming Paradigms/Project/bloc_the_line/lib/bloc_the_line/game/piece.ex", line: 5, description: "undefined field :corners on struct Piece"}, [{Kernel.Typespec, :compile_error, 2, [file: ~c"lib/kernel/typespec.ex", line: 992]}, {:lists, :foreach_1, 2, [file: ~c"lists.erl", line: 2641]}, {Kernel.Typespec, :typespec, 4, [file: ~c"lib/kernel/typespec.ex", line: 617]}, {Kernel.Typespec, :translate_type, 2, [file: ~c"lib/kernel/typespec.ex", line: 312]}, {:lists, :mapfoldl_1, 3, [file: ~c"lists.erl", line: 2673]}, {:lists, :mapfoldl_1, 3, [file: ~c"lists.erl", line: 2674]}, {Kernel.Typespec, :translate_typespecs_for_module, 2, [file: ~c"lib/kernel/typespec.ex", line: 239]}, {:elixir_erl, :compile, 1, [file: ~c"src/elixir_erl.erl", line: 155]}], {:defmodule, [end_of_expression: [newlines: 1, line: 6, column: 4], do: [line: 1, column: 17], end: [line: 6, column: 1], line: 1, column: 1], [{:__aliases__, [last: [line: 1, column: 11], line: 1, column: 11], [:Piece]}, [do: {:__block__, [], [{:defstruct, [end_of_expression: [newlines: 2, line: 2, column: 46], line: 2, column: 3], [[name: nil, cells: [], cornres: []]]}, {:@, [end_of_expression: [newlines: 1, line: 4, column: 45], line: 4, column: 3], [{:type, [line: 4, column: 4], [{:"::", [line: 4, column: 20], [{:coordinate, [line: 4, column: 9], nil}, {{:integer, [closing: [line: 4, column: 32], line: 4, column: 24], []}, {:integer, [closing: [line: 4, column: 43], line: 4, column: 35], []}}]}]}]}, {:@, [end_of_expression: [newlines: 1, line: 5, column: 98], line: 5, column: 3], [{:type, [line: 5, column: 4], [{:"::", [line: 5, column: 11], [{:t, [line: 5, column: 9], nil}, {:%, [line: 5, column: 14], [{:__MODULE__, [...], ...}, {:%{}, ...}]}]}]}]}]}]]}], [file: ~c"lib/engine/build/error.ex", line: 94]}, {XPEngine.Build.Document.Compilers.Quoted, :do_compile, 2, [file: ~c"lib/engine/build/document/compilers/quoted.ex", line: 49]}, {XPEngine.Build.Document.Compilers.Quoted, :compile, 3, [file: ~c"lib/engine/build/document/compilers/quoted.ex", line: 22]}, {XPEngine.Build.Isolation, :"-invoke/1-fun-0-", 2, [file: ~c"lib/engine/build/isolation.ex", line: 12]}], nil], clauses: nil}, [{XPEngine.Build.Error, :error_to_diagnostic, 4, [file: ~c"lib/engine/build/error.ex", line: 94]}, {XPEngine.Build.Document, :compile, 1, [file: ~c"lib/engine/build/document.ex", line: 18]}, {Mix.Project, :in_project, 4, [file: ~c"lib/mix/project.ex", line: 557]}, {File, :cd!, 2, [file: ~c"lib/file.ex", line: 2007]}, {XPEngine.Mix, :"-in_project/2-fun-0-", 3, [file: ~c"lib/engine/mix.ex", line: 27]}, {:global, :trans, 4, [file: ~c"global.erl", line: 703]}, {:timer, :tc, 2, [file: ~c"timer.erl", line: 599]}, {XPEngine.Build.State, :"-compile_file/2-fun-3-", 3, [file: ~c"lib/engine/build/state.ex", line: 137]}]}, [{XPEngine.Build.Error, :error_to_diagnostic, [#XPForge.Document<path: "/home/travis/Documents/Courses/Term 4/COMP 4959 - Selected Applications of Programming Paradigms/Project/bloc_the_line/lib/bloc_the_line/game/piece.ex", version: 221, dirty?: true, lines: %Lines<"defmodule Piece do..."(6 lines)>, ...>, :function_clause, [{XPEngine.Build.Error, :error_to_diagnostic, [#XPForge.Document<path: "/home/travis/Documents/Courses/Term 4/COMP 4959 - Selected Applications of Programming Paradigms/Project/bloc_the_line/lib/bloc_the_line/game/piece.ex", version: 221, dirty?: true, lines: %Lines<"defmodule Piece do..."(6 lines)>, ...>, %Kernel.TypespecError{file: "/home/travis/Documents/Courses/Term 4/COMP 4959 - Selected Applications of Programming Paradigms/Project/bloc_the_line/lib/bloc_the_line/game/piece.ex", line: 5, description: "undefined field :corners on struct Piece"}, [{Kernel.Typespec, :compile_error, 2, [file: ~c"lib/kernel/typespec.ex", line: 992]}, {:lists, :foreach_1, 2, [file: ~c"lists.erl", line: 2641]}, {Kernel.Typespec, :typespec, 4, [file: ~c"lib/kernel/typespec.ex", line: 617]}, {Kernel.Typespec, :translate_type, 2, [file: ~c"lib/kernel/typespec.ex", line: 312]}, {:lists, :mapfoldl_1, 3, [file: ~c"lists.erl", line: 2673]}, {:lists, :mapfoldl_1, 3, [file: ~c"lists.erl", line: 2674]}, {Kernel.Typespec, :translate_typespecs_for_module, 2, [file: ~c"lib/kernel/typespec.ex", line: 239]}, {:elixir_erl, :compile, 1, [file: ~c"src/elixir_erl.erl", line: 155]}], {:defmodule, [end_of_expression: [newlines: 1, line: 6, column: 4], do: [line: 1, column: 17], end: [line: 6, column: 1], line: 1, column: 1], [{:__aliases__, [last: [line: 1, column: 11], line: 1, column: 11], [:Piece]}, [do: {:__block__, [], [{:defstruct, [end_of_expression: [newlines: 2, line: 2, column: 46], line: 2, column: 3], [[name: nil, cells: [], cornres: []]]}, {:@, [end_of_expression: [newlines: 1, line: 4, column: 45], line: 4, column: 3], [{:type, [line: 4, column: 4], [{:"::", [line: 4, column: 20], [{:coordinate, [line: 4, column: 9], nil}, {{:integer, [closing: [line: 4, column: 32], line: 4, column: 24], []}, {:integer, [closing: [line: 4, column: 43], line: 4, column: 35], []}}]}]}]}, {:@, [end_of_expression: [newlines: 1, line: 5, column: 98], line: 5, column: 3], [{:type, [line: 5, column: 4], [{:"::", [line: 5, column: 11], [{:t, [line: 5, column: 9], nil}, {:%, [line: 5, column: 14], [{:__MODULE__, [line: 5, ...], nil}, {:%{}, [...], ...}]}]}]}]}]}]]}], [file: ~c"lib/engine/build/error.ex", line: 94]}, {XPEngine.Build.Document.Compilers.Quoted, :do_compile, 2, [file: ~c"lib/engine/build/document/compilers/quoted.ex", line: 49]}, {XPEngine.Build.Document.Compilers.Quoted, :compile, 3, [file: ~c"lib/engine/build/document/compilers/quoted.ex", line: 22]}, {XPEngine.Build.Isolation, :"-invoke/1-fun-0-", 2, [file: ~c"lib/engine/build/isolation.ex", line: 12]}], nil], [file: ~c"lib/engine/build/error.ex", line: 94]}, {XPEngine.Build.Document, :compile, 1, [file: ~c"lib/engine/build/document.ex", line: 18]}, {Mix.Project, :in_project, 4, [file: ~c"lib/mix/project.ex", line: 557]}, {File, :cd!, 2, [file: ~c"lib/file.ex", line: 2007]}, {XPEngine.Mix, :"-in_project/2-fun-0-", 3, [file: ~c"lib/engine/mix.ex", line: 27]}, {:global, :trans, 4, [file: ~c"global.erl", line: 703]}, {:timer, :tc, 2, [file: ~c"timer.erl", line: 599]}, {XPEngine.Build.State, :"-compile_file/2-fun-3-", 3, [file: ~c"lib/engine/build/state.ex", line: 137]}]}
16:33:51.733 [debug] sent notification server -> client textDocument/publishDiagnostics
16:33:51.811 [debug] handled notification client -> server textDocument/didChange in 880µs
16:33:51.875 [error] Invalid diagnostic: {:exception, {%FunctionClauseError{module: XPEngine.Build.Error, function: :error_to_diagnostic, arity: 4, kind: nil, args: [#XPForge.Document<path: "/home/travis/Documents/Courses/Term 4/COMP 4959 - Selected Applications of Programming Paradigms/Project/bloc_the_line/lib/bloc_the_line/game/piece.ex", version: 222, dirty?: true, lines: %Lines<"defmodule Piece do..."(6 lines)>, ...>, :function_clause, [{XPEngine.Build.Error, :error_to_diagnostic, [#XPForge.Document<path: "/home/travis/Documents/Courses/Term 4/COMP 4959 - Selected Applications of Programming Paradigms/Project/bloc_the_line/lib/bloc_the_line/game/piece.ex", version: 222, dirty?: true, lines: %Lines<"defmodule Piece do..."(6 lines)>, ...>, %Kernel.TypespecError{file: "/home/travis/Documents/Courses/Term 4/COMP 4959 - Selected Applications of Programming Paradigms/Project/bloc_the_line/lib/bloc_the_line/game/piece.ex", line: 5, description: "undefined field :corners on struct Piece"}, [{Kernel.Typespec, :compile_error, 2, [file: ~c"lib/kernel/typespec.ex", line: 992]}, {:lists, :foreach_1, 2, [file: ~c"lists.erl", line: 2641]}, {Kernel.Typespec, :typespec, 4, [file: ~c"lib/kernel/typespec.ex", line: 617]}, {Kernel.Typespec, :translate_type, 2, [file: ~c"lib/kernel/typespec.ex", line: 312]}, {:lists, :mapfoldl_1, 3, [file: ~c"lists.erl", line: 2673]}, {:lists, :mapfoldl_1, 3, [file: ~c"lists.erl", line: 2674]}, {Kernel.Typespec, :translate_typespecs_for_module, 2, [file: ~c"lib/kernel/typespec.ex", line: 239]}, {:elixir_erl, :compile, 1, [file: ~c"src/elixir_erl.erl", line: 155]}], {:defmodule, [end_of_expression: [newlines: 1, line: 6, column: 4], do: [line: 1, column: 17], end: [line: 6, column: 1], line: 1, column: 1], [{:__aliases__, [last: [line: 1, column: 11], line: 1, column: 11], [:Piece]}, [do: {:__block__, [], [{:defstruct, [end_of_expression: [newlines: 2, line: 2, column: 46], line: 2, column: 3], [[name: nil, cells: [], cornres: []]]}, {:@, [end_of_expression: [newlines: 1, line: 4, column: 45], line: 4, column: 3], [{:type, [line: 4, column: 4], [{:"::", [line: 4, column: 20], [{:coordinate, [line: 4, column: 9], nil}, {{:integer, [closing: [line: 4, column: 32], line: 4, column: 24], []}, {:integer, [closing: [line: 4, column: 43], line: 4, column: 35], []}}]}]}]}, {:@, [end_of_expression: [newlines: 1, line: 5, column: 99], line: 5, column: 3], [{:type, [line: 5, column: 4], [{:"::", [line: 5, column: 11], [{:t, [line: 5, column: 9], nil}, {:%, [line: 5, column: 14], [{:__MODULE__, [...], ...}, {:%{}, ...}]}]}]}]}]}]]}], [file: ~c"lib/engine/build/error.ex", line: 94]}, {XPEngine.Build.Document.Compilers.Quoted, :do_compile, 2, [file: ~c"lib/engine/build/document/compilers/quoted.ex", line: 49]}, {XPEngine.Build.Document.Compilers.Quoted, :compile, 3, [file: ~c"lib/engine/build/document/compilers/quoted.ex", line: 22]}, {XPEngine.Build.Isolation, :"-invoke/1-fun-0-", 2, [file: ~c"lib/engine/build/isolation.ex", line: 12]}], nil], clauses: nil}, [{XPEngine.Build.Error, :error_to_diagnostic, 4, [file: ~c"lib/engine/build/error.ex", line: 94]}, {XPEngine.Build.Document, :compile, 1, [file: ~c"lib/engine/build/document.ex", line: 18]}, {Mix.Project, :in_project, 4, [file: ~c"lib/mix/project.ex", line: 557]}, {File, :cd!, 2, [file: ~c"lib/file.ex", line: 2007]}, {XPEngine.Mix, :"-in_project/2-fun-0-", 3, [file: ~c"lib/engine/mix.ex", line: 27]}, {:global, :trans, 4, [file: ~c"global.erl", line: 703]}, {:timer, :tc, 2, [file: ~c"timer.erl", line: 599]}, {XPEngine.Build.State, :"-compile_file/2-fun-3-", 3, [file: ~c"lib/engine/build/state.ex", line: 137]}]}, [{XPEngine.Build.Error, :error_to_diagnostic, [#XPForge.Document<path: "/home/travis/Documents/Courses/Term 4/COMP 4959 - Selected Applications of Programming Paradigms/Project/bloc_the_line/lib/bloc_the_line/game/piece.ex", version: 222, dirty?: true, lines: %Lines<"defmodule Piece do..."(6 lines)>, ...>, :function_clause, [{XPEngine.Build.Error, :error_to_diagnostic, [#XPForge.Document<path: "/home/travis/Documents/Courses/Term 4/COMP 4959 - Selected Applications of Programming Paradigms/Project/bloc_the_line/lib/bloc_the_line/game/piece.ex", version: 222, dirty?: true, lines: %Lines<"defmodule Piece do..."(6 lines)>, ...>, %Kernel.TypespecError{file: "/home/travis/Documents/Courses/Term 4/COMP 4959 - Selected Applications of Programming Paradigms/Project/bloc_the_line/lib/bloc_the_line/game/piece.ex", line: 5, description: "undefined field :corners on struct Piece"}, [{Kernel.Typespec, :compile_error, 2, [file: ~c"lib/kernel/typespec.ex", line: 992]}, {:lists, :foreach_1, 2, [file: ~c"lists.erl", line: 2641]}, {Kernel.Typespec, :typespec, 4, [file: ~c"lib/kernel/typespec.ex", line: 617]}, {Kernel.Typespec, :translate_type, 2, [file: ~c"lib/kernel/typespec.ex", line: 312]}, {:lists, :mapfoldl_1, 3, [file: ~c"lists.erl", line: 2673]}, {:lists, :mapfoldl_1, 3, [file: ~c"lists.erl", line: 2674]}, {Kernel.Typespec, :translate_typespecs_for_module, 2, [file: ~c"lib/kernel/typespec.ex", line: 239]}, {:elixir_erl, :compile, 1, [file: ~c"src/elixir_erl.erl", line: 155]}], {:defmodule, [end_of_expression: [newlines: 1, line: 6, column: 4], do: [line: 1, column: 17], end: [line: 6, column: 1], line: 1, column: 1], [{:__aliases__, [last: [line: 1, column: 11], line: 1, column: 11], [:Piece]}, [do: {:__block__, [], [{:defstruct, [end_of_expression: [newlines: 2, line: 2, column: 46], line: 2, column: 3], [[name: nil, cells: [], cornres: []]]}, {:@, [end_of_expression: [newlines: 1, line: 4, column: 45], line: 4, column: 3], [{:type, [line: 4, column: 4], [{:"::", [line: 4, column: 20], [{:coordinate, [line: 4, column: 9], nil}, {{:integer, [closing: [line: 4, column: 32], line: 4, column: 24], []}, {:integer, [closing: [line: 4, column: 43], line: 4, column: 35], []}}]}]}]}, {:@, [end_of_expression: [newlines: 1, line: 5, column: 99], line: 5, column: 3], [{:type, [line: 5, column: 4], [{:"::", [line: 5, column: 11], [{:t, [line: 5, column: 9], nil}, {:%, [line: 5, column: 14], [{:__MODULE__, [line: 5, ...], nil}, {:%{}, [...], ...}]}]}]}]}]}]]}], [file: ~c"lib/engine/build/error.ex", line: 94]}, {XPEngine.Build.Document.Compilers.Quoted, :do_compile, 2, [file: ~c"lib/engine/build/document/compilers/quoted.ex", line: 49]}, {XPEngine.Build.Document.Compilers.Quoted, :compile, 3, [file: ~c"lib/engine/build/document/compilers/quoted.ex", line: 22]}, {XPEngine.Build.Isolation, :"-invoke/1-fun-0-", 2, [file: ~c"lib/engine/build/isolation.ex", line: 12]}], nil], [file: ~c"lib/engine/build/error.ex", line: 94]}, {XPEngine.Build.Document, :compile, 1, [file: ~c"lib/engine/build/document.ex", line: 18]}, {Mix.Project, :in_project, 4, [file: ~c"lib/mix/project.ex", line: 557]}, {File, :cd!, 2, [file: ~c"lib/file.ex", line: 2007]}, {XPEngine.Mix, :"-in_project/2-fun-0-", 3, [file: ~c"lib/engine/mix.ex", line: 27]}, {:global, :trans, 4, [file: ~c"global.erl", line: 703]}, {:timer, :tc, 2, [file: ~c"timer.erl", line: 599]}, {XPEngine.Build.State, :"-compile_file/2-fun-3-", 3, [file: ~c"lib/engine/build/state.ex", line: 137]}]}
16:33:51.875 [debug] sent notification server -> client textDocument/publishDiagnostics
16:33:51.978 [debug] handled notification client -> server textDocument/didChange in 834µs
16:33:52.045 [error] Invalid diagnostic: {:exception, {%FunctionClauseError{module: XPEngine.Build.Error, function: :error_to_diagnostic, arity: 4, kind: nil, args: [#XPForge.Document<path: "/home/travis/Documents/Courses/Term 4/COMP 4959 - Selected Applications of Programming Paradigms/Project/bloc_the_line/lib/bloc_the_line/game/piece.ex", version: 223, dirty?: true, lines: %Lines<"defmodule Piece do..."(6 lines)>, ...>, :function_clause, [{XPEngine.Build.Error, :error_to_diagnostic, [#XPForge.Document<path: "/home/travis/Documents/Courses/Term 4/COMP 4959 - Selected Applications of Programming Paradigms/Project/bloc_the_line/lib/bloc_the_line/game/piece.ex", version: 223, dirty?: true, lines: %Lines<"defmodule Piece do..."(6 lines)>, ...>, %Kernel.TypespecError{file: "/home/travis/Documents/Courses/Term 4/COMP 4959 - Selected Applications of Programming Paradigms/Project/bloc_the_line/lib/bloc_the_line/game/piece.ex", line: 5, description: "undefined field :corners on struct Piece"}, [{Kernel.Typespec, :compile_error, 2, [file: ~c"lib/kernel/typespec.ex", line: 992]}, {:lists, :foreach_1, 2, [file: ~c"lists.erl", line: 2641]}, {Kernel.Typespec, :typespec, 4, [file: ~c"lib/kernel/typespec.ex", line: 617]}, {Kernel.Typespec, :translate_type, 2, [file: ~c"lib/kernel/typespec.ex", line: 312]}, {:lists, :mapfoldl_1, 3, [file: ~c"lists.erl", line: 2673]}, {:lists, :mapfoldl_1, 3, [file: ~c"lists.erl", line: 2674]}, {Kernel.Typespec, :translate_typespecs_for_module, 2, [file: ~c"lib/kernel/typespec.ex", line: 239]}, {:elixir_erl, :compile, 1, [file: ~c"src/elixir_erl.erl", line: 155]}], {:defmodule, [end_of_expression: [newlines: 1, line: 6, column: 4], do: [line: 1, column: 17], end: [line: 6, column: 1], line: 1, column: 1], [{:__aliases__, [last: [line: 1, column: 11], line: 1, column: 11], [:Piece]}, [do: {:__block__, [], [{:defstruct, [end_of_expression: [newlines: 2, line: 2, column: 46], line: 2, column: 3], [[name: nil, cells: [], cornres: []]]}, {:@, [end_of_expression: [newlines: 1, line: 4, column: 45], line: 4, column: 3], [{:type, [line: 4, column: 4], [{:"::", [line: 4, column: 20], [{:coordinate, [line: 4, column: 9], nil}, {{:integer, [closing: [line: 4, column: 32], line: 4, column: 24], []}, {:integer, [closing: [line: 4, column: 43], line: 4, column: 35], []}}]}]}]}, {:@, [end_of_expression: [newlines: 1, line: 5, column: 100], line: 5, column: 3], [{:type, [line: 5, column: 4], [{:"::", [line: 5, column: 11], [{:t, [line: 5, column: 9], nil}, {:%, [line: 5, column: 14], [{:__MODULE__, [...], ...}, {:%{}, ...}]}]}]}]}]}]]}], [file: ~c"lib/engine/build/error.ex", line: 94]}, {XPEngine.Build.Document.Compilers.Quoted, :do_compile, 2, [file: ~c"lib/engine/build/document/compilers/quoted.ex", line: 49]}, {XPEngine.Build.Document.Compilers.Quoted, :compile, 3, [file: ~c"lib/engine/build/document/compilers/quoted.ex", line: 22]}, {XPEngine.Build.Isolation, :"-invoke/1-fun-0-", 2, [file: ~c"lib/engine/build/isolation.ex", line: 12]}], nil], clauses: nil}, [{XPEngine.Build.Error, :error_to_diagnostic, 4, [file: ~c"lib/engine/build/error.ex", line: 94]}, {XPEngine.Build.Document, :compile, 1, [file: ~c"lib/engine/build/document.ex", line: 18]}, {Mix.Project, :in_project, 4, [file: ~c"lib/mix/project.ex", line: 557]}, {File, :cd!, 2, [file: ~c"lib/file.ex", line: 2007]}, {XPEngine.Mix, :"-in_project/2-fun-0-", 3, [file: ~c"lib/engine/mix.ex", line: 27]}, {:global, :trans, 4, [file: ~c"global.erl", line: 703]}, {:timer, :tc, 2, [file: ~c"timer.erl", line: 599]}, {XPEngine.Build.State, :"-compile_file/2-fun-3-", 3, [file: ~c"lib/engine/build/state.ex", line: 137]}]}, [{XPEngine.Build.Error, :error_to_diagnostic, [#XPForge.Document<path: "/home/travis/Documents/Courses/Term 4/COMP 4959 - Selected Applications of Programming Paradigms/Project/bloc_the_line/lib/bloc_the_line/game/piece.ex", version: 223, dirty?: true, lines: %Lines<"defmodule Piece do..."(6 lines)>, ...>, :function_clause, [{XPEngine.Build.Error, :error_to_diagnostic, [#XPForge.Document<path: "/home/travis/Documents/Courses/Term 4/COMP 4959 - Selected Applications of Programming Paradigms/Project/bloc_the_line/lib/bloc_the_line/game/piece.ex", version: 223, dirty?: true, lines: %Lines<"defmodule Piece do..."(6 lines)>, ...>, %Kernel.TypespecError{file: "/home/travis/Documents/Courses/Term 4/COMP 4959 - Selected Applications of Programming Paradigms/Project/bloc_the_line/lib/bloc_the_line/game/piece.ex", line: 5, description: "undefined field :corners on struct Piece"}, [{Kernel.Typespec, :compile_error, 2, [file: ~c"lib/kernel/typespec.ex", line: 992]}, {:lists, :foreach_1, 2, [file: ~c"lists.erl", line: 2641]}, {Kernel.Typespec, :typespec, 4, [file: ~c"lib/kernel/typespec.ex", line: 617]}, {Kernel.Typespec, :translate_type, 2, [file: ~c"lib/kernel/typespec.ex", line: 312]}, {:lists, :mapfoldl_1, 3, [file: ~c"lists.erl", line: 2673]}, {:lists, :mapfoldl_1, 3, [file: ~c"lists.erl", line: 2674]}, {Kernel.Typespec, :translate_typespecs_for_module, 2, [file: ~c"lib/kernel/typespec.ex", line: 239]}, {:elixir_erl, :compile, 1, [file: ~c"src/elixir_erl.erl", line: 155]}], {:defmodule, [end_of_expression: [newlines: 1, line: 6, column: 4], do: [line: 1, column: 17], end: [line: 6, column: 1], line: 1, column: 1], [{:__aliases__, [last: [line: 1, column: 11], line: 1, column: 11], [:Piece]}, [do: {:__block__, [], [{:defstruct, [end_of_expression: [newlines: 2, line: 2, column: 46], line: 2, column: 3], [[name: nil, cells: [], cornres: []]]}, {:@, [end_of_expression: [newlines: 1, line: 4, column: 45], line: 4, column: 3], [{:type, [line: 4, column: 4], [{:"::", [line: 4, column: 20], [{:coordinate, [line: 4, column: 9], nil}, {{:integer, [closing: [line: 4, column: 32], line: 4, column: 24], []}, {:integer, [closing: [line: 4, column: 43], line: 4, column: 35], []}}]}]}]}, {:@, [end_of_expression: [newlines: 1, line: 5, column: 100], line: 5, column: 3], [{:type, [line: 5, column: 4], [{:"::", [line: 5, column: 11], [{:t, [line: 5, column: 9], nil}, {:%, [line: 5, column: 14], [{:__MODULE__, [line: 5, ...], nil}, {:%{}, [...], ...}]}]}]}]}]}]]}], [file: ~c"lib/engine/build/error.ex", line: 94]}, {XPEngine.Build.Document.Compilers.Quoted, :do_compile, 2, [file: ~c"lib/engine/build/document/compilers/quoted.ex", line: 49]}, {XPEngine.Build.Document.Compilers.Quoted, :compile, 3, [file: ~c"lib/engine/build/document/compilers/quoted.ex", line: 22]}, {XPEngine.Build.Isolation, :"-invoke/1-fun-0-", 2, [file: ~c"lib/engine/build/isolation.ex", line: 12]}], nil], [file: ~c"lib/engine/build/error.ex", line: 94]}, {XPEngine.Build.Document, :compile, 1, [file: ~c"lib/engine/build/document.ex", line: 18]}, {Mix.Project, :in_project, 4, [file: ~c"lib/mix/project.ex", line: 557]}, {File, :cd!, 2, [file: ~c"lib/file.ex", line: 2007]}, {XPEngine.Mix, :"-in_project/2-fun-0-", 3, [file: ~c"lib/engine/mix.ex", line: 27]}, {:global, :trans, 4, [file: ~c"global.erl", line: 703]}, {:timer, :tc, 2, [file: ~c"timer.erl", line: 599]}, {XPEngine.Build.State, :"-compile_file/2-fun-3-", 3, [file: ~c"lib/engine/build/state.ex", line: 137]}]}
16:33:52.045 [debug] sent notification server -> client textDocument/publishDiagnostics
16:33:52.634 [debug] handled notification client -> server textDocument/didChange in 930µs
16:33:52.709 [error] Invalid diagnostic: {:exception, {%FunctionClauseError{module: XPEngine.Build.Error, function: :error_to_diagnostic, arity: 4, kind: nil, args: [#XPForge.Document<path: "/home/travis/Documents/Courses/Term 4/COMP 4959 - Selected Applications of Programming Paradigms/Project/bloc_the_line/lib/bloc_the_line/game/piece.ex", version: 224, dirty?: true, lines: %Lines<"defmodule Piece do..."(6 lines)>, ...>, :function_clause, [{XPEngine.Build.Error, :error_to_diagnostic, [#XPForge.Document<path: "/home/travis/Documents/Courses/Term 4/COMP 4959 - Selected Applications of Programming Paradigms/Project/bloc_the_line/lib/bloc_the_line/game/piece.ex", version: 224, dirty?: true, lines: %Lines<"defmodule Piece do..."(6 lines)>, ...>, %Kernel.TypespecError{file: "/home/travis/Documents/Courses/Term 4/COMP 4959 - Selected Applications of Programming Paradigms/Project/bloc_the_line/lib/bloc_the_line/game/piece.ex", line: 5, description: "undefined field :corners on struct Piece"}, [{Kernel.Typespec, :compile_error, 2, [file: ~c"lib/kernel/typespec.ex", line: 992]}, {:lists, :foreach_1, 2, [file: ~c"lists.erl", line: 2641]}, {Kernel.Typespec, :typespec, 4, [file: ~c"lib/kernel/typespec.ex", line: 617]}, {Kernel.Typespec, :translate_type, 2, [file: ~c"lib/kernel/typespec.ex", line: 312]}, {:lists, :mapfoldl_1, 3, [file: ~c"lists.erl", line: 2673]}, {:lists, :mapfoldl_1, 3, [file: ~c"lists.erl", line: 2674]}, {Kernel.Typespec, :translate_typespecs_for_module, 2, [file: ~c"lib/kernel/typespec.ex", line: 239]}, {:elixir_erl, :compile, 1, [file: ~c"src/elixir_erl.erl", line: 155]}], {:defmodule, [end_of_expression: [newlines: 1, line: 6, column: 4], do: [line: 1, column: 17], end: [line: 6, column: 1], line: 1, column: 1], [{:__aliases__, [last: [line: 1, column: 11], line: 1, column: 11], [:Piece]}, [do: {:__block__, [], [{:defstruct, [end_of_expression: [newlines: 2, line: 2, column: 46], line: 2, column: 3], [[name: nil, cells: [], cornres: []]]}, {:@, [end_of_expression: [newlines: 1, line: 4, column: 45], line: 4, column: 3], [{:type, [line: 4, column: 4], [{:"::", [line: 4, column: 20], [{:coordinate, [line: 4, column: 9], nil}, {{:integer, [closing: [line: 4, column: 32], line: 4, column: 24], []}, {:integer, [closing: [line: 4, column: 43], line: 4, column: 35], []}}]}]}]}, {:@, [end_of_expression: [newlines: 1, line: 5, column: 107], line: 5, column: 3], [{:type, [line: 5, column: 4], [{:"::", [line: 5, column: 11], [{:t, [line: 5, column: 9], nil}, {:%, [line: 5, column: 14], [{:__MODULE__, [...], ...}, {:%{}, ...}]}]}]}]}]}]]}], [file: ~c"lib/engine/build/error.ex", line: 94]}, {XPEngine.Build.Document.Compilers.Quoted, :do_compile, 2, [file: ~c"lib/engine/build/document/compilers/quoted.ex", line: 49]}, {XPEngine.Build.Document.Compilers.Quoted, :compile, 3, [file: ~c"lib/engine/build/document/compilers/quoted.ex", line: 22]}, {XPEngine.Build.Isolation, :"-invoke/1-fun-0-", 2, [file: ~c"lib/engine/build/isolation.ex", line: 12]}], nil], clauses: nil}, [{XPEngine.Build.Error, :error_to_diagnostic, 4, [file: ~c"lib/engine/build/error.ex", line: 94]}, {XPEngine.Build.Document, :compile, 1, [file: ~c"lib/engine/build/document.ex", line: 18]}, {Mix.Project, :in_project, 4, [file: ~c"lib/mix/project.ex", line: 557]}, {File, :cd!, 2, [file: ~c"lib/file.ex", line: 2007]}, {XPEngine.Mix, :"-in_project/2-fun-0-", 3, [file: ~c"lib/engine/mix.ex", line: 27]}, {:global, :trans, 4, [file: ~c"global.erl", line: 703]}, {:timer, :tc, 2, [file: ~c"timer.erl", line: 599]}, {XPEngine.Build.State, :"-compile_file/2-fun-3-", 3, [file: ~c"lib/engine/build/state.ex", line: 137]}]}, [{XPEngine.Build.Error, :error_to_diagnostic, [#XPForge.Document<path: "/home/travis/Documents/Courses/Term 4/COMP 4959 - Selected Applications of Programming Paradigms/Project/bloc_the_line/lib/bloc_the_line/game/piece.ex", version: 224, dirty?: true, lines: %Lines<"defmodule Piece do..."(6 lines)>, ...>, :function_clause, [{XPEngine.Build.Error, :error_to_diagnostic, [#XPForge.Document<path: "/home/travis/Documents/Courses/Term 4/COMP 4959 - Selected Applications of Programming Paradigms/Project/bloc_the_line/lib/bloc_the_line/game/piece.ex", version: 224, dirty?: true, lines: %Lines<"defmodule Piece do..."(6 lines)>, ...>, %Kernel.TypespecError{file: "/home/travis/Documents/Courses/Term 4/COMP 4959 - Selected Applications of Programming Paradigms/Project/bloc_the_line/lib/bloc_the_line/game/piece.ex", line: 5, description: "undefined field :corners on struct Piece"}, [{Kernel.Typespec, :compile_error, 2, [file: ~c"lib/kernel/typespec.ex", line: 992]}, {:lists, :foreach_1, 2, [file: ~c"lists.erl", line: 2641]}, {Kernel.Typespec, :typespec, 4, [file: ~c"lib/kernel/typespec.ex", line: 617]}, {Kernel.Typespec, :translate_type, 2, [file: ~c"lib/kernel/typespec.ex", line: 312]}, {:lists, :mapfoldl_1, 3, [file: ~c"lists.erl", line: 2673]}, {:lists, :mapfoldl_1, 3, [file: ~c"lists.erl", line: 2674]}, {Kernel.Typespec, :translate_typespecs_for_module, 2, [file: ~c"lib/kernel/typespec.ex", line: 239]}, {:elixir_erl, :compile, 1, [file: ~c"src/elixir_erl.erl", line: 155]}], {:defmodule, [end_of_expression: [newlines: 1, line: 6, column: 4], do: [line: 1, column: 17], end: [line: 6, column: 1], line: 1, column: 1], [{:__aliases__, [last: [line: 1, column: 11], line: 1, column: 11], [:Piece]}, [do: {:__block__, [], [{:defstruct, [end_of_expression: [newlines: 2, line: 2, column: 46], line: 2, column: 3], [[name: nil, cells: [], cornres: []]]}, {:@, [end_of_expression: [newlines: 1, line: 4, column: 45], line: 4, column: 3], [{:type, [line: 4, column: 4], [{:"::", [line: 4, column: 20], [{:coordinate, [line: 4, column: 9], nil}, {{:integer, [closing: [line: 4, column: 32], line: 4, column: 24], []}, {:integer, [closing: [line: 4, column: 43], line: 4, column: 35], []}}]}]}]}, {:@, [end_of_expression: [newlines: 1, line: 5, column: 107], line: 5, column: 3], [{:type, [line: 5, column: 4], [{:"::", [line: 5, column: 11], [{:t, [line: 5, column: 9], nil}, {:%, [line: 5, column: 14], [{:__MODULE__, [line: 5, ...], nil}, {:%{}, [...], ...}]}]}]}]}]}]]}], [file: ~c"lib/engine/build/error.ex", line: 94]}, {XPEngine.Build.Document.Compilers.Quoted, :do_compile, 2, [file: ~c"lib/engine/build/document/compilers/quoted.ex", line: 49]}, {XPEngine.Build.Document.Compilers.Quoted, :compile, 3, [file: ~c"lib/engine/build/document/compilers/quoted.ex", line: 22]}, {XPEngine.Build.Isolation, :"-invoke/1-fun-0-", 2, [file: ~c"lib/engine/build/isolation.ex", line: 12]}], nil], [file: ~c"lib/engine/build/error.ex", line: 94]}, {XPEngine.Build.Document, :compile, 1, [file: ~c"lib/engine/build/document.ex", line: 18]}, {Mix.Project, :in_project, 4, [file: ~c"lib/mix/project.ex", line: 557]}, {File, :cd!, 2, [file: ~c"lib/file.ex", line: 2007]}, {XPEngine.Mix, :"-in_project/2-fun-0-", 3, [file: ~c"lib/engine/mix.ex", line: 27]}, {:global, :trans, 4, [file: ~c"global.erl", line: 703]}, {:timer, :tc, 2, [file: ~c"timer.erl", line: 599]}, {XPEngine.Build.State, :"-compile_file/2-fun-3-", 3, [file: ~c"lib/engine/build/state.ex", line: 137]}]}
16:33:52.709 [debug] sent notification server -> client textDocument/publishDiagnostics
16:33:55.661 [debug] handled notification client -> server textDocument/didSave in 1ms
16:33:55.711 [debug] sent request server -> client window/workDoneProgress/create
16:33:55.712 [debug] sent notification server -> client $/progress
16:33:55.776 [debug] sent notification server -> client $/progress
16:33:55.788 [debug] sent notification server -> client $/progress
16:33:55.788 [info] Compiled bloc_the_line in 77 ms
16:33:55.788 [debug] sent notification server -> client textDocument/publishDiagnostics
16:34:01.273 [debug] sent notification server -> client window/logMessage
16:34:01.273 [info] Shutting down
16:34:01.273 [error] Writer crashed (:epipe)
16:34:02.741 [debug] Child {XPLoggerFileBackend, :general_log} of Supervisor Logger.Backends.Supervisor started
Pid: #PID<0.103.0>
Start Call: Logger.Backends.Watcher.start_link({{XPLoggerFileBackend, :general_log}, {XPLoggerFileBackend, :general_log}})
Restart: :transient
Shutdown: 5000
Type: :worker
16:34:02.741 [info] Child Logger.Backends.Supervisor of Supervisor Logger.Backends.Internal started
Pid: #PID<0.102.0>
Start Call: Logger.Backends.Supervisor.start_link([{XPLoggerFileBackend, :general_log}])
Restart: :permanent
Shutdown: :infinity
Type: :supervisor
16:34:02.741 [info] Child Logger.Backends.Internal of Supervisor Logger.Supervisor started
Pid: #PID<0.98.0>
Start Call: Logger.Backends.Internal.start_link([])
Restart: :permanent
Shutdown: :infinity
Type: :supervisor
16:34:02.741 [info] Application logger started at :nonode@nohost
16:34:02.742 [info] Application xp_mime started at :nonode@nohost
16:34:02.742 [info] Application xp_hpax started at :nonode@nohost
16:34:02.742 [info] Application crypto started at :nonode@nohost
16:34:02.742 [info] Application asn1 started at :nonode@nohost
16:34:02.742 [info] Application public_key started at :nonode@nohost
16:34:02.743 [debug] Child :ssl_handler of Supervisor :logger_sup started
Pid: #PID<0.108.0>
Start Call: :logger_olp.start_link(:logger_std_h_ssl_handler, :logger_h_common, %{id: :ssl_handler, module: :logger_std_h, config: %{type: :standard_io, filesync_repeat_interval: :no_repeat}, level: :debug, filters: [], formatter: {:ssl_logger, %{}}, filter_default: :stop}, %{})
Restart: :temporary
Shutdown: 2000
Type: :worker
16:34:02.744 [info] Child :ssl_pem_cache of Supervisor :ssl_admin_sup started
Pid: #PID<0.112.0>
Start Call: :ssl_pem_cache.start_link([])
Restart: :permanent
Shutdown: 4000
Type: :worker
16:34:02.745 [info] Child :ssl_manager of Supervisor :ssl_admin_sup started
Pid: #PID<0.113.0>
Start Call: :ssl_manager.start_link([])
Restart: :permanent
Shutdown: 4000
Type: :worker
16:34:02.745 [info] Child :tls_client_ticket_store of Supervisor :ssl_admin_sup started
Pid: #PID<0.114.0>
Start Call: :tls_client_ticket_store.start_link(1000, 7200)
Restart: :permanent
Shutdown: 4000
Type: :worker
16:34:02.745 [info] Child :ssl_admin_sup of Supervisor :ssl_sup started
Pid: #PID<0.111.0>
Start Call: :ssl_admin_sup.start_link()
Restart: :permanent
Shutdown: 4000
Type: :supervisor
16:34:02.746 [info] Child :tls_connection_sup of Supervisor :tls_sup started
Pid: #PID<0.117.0>
Start Call: :tls_connection_sup.start_link()
Restart: :permanent
Shutdown: 4000
Type: :supervisor
16:34:02.746 [info] Child :ssl_listen_tracker_sup of Supervisor :tls_server_sup started
Pid: #PID<0.119.0>
Start Call: :ssl_listen_tracker_sup.start_link()
Restart: :permanent
Shutdown: 4000
Type: :supervisor
16:34:02.746 [info] Child :tls_server_session_ticket of Supervisor :tls_server_sup started
Pid: #PID<0.120.0>
Start Call: :tls_server_session_ticket_sup.start_link()
Restart: :permanent
Shutdown: 4000
Type: :supervisor
16:34:02.746 [info] Child :ssl_server_session_cache_sup of Supervisor :tls_server_sup started
Pid: #PID<0.121.0>
Start Call: :ssl_server_session_cache_sup.start_link()
Restart: :permanent
Shutdown: 4000
Type: :supervisor
16:34:02.746 [info] Child :ssl_upgrade_server_session_cache_sup of Supervisor :tls_server_sup started
Pid: #PID<0.122.0>
Start Call: :ssl_upgrade_server_session_cache_sup.start_link()
Restart: :permanent
Shutdown: 4000
Type: :supervisor
16:34:02.747 [info] Child :tls_server_sup of Supervisor :tls_sup started
Pid: #PID<0.118.0>
Start Call: :tls_server_sup.start_link()
Restart: :permanent
Shutdown: 4000
Type: :supervisor
16:34:02.747 [info] Child :tls_sup of Supervisor :ssl_connection_sup started
Pid: #PID<0.116.0>
Start Call: :tls_sup.start_link()
Restart: :permanent
Shutdown: 4000
Type: :supervisor
16:34:02.747 [info] Child :dtls_connection_sup of Supervisor :dtls_sup started
Pid: #PID<0.124.0>
Start Call: :dtls_connection_sup.start_link()
Restart: :permanent
Shutdown: 4000
Type: :supervisor
16:34:02.747 [info] Child :dtls_listener_sup of Supervisor :dtls_server_sup started
Pid: #PID<0.126.0>
Start Call: :dtls_listener_sup.start_link()
Restart: :permanent
Shutdown: 4000
Type: :supervisor
16:34:02.747 [info] Child :dtls_server_session_cache_sup of Supervisor :dtls_server_sup started
Pid: #PID<0.127.0>
Start Call: :dtls_server_session_cache_sup.start_link()
Restart: :permanent
Shutdown: 4000
Type: :supervisor
16:34:02.747 [info] Child :dtls_server_sup of Supervisor :dtls_sup started
Pid: #PID<0.125.0>
Start Call: :dtls_server_sup.start_link()
Restart: :permanent
Shutdown: 4000
Type: :supervisor
16:34:02.747 [info] Child :dtls_sup of Supervisor :ssl_connection_sup started
Pid: #PID<0.123.0>
Start Call: :dtls_sup.start_link()
Restart: :permanent
Shutdown: 4000
Type: :supervisor
16:34:02.747 [info] Child :ssl_connection_sup of Supervisor :ssl_sup started
Pid: #PID<0.115.0>
Start Call: :ssl_connection_sup.start_link()
Restart: :permanent
Shutdown: 4000
Type: :supervisor
16:34:02.747 [info] Application ssl started at :nonode@nohost
16:34:02.748 [info] Application xp_mint started at :nonode@nohost
16:34:02.748 [info] Application xp_nimble_options started at :nonode@nohost
16:34:02.749 [info] Child XPNimblePool.TaskSupervisor of Supervisor #PID<0.133.0> (Supervisor.Default) started
Pid: #PID<0.134.0>
Start Call: Task.Supervisor.start_link([name: XPNimblePool.TaskSupervisor])
Restart: :permanent
Shutdown: :infinity
Type: :supervisor
16:34:02.749 [info] Application xp_nimble_pool started at :nonode@nohost
16:34:02.749 [info] Child :telemetry_handler_table of Supervisor :telemetry_sup started
Pid: #PID<0.138.0>
Start Call: :telemetry_handler_table.start_link()
Restart: :permanent
Shutdown: 5000
Type: :worker
16:34:02.749 [info] Application xp_telemetry started at :nonode@nohost
16:34:02.750 [info] Application xp_finch started at :nonode@nohost
16:34:02.756 [info] Child XPReq.Finch.PIDPartition0 of Supervisor XPReq.Finch started
Pid: #PID<0.144.0>
Start Call: Registry.Partition.start_link(XPReq.Finch.PIDPartition0, {:duplicate, XPReq.Finch, 0, 1, XPReq.Finch.KeyPartition0, XPReq.Finch.PIDPartition0, [], false})
Restart: :permanent
Shutdown: 5000
Type: :worker
16:34:02.756 [info] Child XPReq.Finch of Supervisor XPReq.Finch.Supervisor started
Pid: #PID<0.143.0>
Start Call: Registry.start_link([keys: :duplicate, name: XPReq.Finch, meta: [config: %{pools: %{}, registry_name: XPReq.Finch, supervisor_name: XPReq.Finch.PoolSupervisor, manager_name: XPReq.Finch.PoolManager, default_pool_config: %{count: 1, size: 50, mod: XPFinch.HTTP1.Pool, conn_opts: [protocols: [:http1], transport_opts: [keepalive: true, nodelay: true, timeout: 5000], ssl_key_log_file_device: nil], pool_max_idle_time: :infinity, conn_max_idle_time: :infinity, start_pool_metrics?: false}}]])
Restart: :permanent
Shutdown: :infinity
Type: :supervisor
16:34:02.756 [info] Child XPReq.Finch.PoolSupervisor of Supervisor XPReq.Finch.Supervisor started
Pid: #PID<0.145.0>
Start Call: DynamicSupervisor.start_link([name: XPReq.Finch.PoolSupervisor, strategy: :one_for_one])
Restart: :permanent
Shutdown: :infinity
Type: :supervisor
16:34:02.756 [info] Child XPFinch.PoolManager of Supervisor XPReq.Finch.Supervisor started
Pid: #PID<0.146.0>
Start Call: XPFinch.PoolManager.start_link(%{pools: %{}, registry_name: XPReq.Finch, supervisor_name: XPReq.Finch.PoolSupervisor, manager_name: XPReq.Finch.PoolManager, default_pool_config: %{count: 1, size: 50, mod: XPFinch.HTTP1.Pool, conn_opts: [protocols: [:http1], transport_opts: [keepalive: true, nodelay: true, timeout: 5000], ssl_key_log_file_device: nil], pool_max_idle_time: :infinity, conn_max_idle_time: :infinity, start_pool_metrics?: false}})
Restart: :permanent
Shutdown: 5000
Type: :worker
16:34:02.756 [info] Child XPReq.Finch of Supervisor #PID<0.141.0> (Supervisor.Default) started
Pid: #PID<0.142.0>
Start Call: XPFinch.start_link([name: XPReq.Finch, pools: %{default: [protocols: [:http1]]}])
Restart: :permanent
Shutdown: 5000
Type: :worker
16:34:02.756 [info] Child XPReq.FinchSupervisor of Supervisor #PID<0.141.0> (Supervisor.Default) started
Pid: #PID<0.147.0>
Start Call: DynamicSupervisor.start_link([strategy: :one_for_one, name: XPReq.FinchSupervisor])
Restart: :permanent
Shutdown: :infinity
Type: :supervisor
16:34:02.756 [info] Child XPReq.Test.Ownership of Supervisor #PID<0.141.0> (Supervisor.Default) started
Pid: #PID<0.148.0>
Start Call: XPReq.Test.Ownership.start_link([name: XPReq.Test.Ownership])
Restart: :permanent
Shutdown: 5000
Type: :worker
16:34:02.756 [info] Application xp_req started at :nonode@nohost
16:34:02.756 [info] Application burrito started at :nonode@nohost
16:34:02.756 [info] Application erts started at :nonode@nohost
16:34:02.756 [info] Application xp_schematic started at :nonode@nohost
16:34:02.757 [info] Application xp_typed_struct started at :nonode@nohost
16:34:02.757 [info] Application xp_gen_lsp started at :nonode@nohost
16:34:02.759 [info] Child XPSnowflake.Generator of Supervisor #PID<0.151.0> (Supervisor.Default) started
Pid: #PID<0.152.0>
Start Call: XPSnowflake.Generator.start_link(0, 1023)
Restart: :permanent
Shutdown: 5000
Type: :worker
16:34:02.759 [info] Application xp_snowflake started at :nonode@nohost
16:34:02.759 [info] Application xp_sourceror started at :nonode@nohost
16:34:02.759 [info] Application xp_forge started at :nonode@nohost
16:34:02.759 [info] Application xp_logger_file_backend started at :nonode@nohost
16:34:02.761 [info] Child :ttb_autostart of Supervisor :runtime_tools_sup started
Pid: #PID<0.156.0>
Start Call: :ttb_autostart.start_link()
Restart: :temporary
Shutdown: 3000
Type: :worker
16:34:02.761 [info] Application runtime_tools started at :nonode@nohost
16:34:02.761 [info] Application et started at :nonode@nohost
16:34:02.761 [info] Application observer started at :nonode@nohost
16:34:02.761 [info] Application xp_path_glob started at :nonode@nohost
16:34:02.763 [info] Child XPForge.Document.Store of Supervisor XPExpert.Supervisor started
Pid: #PID<0.160.0>
Start Call: XPForge.Document.Store.start_link([derive: [analysis: &XPForge.Ast.analyze/1]])
Restart: :permanent
Shutdown: 5000
Type: :worker
16:34:02.763 [info] Child XPExpert.ProjectSupervisor of Supervisor XPExpert.Supervisor started
Pid: #PID<0.161.0>
Start Call: DynamicSupervisor.start_link([name: XPExpert.ProjectSupervisor, strategy: :one_for_one])
Restart: :permanent
Shutdown: :infinity
Type: :supervisor
16:34:02.764 [info] Child XPExpert.DynamicSupervisor of Supervisor XPExpert.Supervisor started
Pid: #PID<0.162.0>
Start Call: DynamicSupervisor.start_link([name: XPExpert.DynamicSupervisor])
Restart: :permanent
Shutdown: :infinity
Type: :supervisor
16:34:02.765 [info] Child XPGenLSP.Assigns of Supervisor XPExpert.Supervisor started
Pid: #PID<0.163.0>
Start Call: XPGenLSP.Assigns.start_link([name: XPExpert.Assigns])
Restart: :permanent
Shutdown: 5000
Type: :worker
16:34:02.765 [info] Child :expert_task_queue of Supervisor XPExpert.Supervisor started
Pid: #PID<0.164.0>
Start Call: Task.Supervisor.start_link([name: :expert_task_queue])
Restart: :permanent
Shutdown: :infinity
Type: :supervisor
16:34:02.765 [info] Child XPGenLSP.Buffer of Supervisor XPExpert.Supervisor started
Pid: #PID<0.165.0>
Start Call: XPGenLSP.Buffer.start_link([name: XPExpert.Buffer])
Restart: :permanent
Shutdown: 5000
Type: :worker
16:34:02.765 [debug] [name: XPExpert, buffer: XPExpert.Buffer, task_supervisor: :expert_task_queue, dynamic_supervisor: XPExpert.DynamicSupervisor, assigns: XPExpert.Assigns]
16:34:02.767 [info] Child XPExpert of Supervisor XPExpert.Supervisor started
Pid: #PID<0.166.0>
Start Call: XPExpert.start_link([name: XPExpert, buffer: XPExpert.Buffer, task_supervisor: :expert_task_queue, dynamic_supervisor: XPExpert.DynamicSupervisor, assigns: XPExpert.Assigns])
Restart: :permanent
Shutdown: 500
Type: :worker
16:34:02.767 [info] Application xp_expert started at :nonode@nohost
16:34:02.789 [info] Starting project at uri file:///home/travis/Documents/Courses/Term%204/COMP%204959%20-%20Selected%20Applications%20of%20Programming%20Paradigms/Project/bloc_the_line
16:34:02.793 [info] Child {XPExpert.Project.Progress, "bloc_the_line"} of Supervisor :"bloc_the_line::supervisor" started
Pid: #PID<0.171.0>
Start Call: XPExpert.Project.Progress.start_link(%XPForge.Project{root_uri: "file:///home/travis/Documents/Courses/Term%204/COMP%204959%20-%20Selected%20Applications%20of%20Programming%20Paradigms/Project/bloc_the_line", mix_exs_uri: "file:///home/travis/Documents/Courses/Term%204/COMP%204959%20-%20Selected%20Applications%20of%20Programming%20Paradigms/Project/bloc_the_line/mix.exs", mix_project?: true, mix_env: nil, mix_target: nil, env_variables: %{}, project_module: nil, entropy: 50255})
Restart: :permanent
Shutdown: 5000
Type: :worker
16:34:02.794 [info] Child {XPExpert.EngineSupervisor, "bloc_the_line"} of Supervisor :"bloc_the_line::supervisor" started
Pid: #PID<0.172.0>
Start Call: XPExpert.EngineSupervisor.start_link(%XPForge.Project{root_uri: "file:///home/travis/Documents/Courses/Term%204/COMP%204959%20-%20Selected%20Applications%20of%20Programming%20Paradigms/Project/bloc_the_line", mix_exs_uri: "file:///home/travis/Documents/Courses/Term%204/COMP%204959%20-%20Selected%20Applications%20of%20Programming%20Paradigms/Project/bloc_the_line/mix.exs", mix_project?: true, mix_env: nil, mix_target: nil, env_variables: %{}, project_module: nil, entropy: 50255})
Restart: :permanent
Shutdown: 5000
Type: :worker
16:34:02.795 [debug] sent request server -> client window/workDoneProgress/create
16:34:02.798 [info] Child :erl_epmd of Supervisor :net_sup started
Pid: #PID<0.175.0>
Start Call: :erl_epmd.start_link()
Restart: :permanent
Shutdown: 2000
Type: :worker
16:34:02.798 [info] Child :auth of Supervisor :net_sup started
Pid: #PID<0.176.0>
Start Call: :auth.start_link()
Restart: :permanent
Shutdown: 2000
Type: :worker
16:34:02.799 [info] Child :net_kernel of Supervisor :net_sup started
Pid: #PID<0.177.0>
Start Call: :net_kernel.start_link(%{name: :"manager-bloc_the_line-50255@127.0.0.1", supervisor: :net_sup_dynamic, name_domain: :longnames, clean_halt: false})
Restart: :permanent
Shutdown: 2000
Type: :worker
16:34:02.800 [debug] Child :net_sup_dynamic of Supervisor :kernel_sup started
Pid: #PID<0.174.0>
Start Call: :erl_distribution.start_link(%{name: :"manager-bloc_the_line-50255@127.0.0.1", supervisor: :net_sup_dynamic, name_domain: :longnames, clean_halt: false})
Restart: :permanent
Shutdown: 1000
Type: :supervisor
16:34:02.804 [debug] sent notification server -> client window/logMessage
16:34:02.813 [debug] handled request client -> server initialize in 42ms
16:34:03.067 [debug] sent notification server -> client $/progress
16:34:03.073 [debug] sent request server -> client window/workDoneProgress/create
16:34:03.073 [debug] sent request server -> client client/registerCapability
16:34:03.077 [info] ################### opened file:///home/travis/Documents/Courses/Term%204/COMP%204959%20-%20Selected%20Applications%20of%20Programming%20Paradigms/Project/bloc_the_line/lib/bloc_the_line/game/piece.ex
16:34:03.077 [debug] handled notification client -> server textDocument/didOpen in 10ms
16:34:03.079 [debug] sent notification server -> client $/progress
16:34:03.080 [debug] handled notification client -> server initialized in 12ms
16:34:09.176 [info] Engine build available at: /home/travis/.local/share/Expert/0.1.0-e9d69dd/ex-1.19.0-erl-16.1/oXjpqx0JsWZ6Efwfy9pjfw/_build/dev_ns
16:34:09.201 [debug] sent notification server -> client $/progress
16:34:09.630 [debug] sent notification server -> client $/progress
16:34:09.630 [info] Child {XPExpert.Project.Node, "bloc_the_line"} of Supervisor :"bloc_the_line::supervisor" started
Pid: #PID<0.173.0>
Start Call: XPExpert.Project.Node.start_link(%XPForge.Project{root_uri: "file:///home/travis/Documents/Courses/Term%204/COMP%204959%20-%20Selected%20Applications%20of%20Programming%20Paradigms/Project/bloc_the_line", mix_exs_uri: "file:///home/travis/Documents/Courses/Term%204/COMP%204959%20-%20Selected%20Applications%20of%20Programming%20Paradigms/Project/bloc_the_line/mix.exs", mix_project?: true, mix_env: nil, mix_target: nil, env_variables: %{}, project_module: nil, entropy: 50255})
Restart: :permanent
Shutdown: 5000
Type: :worker
16:34:09.632 [info] Child {XPExpert.Project.Diagnostics, "bloc_the_line"} of Supervisor :"bloc_the_line::supervisor" started
Pid: #PID<0.187.0>
Start Call: XPExpert.Project.Diagnostics.start_link(%XPForge.Project{root_uri: "file:///home/travis/Documents/Courses/Term%204/COMP%204959%20-%20Selected%20Applications%20of%20Programming%20Paradigms/Project/bloc_the_line", mix_exs_uri: "file:///home/travis/Documents/Courses/Term%204/COMP%204959%20-%20Selected%20Applications%20of%20Programming%20Paradigms/Project/bloc_the_line/mix.exs", mix_project?: true, mix_env: nil, mix_target: nil, env_variables: %{}, project_module: nil, entropy: 50255})
Restart: :permanent
Shutdown: 5000
Type: :worker
16:34:09.632 [info] Child {XPExpert.Project.Intelligence, "bloc_the_line"} of Supervisor :"bloc_the_line::supervisor" started
Pid: #PID<0.188.0>
Start Call: XPExpert.Project.Intelligence.start_link(%XPForge.Project{root_uri: "file:///home/travis/Documents/Courses/Term%204/COMP%204959%20-%20Selected%20Applications%20of%20Programming%20Paradigms/Project/bloc_the_line", mix_exs_uri: "file:///home/travis/Documents/Courses/Term%204/COMP%204959%20-%20Selected%20Applications%20of%20Programming%20Paradigms/Project/bloc_the_line/mix.exs", mix_project?: true, mix_env: nil, mix_target: nil, env_variables: %{}, project_module: nil, entropy: 50255})
Restart: :permanent
Shutdown: 5000
Type: :worker
16:34:09.632 [info] Child XPExpert.Project.SearchListener of Supervisor :"bloc_the_line::supervisor" started
Pid: #PID<0.189.0>
Start Call: XPExpert.Project.SearchListener.start_link(%XPForge.Project{root_uri: "file:///home/travis/Documents/Courses/Term%204/COMP%204959%20-%20Selected%20Applications%20of%20Programming%20Paradigms/Project/bloc_the_line", mix_exs_uri: "file:///home/travis/Documents/Courses/Term%204/COMP%204959%20-%20Selected%20Applications%20of%20Programming%20Paradigms/Project/bloc_the_line/mix.exs", mix_project?: true, mix_env: nil, mix_target: nil, env_variables: %{}, project_module: nil, entropy: 50255})
Restart: :permanent
Shutdown: 5000
Type: :worker
16:34:09.633 [info] Engine initialized
16:34:09.707 [debug] sent request server -> client window/workDoneProgress/create
16:34:09.707 [debug] sent notification server -> client $/progress
16:34:09.953 [debug] sent notification server -> client $/progress
16:34:09.953 [debug] sent request server -> client window/workDoneProgress/create
16:34:09.954 [debug] sent notification server -> client $/progress
16:34:10.119 [debug] sent notification server -> client $/progress
16:34:10.119 [debug] sent request server -> client window/workDoneProgress/create
16:34:10.119 [debug] sent notification server -> client $/progress
16:34:10.465 [debug] sent notification server -> client $/progress
16:34:10.465 [debug] sent request server -> client window/workDoneProgress/create
16:34:10.466 [debug] sent notification server -> client $/progress
16:34:10.470 [debug] sent notification server -> client $/progress
16:34:10.471 [debug] sent request server -> client window/workDoneProgress/create
16:34:10.471 [debug] sent notification server -> client $/progress
16:34:10.473 [debug] sent notification server -> client $/progress
16:34:10.473 [debug] sent request server -> client window/workDoneProgress/create
16:34:10.473 [debug] sent notification server -> client $/progress
16:34:10.538 [debug] sent notification server -> client $/progress
16:34:10.540 [info] Compiled bloc_the_line in 854 ms
16:34:10.885 [debug] sent request server -> client window/workDoneProgress/create
16:34:10.885 [debug] sent notification server -> client $/progress
16:34:11.077 [debug] sent notification server -> client $/progress
16:34:11.156 [debug] sent notification server -> client $/progress
16:34:11.156 [debug] sent notification server -> client $/progress
16:34:21.950 [debug] sent notification server -> client window/logMessage
16:34:21.950 [info] Shutting down
16:34:21.954 [error] ** (XPGenLSP.InvalidResponse) Invalid response for request shutdown.

Response: {:ok, nil}
Errors: "expected either null or a %XPGenLSP.ErrorResponse{}"

16:34:21.954 [debug] handled request client -> server shutdown in 7ms
16:34:21.957 [info] SIGTERM received - shutting down

